pde,case,pod_modes,noise_draw,pathway,grid_action,representation_action,under_control,grid_expected_regret,true_best_action,grid_truth_disagreement,representation_truth_disagreement
burgers,0,2,0,inference_only,2,2,False,0.0,2,False,False
burgers,0,2,1,inference_only,2,2,False,0.0,2,False,False
burgers,0,2,2,inference_only,2,2,False,0.0,2,False,False
burgers,0,2,3,inference_only,2,2,False,0.0,2,False,False
burgers,0,2,4,inference_only,2,2,False,0.0,2,False,False
burgers,0,2,5,inference_only,2,2,False,0.0,2,False,False
burgers,0,2,6,inference_only,2,2,False,0.0,2,False,False
burgers,0,2,7,inference_only,2,2,False,0.0,2,False,False
burgers,0,2,8,inference_only,2,2,False,0.0,2,False,False
burgers,0,2,9,inference_only,2,2,False,0.0,2,False,False
burgers,0,2,10,inference_only,2,2,False,0.0,2,False,False
burgers,0,2,11,inference_only,2,2,False,0.0,2,False,False
burgers,0,2,12,inference_only,2,2,False,0.0,2,False,False
burgers,0,2,13,inference_only,2,2,False,0.0,2,False,False
burgers,0,2,14,inference_only,2,2,False,0.0,2,False,False
burgers,0,2,15,inference_only,2,2,False,0.0,2,False,False
burgers,0,2,16,inference_only,2,2,False,0.0,2,False,False
burgers,0,2,17,inference_only,2,2,False,0.0,2,False,False
burgers,0,2,18,inference_only,2,2,False,0.0,2,False,False
burgers,0,2,19,inference_only,2,2,False,0.0,2,False,False
burgers,0,2,20,inference_only,2,2,False,0.0,2,False,False
burgers,0,2,21,inference_only,2,2,False,0.0,2,False,False
burgers,0,2,22,inference_only,2,2,False,0.0,2,False,False
burgers,0,2,23,inference_only,2,2,False,0.0,2,False,False
burgers,0,2,24,inference_only,2,2,False,0.0,2,False,False
burgers,0,2,25,inference_only,2,2,False,0.0,2,False,False
burgers,0,2,26,inference_only,2,2,False,0.0,2,False,False
burgers,0,2,27,inference_only,2,2,False,0.0,2,False,False
burgers,0,2,28,inference_only,2,2,False,0.0,2,False,False
burgers,0,2,29,inference_only,2,2,False,0.0,2,False,False
burgers,0,2,0,response_only,2,0,True,3.6253252321536125,2,False,True
burgers,0,2,1,response_only,2,0,True,2.8106043868528863,2,False,True
burgers,0,2,2,response_only,2,0,True,3.513948928741146,2,False,True
burgers,0,2,3,response_only,2,0,True,3.2979967574019797,2,False,True
burgers,0,2,4,response_only,2,0,True,2.4612471735172763,2,False,True
burgers,0,2,5,response_only,2,0,True,3.285710238616345,2,False,True
burgers,0,2,6,response_only,2,0,True,3.4544136601689326,2,False,True
burgers,0,2,7,response_only,2,0,True,2.648111130691152,2,False,True
burgers,0,2,8,response_only,2,0,True,3.4373982800275558,2,False,True
burgers,0,2,9,response_only,2,0,True,3.679780048446725,2,False,True
burgers,0,2,10,response_only,2,0,True,2.6180246060063874,2,False,True
burgers,0,2,11,response_only,2,0,True,2.7656276077417035,2,False,True
burgers,0,2,12,response_only,2,0,True,2.5406632119371726,2,False,True
burgers,0,2,13,response_only,2,0,True,3.5675870765535618,2,False,True
burgers,0,2,14,response_only,2,0,True,3.553402819441819,2,False,True
burgers,0,2,15,response_only,2,0,True,3.6418146695046856,2,False,True
burgers,0,2,16,response_only,2,0,True,3.436570222521163,2,False,True
burgers,0,2,17,response_only,2,0,True,2.907522334249282,2,False,True
burgers,0,2,18,response_only,2,0,True,3.3320110458916545,2,False,True
burgers,0,2,19,response_only,2,0,True,3.8559215208376387,2,False,True
burgers,0,2,20,response_only,2,0,True,3.262821958477624,2,False,True
burgers,0,2,21,response_only,2,0,True,3.2687806032789077,2,False,True
burgers,0,2,22,response_only,2,0,True,3.355735371521457,2,False,True
burgers,0,2,23,response_only,2,0,True,3.1474390653024473,2,False,True
burgers,0,2,24,response_only,2,0,True,3.7298053834518847,2,False,True
burgers,0,2,25,response_only,2,0,True,3.4337113723267843,2,False,True
burgers,0,2,26,response_only,2,0,True,3.458285751830561,2,False,True
burgers,0,2,27,response_only,2,0,True,3.5556756872090984,2,False,True
burgers,0,2,28,response_only,2,0,True,3.0193568626868457,2,False,True
burgers,0,2,29,response_only,2,0,True,3.4123502993622252,2,False,True
burgers,0,2,0,combined,2,0,True,3.6253252321536125,2,False,True
burgers,0,2,1,combined,2,0,True,2.8106043868528863,2,False,True
burgers,0,2,2,combined,2,0,True,3.513948928741146,2,False,True
burgers,0,2,3,combined,2,0,True,3.2979967574019797,2,False,True
burgers,0,2,4,combined,2,0,True,2.4612471735172763,2,False,True
burgers,0,2,5,combined,2,0,True,3.285710238616345,2,False,True
burgers,0,2,6,combined,2,0,True,3.4544136601689326,2,False,True
burgers,0,2,7,combined,2,0,True,2.648111130691152,2,False,True
burgers,0,2,8,combined,2,0,True,3.4373982800275558,2,False,True
burgers,0,2,9,combined,2,0,True,3.679780048446725,2,False,True
burgers,0,2,10,combined,2,0,True,2.6180246060063874,2,False,True
burgers,0,2,11,combined,2,0,True,2.7656276077417035,2,False,True
burgers,0,2,12,combined,2,0,True,2.5406632119371726,2,False,True
burgers,0,2,13,combined,2,0,True,3.5675870765535618,2,False,True
burgers,0,2,14,combined,2,0,True,3.553402819441819,2,False,True
burgers,0,2,15,combined,2,0,True,3.6418146695046856,2,False,True
burgers,0,2,16,combined,2,0,True,3.436570222521163,2,False,True
burgers,0,2,17,combined,2,0,True,2.907522334249282,2,False,True
burgers,0,2,18,combined,2,0,True,3.3320110458916545,2,False,True
burgers,0,2,19,combined,2,0,True,3.8559215208376387,2,False,True
burgers,0,2,20,combined,2,0,True,3.262821958477624,2,False,True
burgers,0,2,21,combined,2,0,True,3.2687806032789077,2,False,True
burgers,0,2,22,combined,2,0,True,3.355735371521457,2,False,True
burgers,0,2,23,combined,2,0,True,3.1474390653024473,2,False,True
burgers,0,2,24,combined,2,0,True,3.7298053834518847,2,False,True
burgers,0,2,25,combined,2,0,True,3.4337113723267843,2,False,True
burgers,0,2,26,combined,2,0,True,3.458285751830561,2,False,True
burgers,0,2,27,combined,2,0,True,3.5556756872090984,2,False,True
burgers,0,2,28,combined,2,0,True,3.0193568626868457,2,False,True
burgers,0,2,29,combined,2,0,True,3.4123502993622252,2,False,True
burgers,0,4,0,inference_only,2,2,False,0.0,2,False,False
burgers,0,4,1,inference_only,2,2,False,0.0,2,False,False
burgers,0,4,2,inference_only,2,2,False,0.0,2,False,False
burgers,0,4,3,inference_only,2,2,False,0.0,2,False,False
burgers,0,4,4,inference_only,2,2,False,0.0,2,False,False
burgers,0,4,5,inference_only,2,2,False,0.0,2,False,False
burgers,0,4,6,inference_only,2,2,False,0.0,2,False,False
burgers,0,4,7,inference_only,2,2,False,0.0,2,False,False
burgers,0,4,8,inference_only,2,2,False,0.0,2,False,False
burgers,0,4,9,inference_only,2,2,False,0.0,2,False,False
burgers,0,4,10,inference_only,2,2,False,0.0,2,False,False
burgers,0,4,11,inference_only,2,2,False,0.0,2,False,False
burgers,0,4,12,inference_only,2,2,False,0.0,2,False,False
burgers,0,4,13,inference_only,2,2,False,0.0,2,False,False
burgers,0,4,14,inference_only,2,2,False,0.0,2,False,False
burgers,0,4,15,inference_only,2,2,False,0.0,2,False,False
burgers,0,4,16,inference_only,2,2,False,0.0,2,False,False
burgers,0,4,17,inference_only,2,2,False,0.0,2,False,False
burgers,0,4,18,inference_only,2,2,False,0.0,2,False,False
burgers,0,4,19,inference_only,2,2,False,0.0,2,False,False
burgers,0,4,20,inference_only,2,2,False,0.0,2,False,False
burgers,0,4,21,inference_only,2,2,False,0.0,2,False,False
burgers,0,4,22,inference_only,2,2,False,0.0,2,False,False
burgers,0,4,23,inference_only,2,2,False,0.0,2,False,False
burgers,0,4,24,inference_only,2,2,False,0.0,2,False,False
burgers,0,4,25,inference_only,2,2,False,0.0,2,False,False
burgers,0,4,26,inference_only,2,2,False,0.0,2,False,False
burgers,0,4,27,inference_only,2,2,False,0.0,2,False,False
burgers,0,4,28,inference_only,2,2,False,0.0,2,False,False
burgers,0,4,29,inference_only,2,2,False,0.0,2,False,False
burgers,0,4,0,response_only,2,0,True,3.6253252321536125,2,False,True
burgers,0,4,1,response_only,2,0,True,2.8106043868528863,2,False,True
burgers,0,4,2,response_only,2,0,True,3.513948928741146,2,False,True
burgers,0,4,3,response_only,2,0,True,3.2979967574019797,2,False,True
burgers,0,4,4,response_only,2,0,True,2.4612471735172763,2,False,True
burgers,0,4,5,response_only,2,0,True,3.285710238616345,2,False,True
burgers,0,4,6,response_only,2,0,True,3.4544136601689326,2,False,True
burgers,0,4,7,response_only,2,0,True,2.648111130691152,2,False,True
burgers,0,4,8,response_only,2,0,True,3.4373982800275558,2,False,True
burgers,0,4,9,response_only,2,0,True,3.679780048446725,2,False,True
burgers,0,4,10,response_only,2,0,True,2.6180246060063874,2,False,True
burgers,0,4,11,response_only,2,0,True,2.7656276077417035,2,False,True
burgers,0,4,12,response_only,2,0,True,2.5406632119371726,2,False,True
burgers,0,4,13,response_only,2,0,True,3.5675870765535618,2,False,True
burgers,0,4,14,response_only,2,0,True,3.553402819441819,2,False,True
burgers,0,4,15,response_only,2,0,True,3.6418146695046856,2,False,True
burgers,0,4,16,response_only,2,0,True,3.436570222521163,2,False,True
burgers,0,4,17,response_only,2,0,True,2.907522334249282,2,False,True
burgers,0,4,18,response_only,2,0,True,3.3320110458916545,2,False,True
burgers,0,4,19,response_only,2,0,True,3.8559215208376387,2,False,True
burgers,0,4,20,response_only,2,0,True,3.262821958477624,2,False,True
burgers,0,4,21,response_only,2,0,True,3.2687806032789077,2,False,True
burgers,0,4,22,response_only,2,0,True,3.355735371521457,2,False,True
burgers,0,4,23,response_only,2,0,True,3.1474390653024473,2,False,True
burgers,0,4,24,response_only,2,0,True,3.7298053834518847,2,False,True
burgers,0,4,25,response_only,2,0,True,3.4337113723267843,2,False,True
burgers,0,4,26,response_only,2,0,True,3.458285751830561,2,False,True
burgers,0,4,27,response_only,2,0,True,3.5556756872090984,2,False,True
burgers,0,4,28,response_only,2,0,True,3.0193568626868457,2,False,True
burgers,0,4,29,response_only,2,0,True,3.4123502993622252,2,False,True
burgers,0,4,0,combined,2,0,True,3.6253252321536125,2,False,True
burgers,0,4,1,combined,2,0,True,2.8106043868528863,2,False,True
burgers,0,4,2,combined,2,0,True,3.513948928741146,2,False,True
burgers,0,4,3,combined,2,0,True,3.2979967574019797,2,False,True
burgers,0,4,4,combined,2,0,True,2.4612471735172763,2,False,True
burgers,0,4,5,combined,2,0,True,3.285710238616345,2,False,True
burgers,0,4,6,combined,2,0,True,3.4544136601689326,2,False,True
burgers,0,4,7,combined,2,0,True,2.648111130691152,2,False,True
burgers,0,4,8,combined,2,0,True,3.4373982800275558,2,False,True
burgers,0,4,9,combined,2,0,True,3.679780048446725,2,False,True
burgers,0,4,10,combined,2,0,True,2.6180246060063874,2,False,True
burgers,0,4,11,combined,2,0,True,2.7656276077417035,2,False,True
burgers,0,4,12,combined,2,0,True,2.5406632119371726,2,False,True
burgers,0,4,13,combined,2,0,True,3.5675870765535618,2,False,True
burgers,0,4,14,combined,2,0,True,3.553402819441819,2,False,True
burgers,0,4,15,combined,2,0,True,3.6418146695046856,2,False,True
burgers,0,4,16,combined,2,0,True,3.436570222521163,2,False,True
burgers,0,4,17,combined,2,0,True,2.907522334249282,2,False,True
burgers,0,4,18,combined,2,0,True,3.3320110458916545,2,False,True
burgers,0,4,19,combined,2,0,True,3.8559215208376387,2,False,True
burgers,0,4,20,combined,2,0,True,3.262821958477624,2,False,True
burgers,0,4,21,combined,2,0,True,3.2687806032789077,2,False,True
burgers,0,4,22,combined,2,0,True,3.355735371521457,2,False,True
burgers,0,4,23,combined,2,0,True,3.1474390653024473,2,False,True
burgers,0,4,24,combined,2,0,True,3.7298053834518847,2,False,True
burgers,0,4,25,combined,2,0,True,3.4337113723267843,2,False,True
burgers,0,4,26,combined,2,0,True,3.458285751830561,2,False,True
burgers,0,4,27,combined,2,0,True,3.5556756872090984,2,False,True
burgers,0,4,28,combined,2,0,True,3.0193568626868457,2,False,True
burgers,0,4,29,combined,2,0,True,3.4123502993622252,2,False,True
burgers,0,8,0,inference_only,2,2,False,0.0,2,False,False
burgers,0,8,1,inference_only,2,2,False,0.0,2,False,False
burgers,0,8,2,inference_only,2,2,False,0.0,2,False,False
burgers,0,8,3,inference_only,2,2,False,0.0,2,False,False
burgers,0,8,4,inference_only,2,2,False,0.0,2,False,False
burgers,0,8,5,inference_only,2,2,False,0.0,2,False,False
burgers,0,8,6,inference_only,2,2,False,0.0,2,False,False
burgers,0,8,7,inference_only,2,2,False,0.0,2,False,False
burgers,0,8,8,inference_only,2,2,False,0.0,2,False,False
burgers,0,8,9,inference_only,2,2,False,0.0,2,False,False
burgers,0,8,10,inference_only,2,2,False,0.0,2,False,False
burgers,0,8,11,inference_only,2,2,False,0.0,2,False,False
burgers,0,8,12,inference_only,2,2,False,0.0,2,False,False
burgers,0,8,13,inference_only,2,2,False,0.0,2,False,False
burgers,0,8,14,inference_only,2,2,False,0.0,2,False,False
burgers,0,8,15,inference_only,2,2,False,0.0,2,False,False
burgers,0,8,16,inference_only,2,2,False,0.0,2,False,False
burgers,0,8,17,inference_only,2,2,False,0.0,2,False,False
burgers,0,8,18,inference_only,2,2,False,0.0,2,False,False
burgers,0,8,19,inference_only,2,2,False,0.0,2,False,False
burgers,0,8,20,inference_only,2,2,False,0.0,2,False,False
burgers,0,8,21,inference_only,2,2,False,0.0,2,False,False
burgers,0,8,22,inference_only,2,2,False,0.0,2,False,False
burgers,0,8,23,inference_only,2,2,False,0.0,2,False,False
burgers,0,8,24,inference_only,2,2,False,0.0,2,False,False
burgers,0,8,25,inference_only,2,2,False,0.0,2,False,False
burgers,0,8,26,inference_only,2,2,False,0.0,2,False,False
burgers,0,8,27,inference_only,2,2,False,0.0,2,False,False
burgers,0,8,28,inference_only,2,2,False,0.0,2,False,False
burgers,0,8,29,inference_only,2,2,False,0.0,2,False,False
burgers,0,8,0,response_only,2,1,True,1.174851461854304,2,False,True
burgers,0,8,1,response_only,2,1,True,0.8695595613710092,2,False,True
burgers,0,8,2,response_only,2,1,True,1.1330982940091447,2,False,True
burgers,0,8,3,response_only,2,1,True,1.052157283533293,2,False,True
burgers,0,8,4,response_only,2,1,True,0.7387725682529824,2,False,True
burgers,0,8,5,response_only,2,1,True,1.047552084095498,2,False,True
burgers,0,8,6,response_only,2,1,True,1.1107825871576276,2,False,True
burgers,0,8,7,response_only,2,1,True,0.8087161384689785,2,False,True
burgers,0,8,8,response_only,2,1,True,1.104404118829263,2,False,True
burgers,0,8,9,response_only,2,1,True,1.1952668222056597,2,False,True
burgers,0,8,10,response_only,2,1,True,0.7974526043868397,2,False,True
burgers,0,8,11,response_only,2,1,True,0.852717592693601,2,False,True
burgers,0,8,12,response_only,2,1,True,0.7684946877014869,2,False,True
burgers,0,8,13,response_only,2,1,True,1.1532058583621607,2,False,True
burgers,0,8,14,response_only,2,1,True,1.1478884937726686,2,False,True
burgers,0,8,15,response_only,2,1,True,1.181033199499207,2,False,True
burgers,0,8,16,response_only,2,1,True,1.1040937438886205,2,False,True
burgers,0,8,17,response_only,2,1,True,0.9058579857512575,2,False,True
burgers,0,8,18,response_only,2,1,True,1.064904642892488,2,False,True
burgers,0,8,19,response_only,2,1,True,1.2613112727383695,2,False,True
burgers,0,8,20,response_only,2,1,True,1.03897522811836,2,False,True
burgers,0,8,21,response_only,2,1,True,1.0412081613355535,2,False,True
burgers,0,8,22,response_only,2,1,True,1.0737963688102703,2,False,True
burgers,0,8,23,response_only,2,1,True,0.9957383608107531,2,False,True
burgers,0,8,24,response_only,2,1,True,1.214022860041486,2,False,True
burgers,0,8,25,response_only,2,1,True,1.1030224460508014,2,False,True
burgers,0,8,26,response_only,2,1,True,1.1122333663012511,2,False,True
burgers,0,8,27,response_only,2,1,True,1.1487407311084215,2,False,True
burgers,0,8,28,response_only,2,1,True,0.9477514877213604,2,False,True
burgers,0,8,29,response_only,2,1,True,1.095015390998386,2,False,True
burgers,0,8,0,combined,2,1,True,1.174851461854304,2,False,True
burgers,0,8,1,combined,2,1,True,0.8695595613710092,2,False,True
burgers,0,8,2,combined,2,1,True,1.1330982940091447,2,False,True
burgers,0,8,3,combined,2,1,True,1.052157283533293,2,False,True
burgers,0,8,4,combined,2,1,True,0.7387725682529824,2,False,True
burgers,0,8,5,combined,2,1,True,1.047552084095498,2,False,True
burgers,0,8,6,combined,2,1,True,1.1107825871576276,2,False,True
burgers,0,8,7,combined,2,1,True,0.8087161384689785,2,False,True
burgers,0,8,8,combined,2,1,True,1.104404118829263,2,False,True
burgers,0,8,9,combined,2,1,True,1.1952668222056597,2,False,True
burgers,0,8,10,combined,2,1,True,0.7974526043868397,2,False,True
burgers,0,8,11,combined,2,1,True,0.852717592693601,2,False,True
burgers,0,8,12,combined,2,1,True,0.7684946877014869,2,False,True
burgers,0,8,13,combined,2,1,True,1.1532058583621607,2,False,True
burgers,0,8,14,combined,2,1,True,1.1478884937726686,2,False,True
burgers,0,8,15,combined,2,1,True,1.181033199499207,2,False,True
burgers,0,8,16,combined,2,1,True,1.1040937438886205,2,False,True
burgers,0,8,17,combined,2,1,True,0.9058579857512575,2,False,True
burgers,0,8,18,combined,2,1,True,1.064904642892488,2,False,True
burgers,0,8,19,combined,2,1,True,1.2613112727383695,2,False,True
burgers,0,8,20,combined,2,1,True,1.03897522811836,2,False,True
burgers,0,8,21,combined,2,1,True,1.0412081613355535,2,False,True
burgers,0,8,22,combined,2,1,True,1.0737963688102703,2,False,True
burgers,0,8,23,combined,2,1,True,0.9957383608107531,2,False,True
burgers,0,8,24,combined,2,1,True,1.214022860041486,2,False,True
burgers,0,8,25,combined,2,1,True,1.1030224460508014,2,False,True
burgers,0,8,26,combined,2,1,True,1.1122333663012511,2,False,True
burgers,0,8,27,combined,2,1,True,1.1487407311084215,2,False,True
burgers,0,8,28,combined,2,1,True,0.9477514877213604,2,False,True
burgers,0,8,29,combined,2,1,True,1.095015390998386,2,False,True
burgers,0,16,0,inference_only,2,2,False,0.0,2,False,False
burgers,0,16,1,inference_only,2,2,False,0.0,2,False,False
burgers,0,16,2,inference_only,2,2,False,0.0,2,False,False
burgers,0,16,3,inference_only,2,2,False,0.0,2,False,False
burgers,0,16,4,inference_only,2,2,False,0.0,2,False,False
burgers,0,16,5,inference_only,2,2,False,0.0,2,False,False
burgers,0,16,6,inference_only,2,2,False,0.0,2,False,False
burgers,0,16,7,inference_only,2,2,False,0.0,2,False,False
burgers,0,16,8,inference_only,2,2,False,0.0,2,False,False
burgers,0,16,9,inference_only,2,2,False,0.0,2,False,False
burgers,0,16,10,inference_only,2,2,False,0.0,2,False,False
burgers,0,16,11,inference_only,2,2,False,0.0,2,False,False
burgers,0,16,12,inference_only,2,2,False,0.0,2,False,False
burgers,0,16,13,inference_only,2,2,False,0.0,2,False,False
burgers,0,16,14,inference_only,2,2,False,0.0,2,False,False
burgers,0,16,15,inference_only,2,2,False,0.0,2,False,False
burgers,0,16,16,inference_only,2,2,False,0.0,2,False,False
burgers,0,16,17,inference_only,2,2,False,0.0,2,False,False
burgers,0,16,18,inference_only,2,2,False,0.0,2,False,False
burgers,0,16,19,inference_only,2,2,False,0.0,2,False,False
burgers,0,16,20,inference_only,2,2,False,0.0,2,False,False
burgers,0,16,21,inference_only,2,2,False,0.0,2,False,False
burgers,0,16,22,inference_only,2,2,False,0.0,2,False,False
burgers,0,16,23,inference_only,2,2,False,0.0,2,False,False
burgers,0,16,24,inference_only,2,2,False,0.0,2,False,False
burgers,0,16,25,inference_only,2,2,False,0.0,2,False,False
burgers,0,16,26,inference_only,2,2,False,0.0,2,False,False
burgers,0,16,27,inference_only,2,2,False,0.0,2,False,False
burgers,0,16,28,inference_only,2,2,False,0.0,2,False,False
burgers,0,16,29,inference_only,2,2,False,0.0,2,False,False
burgers,0,16,0,response_only,2,2,False,0.0,2,False,False
burgers,0,16,1,response_only,2,2,False,0.0,2,False,False
burgers,0,16,2,response_only,2,2,False,0.0,2,False,False
burgers,0,16,3,response_only,2,2,False,0.0,2,False,False
burgers,0,16,4,response_only,2,2,False,0.0,2,False,False
burgers,0,16,5,response_only,2,2,False,0.0,2,False,False
burgers,0,16,6,response_only,2,2,False,0.0,2,False,False
burgers,0,16,7,response_only,2,2,False,0.0,2,False,False
burgers,0,16,8,response_only,2,2,False,0.0,2,False,False
burgers,0,16,9,response_only,2,2,False,0.0,2,False,False
burgers,0,16,10,response_only,2,2,False,0.0,2,False,False
burgers,0,16,11,response_only,2,2,False,0.0,2,False,False
burgers,0,16,12,response_only,2,2,False,0.0,2,False,False
burgers,0,16,13,response_only,2,2,False,0.0,2,False,False
burgers,0,16,14,response_only,2,2,False,0.0,2,False,False
burgers,0,16,15,response_only,2,2,False,0.0,2,False,False
burgers,0,16,16,response_only,2,2,False,0.0,2,False,False
burgers,0,16,17,response_only,2,2,False,0.0,2,False,False
burgers,0,16,18,response_only,2,2,False,0.0,2,False,False
burgers,0,16,19,response_only,2,2,False,0.0,2,False,False
burgers,0,16,20,response_only,2,2,False,0.0,2,False,False
burgers,0,16,21,response_only,2,2,False,0.0,2,False,False
burgers,0,16,22,response_only,2,2,False,0.0,2,False,False
burgers,0,16,23,response_only,2,2,False,0.0,2,False,False
burgers,0,16,24,response_only,2,2,False,0.0,2,False,False
burgers,0,16,25,response_only,2,2,False,0.0,2,False,False
burgers,0,16,26,response_only,2,2,False,0.0,2,False,False
burgers,0,16,27,response_only,2,2,False,0.0,2,False,False
burgers,0,16,28,response_only,2,2,False,0.0,2,False,False
burgers,0,16,29,response_only,2,2,False,0.0,2,False,False
burgers,0,16,0,combined,2,2,False,0.0,2,False,False
burgers,0,16,1,combined,2,2,False,0.0,2,False,False
burgers,0,16,2,combined,2,2,False,0.0,2,False,False
burgers,0,16,3,combined,2,2,False,0.0,2,False,False
burgers,0,16,4,combined,2,2,False,0.0,2,False,False
burgers,0,16,5,combined,2,2,False,0.0,2,False,False
burgers,0,16,6,combined,2,2,False,0.0,2,False,False
burgers,0,16,7,combined,2,2,False,0.0,2,False,False
burgers,0,16,8,combined,2,2,False,0.0,2,False,False
burgers,0,16,9,combined,2,2,False,0.0,2,False,False
burgers,0,16,10,combined,2,2,False,0.0,2,False,False
burgers,0,16,11,combined,2,2,False,0.0,2,False,False
burgers,0,16,12,combined,2,2,False,0.0,2,False,False
burgers,0,16,13,combined,2,2,False,0.0,2,False,False
burgers,0,16,14,combined,2,2,False,0.0,2,False,False
burgers,0,16,15,combined,2,2,False,0.0,2,False,False
burgers,0,16,16,combined,2,2,False,0.0,2,False,False
burgers,0,16,17,combined,2,2,False,0.0,2,False,False
burgers,0,16,18,combined,2,2,False,0.0,2,False,False
burgers,0,16,19,combined,2,2,False,0.0,2,False,False
burgers,0,16,20,combined,2,2,False,0.0,2,False,False
burgers,0,16,21,combined,2,2,False,0.0,2,False,False
burgers,0,16,22,combined,2,2,False,0.0,2,False,False
burgers,0,16,23,combined,2,2,False,0.0,2,False,False
burgers,0,16,24,combined,2,2,False,0.0,2,False,False
burgers,0,16,25,combined,2,2,False,0.0,2,False,False
burgers,0,16,26,combined,2,2,False,0.0,2,False,False
burgers,0,16,27,combined,2,2,False,0.0,2,False,False
burgers,0,16,28,combined,2,2,False,0.0,2,False,False
burgers,0,16,29,combined,2,2,False,0.0,2,False,False
burgers,0,32,0,inference_only,2,2,False,0.0,2,False,False
burgers,0,32,1,inference_only,2,2,False,0.0,2,False,False
burgers,0,32,2,inference_only,2,2,False,0.0,2,False,False
burgers,0,32,3,inference_only,2,2,False,0.0,2,False,False
burgers,0,32,4,inference_only,2,2,False,0.0,2,False,False
burgers,0,32,5,inference_only,2,2,False,0.0,2,False,False
burgers,0,32,6,inference_only,2,2,False,0.0,2,False,False
burgers,0,32,7,inference_only,2,2,False,0.0,2,False,False
burgers,0,32,8,inference_only,2,2,False,0.0,2,False,False
burgers,0,32,9,inference_only,2,2,False,0.0,2,False,False
burgers,0,32,10,inference_only,2,2,False,0.0,2,False,False
burgers,0,32,11,inference_only,2,2,False,0.0,2,False,False
burgers,0,32,12,inference_only,2,2,False,0.0,2,False,False
burgers,0,32,13,inference_only,2,2,False,0.0,2,False,False
burgers,0,32,14,inference_only,2,2,False,0.0,2,False,False
burgers,0,32,15,inference_only,2,2,False,0.0,2,False,False
burgers,0,32,16,inference_only,2,2,False,0.0,2,False,False
burgers,0,32,17,inference_only,2,2,False,0.0,2,False,False
burgers,0,32,18,inference_only,2,2,False,0.0,2,False,False
burgers,0,32,19,inference_only,2,2,False,0.0,2,False,False
burgers,0,32,20,inference_only,2,2,False,0.0,2,False,False
burgers,0,32,21,inference_only,2,2,False,0.0,2,False,False
burgers,0,32,22,inference_only,2,2,False,0.0,2,False,False
burgers,0,32,23,inference_only,2,2,False,0.0,2,False,False
burgers,0,32,24,inference_only,2,2,False,0.0,2,False,False
burgers,0,32,25,inference_only,2,2,False,0.0,2,False,False
burgers,0,32,26,inference_only,2,2,False,0.0,2,False,False
burgers,0,32,27,inference_only,2,2,False,0.0,2,False,False
burgers,0,32,28,inference_only,2,2,False,0.0,2,False,False
burgers,0,32,29,inference_only,2,2,False,0.0,2,False,False
burgers,0,32,0,response_only,2,2,False,0.0,2,False,False
burgers,0,32,1,response_only,2,2,False,0.0,2,False,False
burgers,0,32,2,response_only,2,2,False,0.0,2,False,False
burgers,0,32,3,response_only,2,2,False,0.0,2,False,False
burgers,0,32,4,response_only,2,2,False,0.0,2,False,False
burgers,0,32,5,response_only,2,2,False,0.0,2,False,False
burgers,0,32,6,response_only,2,2,False,0.0,2,False,False
burgers,0,32,7,response_only,2,2,False,0.0,2,False,False
burgers,0,32,8,response_only,2,2,False,0.0,2,False,False
burgers,0,32,9,response_only,2,2,False,0.0,2,False,False
burgers,0,32,10,response_only,2,2,False,0.0,2,False,False
burgers,0,32,11,response_only,2,2,False,0.0,2,False,False
burgers,0,32,12,response_only,2,2,False,0.0,2,False,False
burgers,0,32,13,response_only,2,2,False,0.0,2,False,False
burgers,0,32,14,response_only,2,2,False,0.0,2,False,False
burgers,0,32,15,response_only,2,2,False,0.0,2,False,False
burgers,0,32,16,response_only,2,2,False,0.0,2,False,False
burgers,0,32,17,response_only,2,2,False,0.0,2,False,False
burgers,0,32,18,response_only,2,2,False,0.0,2,False,False
burgers,0,32,19,response_only,2,2,False,0.0,2,False,False
burgers,0,32,20,response_only,2,2,False,0.0,2,False,False
burgers,0,32,21,response_only,2,2,False,0.0,2,False,False
burgers,0,32,22,response_only,2,2,False,0.0,2,False,False
burgers,0,32,23,response_only,2,2,False,0.0,2,False,False
burgers,0,32,24,response_only,2,2,False,0.0,2,False,False
burgers,0,32,25,response_only,2,2,False,0.0,2,False,False
burgers,0,32,26,response_only,2,2,False,0.0,2,False,False
burgers,0,32,27,response_only,2,2,False,0.0,2,False,False
burgers,0,32,28,response_only,2,2,False,0.0,2,False,False
burgers,0,32,29,response_only,2,2,False,0.0,2,False,False
burgers,0,32,0,combined,2,2,False,0.0,2,False,False
burgers,0,32,1,combined,2,2,False,0.0,2,False,False
burgers,0,32,2,combined,2,2,False,0.0,2,False,False
burgers,0,32,3,combined,2,2,False,0.0,2,False,False
burgers,0,32,4,combined,2,2,False,0.0,2,False,False
burgers,0,32,5,combined,2,2,False,0.0,2,False,False
burgers,0,32,6,combined,2,2,False,0.0,2,False,False
burgers,0,32,7,combined,2,2,False,0.0,2,False,False
burgers,0,32,8,combined,2,2,False,0.0,2,False,False
burgers,0,32,9,combined,2,2,False,0.0,2,False,False
burgers,0,32,10,combined,2,2,False,0.0,2,False,False
burgers,0,32,11,combined,2,2,False,0.0,2,False,False
burgers,0,32,12,combined,2,2,False,0.0,2,False,False
burgers,0,32,13,combined,2,2,False,0.0,2,False,False
burgers,0,32,14,combined,2,2,False,0.0,2,False,False
burgers,0,32,15,combined,2,2,False,0.0,2,False,False
burgers,0,32,16,combined,2,2,False,0.0,2,False,False
burgers,0,32,17,combined,2,2,False,0.0,2,False,False
burgers,0,32,18,combined,2,2,False,0.0,2,False,False
burgers,0,32,19,combined,2,2,False,0.0,2,False,False
burgers,0,32,20,combined,2,2,False,0.0,2,False,False
burgers,0,32,21,combined,2,2,False,0.0,2,False,False
burgers,0,32,22,combined,2,2,False,0.0,2,False,False
burgers,0,32,23,combined,2,2,False,0.0,2,False,False
burgers,0,32,24,combined,2,2,False,0.0,2,False,False
burgers,0,32,25,combined,2,2,False,0.0,2,False,False
burgers,0,32,26,combined,2,2,False,0.0,2,False,False
burgers,0,32,27,combined,2,2,False,0.0,2,False,False
burgers,0,32,28,combined,2,2,False,0.0,2,False,False
burgers,0,32,29,combined,2,2,False,0.0,2,False,False
burgers,0,64,0,inference_only,2,2,False,0.0,2,False,False
burgers,0,64,1,inference_only,2,2,False,0.0,2,False,False
burgers,0,64,2,inference_only,2,2,False,0.0,2,False,False
burgers,0,64,3,inference_only,2,2,False,0.0,2,False,False
burgers,0,64,4,inference_only,2,2,False,0.0,2,False,False
burgers,0,64,5,inference_only,2,2,False,0.0,2,False,False
burgers,0,64,6,inference_only,2,2,False,0.0,2,False,False
burgers,0,64,7,inference_only,2,2,False,0.0,2,False,False
burgers,0,64,8,inference_only,2,2,False,0.0,2,False,False
burgers,0,64,9,inference_only,2,2,False,0.0,2,False,False
burgers,0,64,10,inference_only,2,2,False,0.0,2,False,False
burgers,0,64,11,inference_only,2,2,False,0.0,2,False,False
burgers,0,64,12,inference_only,2,2,False,0.0,2,False,False
burgers,0,64,13,inference_only,2,2,False,0.0,2,False,False
burgers,0,64,14,inference_only,2,2,False,0.0,2,False,False
burgers,0,64,15,inference_only,2,2,False,0.0,2,False,False
burgers,0,64,16,inference_only,2,2,False,0.0,2,False,False
burgers,0,64,17,inference_only,2,2,False,0.0,2,False,False
burgers,0,64,18,inference_only,2,2,False,0.0,2,False,False
burgers,0,64,19,inference_only,2,2,False,0.0,2,False,False
burgers,0,64,20,inference_only,2,2,False,0.0,2,False,False
burgers,0,64,21,inference_only,2,2,False,0.0,2,False,False
burgers,0,64,22,inference_only,2,2,False,0.0,2,False,False
burgers,0,64,23,inference_only,2,2,False,0.0,2,False,False
burgers,0,64,24,inference_only,2,2,False,0.0,2,False,False
burgers,0,64,25,inference_only,2,2,False,0.0,2,False,False
burgers,0,64,26,inference_only,2,2,False,0.0,2,False,False
burgers,0,64,27,inference_only,2,2,False,0.0,2,False,False
burgers,0,64,28,inference_only,2,2,False,0.0,2,False,False
burgers,0,64,29,inference_only,2,2,False,0.0,2,False,False
burgers,0,64,0,response_only,2,2,False,0.0,2,False,False
burgers,0,64,1,response_only,2,2,False,0.0,2,False,False
burgers,0,64,2,response_only,2,2,False,0.0,2,False,False
burgers,0,64,3,response_only,2,2,False,0.0,2,False,False
burgers,0,64,4,response_only,2,2,False,0.0,2,False,False
burgers,0,64,5,response_only,2,2,False,0.0,2,False,False
burgers,0,64,6,response_only,2,2,False,0.0,2,False,False
burgers,0,64,7,response_only,2,2,False,0.0,2,False,False
burgers,0,64,8,response_only,2,2,False,0.0,2,False,False
burgers,0,64,9,response_only,2,2,False,0.0,2,False,False
burgers,0,64,10,response_only,2,2,False,0.0,2,False,False
burgers,0,64,11,response_only,2,2,False,0.0,2,False,False
burgers,0,64,12,response_only,2,2,False,0.0,2,False,False
burgers,0,64,13,response_only,2,2,False,0.0,2,False,False
burgers,0,64,14,response_only,2,2,False,0.0,2,False,False
burgers,0,64,15,response_only,2,2,False,0.0,2,False,False
burgers,0,64,16,response_only,2,2,False,0.0,2,False,False
burgers,0,64,17,response_only,2,2,False,0.0,2,False,False
burgers,0,64,18,response_only,2,2,False,0.0,2,False,False
burgers,0,64,19,response_only,2,2,False,0.0,2,False,False
burgers,0,64,20,response_only,2,2,False,0.0,2,False,False
burgers,0,64,21,response_only,2,2,False,0.0,2,False,False
burgers,0,64,22,response_only,2,2,False,0.0,2,False,False
burgers,0,64,23,response_only,2,2,False,0.0,2,False,False
burgers,0,64,24,response_only,2,2,False,0.0,2,False,False
burgers,0,64,25,response_only,2,2,False,0.0,2,False,False
burgers,0,64,26,response_only,2,2,False,0.0,2,False,False
burgers,0,64,27,response_only,2,2,False,0.0,2,False,False
burgers,0,64,28,response_only,2,2,False,0.0,2,False,False
burgers,0,64,29,response_only,2,2,False,0.0,2,False,False
burgers,0,64,0,combined,2,2,False,0.0,2,False,False
burgers,0,64,1,combined,2,2,False,0.0,2,False,False
burgers,0,64,2,combined,2,2,False,0.0,2,False,False
burgers,0,64,3,combined,2,2,False,0.0,2,False,False
burgers,0,64,4,combined,2,2,False,0.0,2,False,False
burgers,0,64,5,combined,2,2,False,0.0,2,False,False
burgers,0,64,6,combined,2,2,False,0.0,2,False,False
burgers,0,64,7,combined,2,2,False,0.0,2,False,False
burgers,0,64,8,combined,2,2,False,0.0,2,False,False
burgers,0,64,9,combined,2,2,False,0.0,2,False,False
burgers,0,64,10,combined,2,2,False,0.0,2,False,False
burgers,0,64,11,combined,2,2,False,0.0,2,False,False
burgers,0,64,12,combined,2,2,False,0.0,2,False,False
burgers,0,64,13,combined,2,2,False,0.0,2,False,False
burgers,0,64,14,combined,2,2,False,0.0,2,False,False
burgers,0,64,15,combined,2,2,False,0.0,2,False,False
burgers,0,64,16,combined,2,2,False,0.0,2,False,False
burgers,0,64,17,combined,2,2,False,0.0,2,False,False
burgers,0,64,18,combined,2,2,False,0.0,2,False,False
burgers,0,64,19,combined,2,2,False,0.0,2,False,False
burgers,0,64,20,combined,2,2,False,0.0,2,False,False
burgers,0,64,21,combined,2,2,False,0.0,2,False,False
burgers,0,64,22,combined,2,2,False,0.0,2,False,False
burgers,0,64,23,combined,2,2,False,0.0,2,False,False
burgers,0,64,24,combined,2,2,False,0.0,2,False,False
burgers,0,64,25,combined,2,2,False,0.0,2,False,False
burgers,0,64,26,combined,2,2,False,0.0,2,False,False
burgers,0,64,27,combined,2,2,False,0.0,2,False,False
burgers,0,64,28,combined,2,2,False,0.0,2,False,False
burgers,0,64,29,combined,2,2,False,0.0,2,False,False
burgers,1,2,0,inference_only,1,1,False,0.0,1,False,False
burgers,1,2,1,inference_only,1,1,False,0.0,1,False,False
burgers,1,2,2,inference_only,1,1,False,0.0,1,False,False
burgers,1,2,3,inference_only,1,1,False,0.0,1,False,False
burgers,1,2,4,inference_only,1,1,False,0.0,1,False,False
burgers,1,2,5,inference_only,1,1,False,0.0,1,False,False
burgers,1,2,6,inference_only,1,1,False,0.0,1,False,False
burgers,1,2,7,inference_only,1,1,False,0.0,1,False,False
burgers,1,2,8,inference_only,1,1,False,0.0,1,False,False
burgers,1,2,9,inference_only,1,1,False,0.0,1,False,False
burgers,1,2,10,inference_only,1,1,False,0.0,1,False,False
burgers,1,2,11,inference_only,1,1,False,0.0,1,False,False
burgers,1,2,12,inference_only,1,1,False,0.0,1,False,False
burgers,1,2,13,inference_only,1,1,False,0.0,1,False,False
burgers,1,2,14,inference_only,1,1,False,0.0,1,False,False
burgers,1,2,15,inference_only,1,1,False,0.0,1,False,False
burgers,1,2,16,inference_only,1,1,False,0.0,1,False,False
burgers,1,2,17,inference_only,1,1,False,0.0,1,False,False
burgers,1,2,18,inference_only,1,1,False,0.0,1,False,False
burgers,1,2,19,inference_only,1,1,False,0.0,1,False,False
burgers,1,2,20,inference_only,1,1,False,0.0,1,False,False
burgers,1,2,21,inference_only,1,1,False,0.0,1,False,False
burgers,1,2,22,inference_only,1,1,False,0.0,1,False,False
burgers,1,2,23,inference_only,1,1,False,0.0,1,False,False
burgers,1,2,24,inference_only,1,1,False,0.0,1,False,False
burgers,1,2,25,inference_only,1,1,False,0.0,1,False,False
burgers,1,2,26,inference_only,1,1,False,0.0,1,False,False
burgers,1,2,27,inference_only,1,1,False,0.0,1,False,False
burgers,1,2,28,inference_only,1,1,False,0.0,1,False,False
burgers,1,2,29,inference_only,1,1,False,0.0,1,False,False
burgers,1,2,0,response_only,1,0,True,0.24641117335594365,1,False,True
burgers,1,2,1,response_only,1,0,True,0.3116564594739486,1,False,True
burgers,1,2,2,response_only,1,0,True,0.19248234200316586,1,False,True
burgers,1,2,3,response_only,1,0,True,0.21392419197147455,1,False,True
burgers,1,2,4,response_only,1,0,True,0.28098694700157234,1,False,True
burgers,1,2,5,response_only,1,0,True,0.297803548764904,1,False,True
burgers,1,2,6,response_only,1,0,True,0.2713577021644503,1,False,True
burgers,1,2,7,response_only,1,0,True,0.24519948011897133,1,False,True
burgers,1,2,8,response_only,1,0,True,0.2812468706965053,1,False,True
burgers,1,2,9,response_only,1,0,True,0.26835980252510894,1,False,True
burgers,1,2,10,response_only,1,0,True,0.2505030234754835,1,False,True
burgers,1,2,11,response_only,1,0,True,0.2698269801763209,1,False,True
burgers,1,2,12,response_only,1,0,True,0.23840530059017964,1,False,True
burgers,1,2,13,response_only,1,0,True,0.2973628661996375,1,False,True
burgers,1,2,14,response_only,1,0,True,0.2700172762222496,1,False,True
burgers,1,2,15,response_only,1,0,True,0.26342206839829985,1,False,True
burgers,1,2,16,response_only,1,0,True,0.24850798415544947,1,False,True
burgers,1,2,17,response_only,1,0,True,0.177617154531491,1,False,True
burgers,1,2,18,response_only,1,0,True,0.26035593858631323,1,False,True
burgers,1,2,19,response_only,1,0,True,0.24769851337459656,1,False,True
burgers,1,2,20,response_only,1,0,True,0.22183633127155156,1,False,True
burgers,1,2,21,response_only,1,0,True,0.30290899076616834,1,False,True
burgers,1,2,22,response_only,1,0,True,0.22066256407629378,1,False,True
burgers,1,2,23,response_only,1,0,True,0.2613212138534528,1,False,True
burgers,1,2,24,response_only,1,0,True,0.1654308092738289,1,False,True
burgers,1,2,25,response_only,1,0,True,0.22092350693477258,1,False,True
burgers,1,2,26,response_only,1,0,True,0.18123196667097513,1,False,True
burgers,1,2,27,response_only,1,0,True,0.23862938601587785,1,False,True
burgers,1,2,28,response_only,1,0,True,0.29998914476720273,1,False,True
burgers,1,2,29,response_only,1,0,True,0.30031481167460505,1,False,True
burgers,1,2,0,combined,1,0,True,0.24641117335594365,1,False,True
burgers,1,2,1,combined,1,0,True,0.3116564594739486,1,False,True
burgers,1,2,2,combined,1,0,True,0.19248234200316586,1,False,True
burgers,1,2,3,combined,1,0,True,0.21392419197147455,1,False,True
burgers,1,2,4,combined,1,0,True,0.28098694700157234,1,False,True
burgers,1,2,5,combined,1,0,True,0.297803548764904,1,False,True
burgers,1,2,6,combined,1,0,True,0.2713577021644503,1,False,True
burgers,1,2,7,combined,1,0,True,0.24519948011897133,1,False,True
burgers,1,2,8,combined,1,0,True,0.2812468706965053,1,False,True
burgers,1,2,9,combined,1,0,True,0.26835980252510894,1,False,True
burgers,1,2,10,combined,1,0,True,0.2505030234754835,1,False,True
burgers,1,2,11,combined,1,0,True,0.2698269801763209,1,False,True
burgers,1,2,12,combined,1,0,True,0.23840530059017964,1,False,True
burgers,1,2,13,combined,1,0,True,0.2973628661996375,1,False,True
burgers,1,2,14,combined,1,0,True,0.2700172762222496,1,False,True
burgers,1,2,15,combined,1,0,True,0.26342206839829985,1,False,True
burgers,1,2,16,combined,1,0,True,0.24850798415544947,1,False,True
burgers,1,2,17,combined,1,0,True,0.177617154531491,1,False,True
burgers,1,2,18,combined,1,0,True,0.26035593858631323,1,False,True
burgers,1,2,19,combined,1,0,True,0.24769851337459656,1,False,True
burgers,1,2,20,combined,1,0,True,0.22183633127155156,1,False,True
burgers,1,2,21,combined,1,0,True,0.30290899076616834,1,False,True
burgers,1,2,22,combined,1,0,True,0.22066256407629378,1,False,True
burgers,1,2,23,combined,1,0,True,0.2613212138534528,1,False,True
burgers,1,2,24,combined,1,0,True,0.1654308092738289,1,False,True
burgers,1,2,25,combined,1,0,True,0.22092350693477258,1,False,True
burgers,1,2,26,combined,1,0,True,0.18123196667097513,1,False,True
burgers,1,2,27,combined,1,0,True,0.23862938601587785,1,False,True
burgers,1,2,28,combined,1,0,True,0.29998914476720273,1,False,True
burgers,1,2,29,combined,1,0,True,0.30031481167460505,1,False,True
burgers,1,4,0,inference_only,1,1,False,0.0,1,False,False
burgers,1,4,1,inference_only,1,1,False,0.0,1,False,False
burgers,1,4,2,inference_only,1,1,False,0.0,1,False,False
burgers,1,4,3,inference_only,1,1,False,0.0,1,False,False
burgers,1,4,4,inference_only,1,1,False,0.0,1,False,False
burgers,1,4,5,inference_only,1,1,False,0.0,1,False,False
burgers,1,4,6,inference_only,1,1,False,0.0,1,False,False
burgers,1,4,7,inference_only,1,1,False,0.0,1,False,False
burgers,1,4,8,inference_only,1,1,False,0.0,1,False,False
burgers,1,4,9,inference_only,1,1,False,0.0,1,False,False
burgers,1,4,10,inference_only,1,1,False,0.0,1,False,False
burgers,1,4,11,inference_only,1,1,False,0.0,1,False,False
burgers,1,4,12,inference_only,1,1,False,0.0,1,False,False
burgers,1,4,13,inference_only,1,1,False,0.0,1,False,False
burgers,1,4,14,inference_only,1,1,False,0.0,1,False,False
burgers,1,4,15,inference_only,1,1,False,0.0,1,False,False
burgers,1,4,16,inference_only,1,1,False,0.0,1,False,False
burgers,1,4,17,inference_only,1,1,False,0.0,1,False,False
burgers,1,4,18,inference_only,1,1,False,0.0,1,False,False
burgers,1,4,19,inference_only,1,1,False,0.0,1,False,False
burgers,1,4,20,inference_only,1,1,False,0.0,1,False,False
burgers,1,4,21,inference_only,1,1,False,0.0,1,False,False
burgers,1,4,22,inference_only,1,1,False,0.0,1,False,False
burgers,1,4,23,inference_only,1,1,False,0.0,1,False,False
burgers,1,4,24,inference_only,1,1,False,0.0,1,False,False
burgers,1,4,25,inference_only,1,1,False,0.0,1,False,False
burgers,1,4,26,inference_only,1,1,False,0.0,1,False,False
burgers,1,4,27,inference_only,1,1,False,0.0,1,False,False
burgers,1,4,28,inference_only,1,1,False,0.0,1,False,False
burgers,1,4,29,inference_only,1,1,False,0.0,1,False,False
burgers,1,4,0,response_only,1,0,True,0.24641117335594365,1,False,True
burgers,1,4,1,response_only,1,0,True,0.3116564594739486,1,False,True
burgers,1,4,2,response_only,1,0,True,0.19248234200316586,1,False,True
burgers,1,4,3,response_only,1,0,True,0.21392419197147455,1,False,True
burgers,1,4,4,response_only,1,0,True,0.28098694700157234,1,False,True
burgers,1,4,5,response_only,1,0,True,0.297803548764904,1,False,True
burgers,1,4,6,response_only,1,0,True,0.2713577021644503,1,False,True
burgers,1,4,7,response_only,1,0,True,0.24519948011897133,1,False,True
burgers,1,4,8,response_only,1,0,True,0.2812468706965053,1,False,True
burgers,1,4,9,response_only,1,0,True,0.26835980252510894,1,False,True
burgers,1,4,10,response_only,1,0,True,0.2505030234754835,1,False,True
burgers,1,4,11,response_only,1,0,True,0.2698269801763209,1,False,True
burgers,1,4,12,response_only,1,0,True,0.23840530059017964,1,False,True
burgers,1,4,13,response_only,1,0,True,0.2973628661996375,1,False,True
burgers,1,4,14,response_only,1,0,True,0.2700172762222496,1,False,True
burgers,1,4,15,response_only,1,0,True,0.26342206839829985,1,False,True
burgers,1,4,16,response_only,1,0,True,0.24850798415544947,1,False,True
burgers,1,4,17,response_only,1,0,True,0.177617154531491,1,False,True
burgers,1,4,18,response_only,1,0,True,0.26035593858631323,1,False,True
burgers,1,4,19,response_only,1,0,True,0.24769851337459656,1,False,True
burgers,1,4,20,response_only,1,0,True,0.22183633127155156,1,False,True
burgers,1,4,21,response_only,1,0,True,0.30290899076616834,1,False,True
burgers,1,4,22,response_only,1,0,True,0.22066256407629378,1,False,True
burgers,1,4,23,response_only,1,0,True,0.2613212138534528,1,False,True
burgers,1,4,24,response_only,1,0,True,0.1654308092738289,1,False,True
burgers,1,4,25,response_only,1,0,True,0.22092350693477258,1,False,True
burgers,1,4,26,response_only,1,0,True,0.18123196667097513,1,False,True
burgers,1,4,27,response_only,1,0,True,0.23862938601587785,1,False,True
burgers,1,4,28,response_only,1,0,True,0.29998914476720273,1,False,True
burgers,1,4,29,response_only,1,0,True,0.30031481167460505,1,False,True
burgers,1,4,0,combined,1,0,True,0.24641117335594365,1,False,True
burgers,1,4,1,combined,1,0,True,0.3116564594739486,1,False,True
burgers,1,4,2,combined,1,0,True,0.19248234200316586,1,False,True
burgers,1,4,3,combined,1,0,True,0.21392419197147455,1,False,True
burgers,1,4,4,combined,1,0,True,0.28098694700157234,1,False,True
burgers,1,4,5,combined,1,0,True,0.297803548764904,1,False,True
burgers,1,4,6,combined,1,0,True,0.2713577021644503,1,False,True
burgers,1,4,7,combined,1,0,True,0.24519948011897133,1,False,True
burgers,1,4,8,combined,1,0,True,0.2812468706965053,1,False,True
burgers,1,4,9,combined,1,0,True,0.26835980252510894,1,False,True
burgers,1,4,10,combined,1,0,True,0.2505030234754835,1,False,True
burgers,1,4,11,combined,1,0,True,0.2698269801763209,1,False,True
burgers,1,4,12,combined,1,0,True,0.23840530059017964,1,False,True
burgers,1,4,13,combined,1,0,True,0.2973628661996375,1,False,True
burgers,1,4,14,combined,1,0,True,0.2700172762222496,1,False,True
burgers,1,4,15,combined,1,0,True,0.26342206839829985,1,False,True
burgers,1,4,16,combined,1,0,True,0.24850798415544947,1,False,True
burgers,1,4,17,combined,1,0,True,0.177617154531491,1,False,True
burgers,1,4,18,combined,1,0,True,0.26035593858631323,1,False,True
burgers,1,4,19,combined,1,0,True,0.24769851337459656,1,False,True
burgers,1,4,20,combined,1,0,True,0.22183633127155156,1,False,True
burgers,1,4,21,combined,1,0,True,0.30290899076616834,1,False,True
burgers,1,4,22,combined,1,0,True,0.22066256407629378,1,False,True
burgers,1,4,23,combined,1,0,True,0.2613212138534528,1,False,True
burgers,1,4,24,combined,1,0,True,0.1654308092738289,1,False,True
burgers,1,4,25,combined,1,0,True,0.22092350693477258,1,False,True
burgers,1,4,26,combined,1,0,True,0.18123196667097513,1,False,True
burgers,1,4,27,combined,1,0,True,0.23862938601587785,1,False,True
burgers,1,4,28,combined,1,0,True,0.29998914476720273,1,False,True
burgers,1,4,29,combined,1,0,True,0.30031481167460505,1,False,True
burgers,1,8,0,inference_only,1,1,False,0.0,1,False,False
burgers,1,8,1,inference_only,1,1,False,0.0,1,False,False
burgers,1,8,2,inference_only,1,1,False,0.0,1,False,False
burgers,1,8,3,inference_only,1,1,False,0.0,1,False,False
burgers,1,8,4,inference_only,1,1,False,0.0,1,False,False
burgers,1,8,5,inference_only,1,1,False,0.0,1,False,False
burgers,1,8,6,inference_only,1,1,False,0.0,1,False,False
burgers,1,8,7,inference_only,1,1,False,0.0,1,False,False
burgers,1,8,8,inference_only,1,1,False,0.0,1,False,False
burgers,1,8,9,inference_only,1,1,False,0.0,1,False,False
burgers,1,8,10,inference_only,1,1,False,0.0,1,False,False
burgers,1,8,11,inference_only,1,1,False,0.0,1,False,False
burgers,1,8,12,inference_only,1,1,False,0.0,1,False,False
burgers,1,8,13,inference_only,1,1,False,0.0,1,False,False
burgers,1,8,14,inference_only,1,1,False,0.0,1,False,False
burgers,1,8,15,inference_only,1,1,False,0.0,1,False,False
burgers,1,8,16,inference_only,1,1,False,0.0,1,False,False
burgers,1,8,17,inference_only,1,1,False,0.0,1,False,False
burgers,1,8,18,inference_only,1,1,False,0.0,1,False,False
burgers,1,8,19,inference_only,1,1,False,0.0,1,False,False
burgers,1,8,20,inference_only,1,1,False,0.0,1,False,False
burgers,1,8,21,inference_only,1,1,False,0.0,1,False,False
burgers,1,8,22,inference_only,1,1,False,0.0,1,False,False
burgers,1,8,23,inference_only,1,1,False,0.0,1,False,False
burgers,1,8,24,inference_only,1,1,False,0.0,1,False,False
burgers,1,8,25,inference_only,1,1,False,0.0,1,False,False
burgers,1,8,26,inference_only,1,1,False,0.0,1,False,False
burgers,1,8,27,inference_only,1,1,False,0.0,1,False,False
burgers,1,8,28,inference_only,1,1,False,0.0,1,False,False
burgers,1,8,29,inference_only,1,1,False,0.0,1,False,False
burgers,1,8,0,response_only,1,0,True,0.24641117335594365,1,False,True
burgers,1,8,1,response_only,1,0,True,0.3116564594739486,1,False,True
burgers,1,8,2,response_only,1,0,True,0.19248234200316586,1,False,True
burgers,1,8,3,response_only,1,0,True,0.21392419197147455,1,False,True
burgers,1,8,4,response_only,1,0,True,0.28098694700157234,1,False,True
burgers,1,8,5,response_only,1,0,True,0.297803548764904,1,False,True
burgers,1,8,6,response_only,1,0,True,0.2713577021644503,1,False,True
burgers,1,8,7,response_only,1,0,True,0.24519948011897133,1,False,True
burgers,1,8,8,response_only,1,0,True,0.2812468706965053,1,False,True
burgers,1,8,9,response_only,1,0,True,0.26835980252510894,1,False,True
burgers,1,8,10,response_only,1,0,True,0.2505030234754835,1,False,True
burgers,1,8,11,response_only,1,0,True,0.2698269801763209,1,False,True
burgers,1,8,12,response_only,1,0,True,0.23840530059017964,1,False,True
burgers,1,8,13,response_only,1,0,True,0.2973628661996375,1,False,True
burgers,1,8,14,response_only,1,0,True,0.2700172762222496,1,False,True
burgers,1,8,15,response_only,1,0,True,0.26342206839829985,1,False,True
burgers,1,8,16,response_only,1,0,True,0.24850798415544947,1,False,True
burgers,1,8,17,response_only,1,0,True,0.177617154531491,1,False,True
burgers,1,8,18,response_only,1,0,True,0.26035593858631323,1,False,True
burgers,1,8,19,response_only,1,0,True,0.24769851337459656,1,False,True
burgers,1,8,20,response_only,1,0,True,0.22183633127155156,1,False,True
burgers,1,8,21,response_only,1,0,True,0.30290899076616834,1,False,True
burgers,1,8,22,response_only,1,0,True,0.22066256407629378,1,False,True
burgers,1,8,23,response_only,1,0,True,0.2613212138534528,1,False,True
burgers,1,8,24,response_only,1,0,True,0.1654308092738289,1,False,True
burgers,1,8,25,response_only,1,0,True,0.22092350693477258,1,False,True
burgers,1,8,26,response_only,1,0,True,0.18123196667097513,1,False,True
burgers,1,8,27,response_only,1,0,True,0.23862938601587785,1,False,True
burgers,1,8,28,response_only,1,0,True,0.29998914476720273,1,False,True
burgers,1,8,29,response_only,1,0,True,0.30031481167460505,1,False,True
burgers,1,8,0,combined,1,0,True,0.24641117335594365,1,False,True
burgers,1,8,1,combined,1,0,True,0.3116564594739486,1,False,True
burgers,1,8,2,combined,1,0,True,0.19248234200316586,1,False,True
burgers,1,8,3,combined,1,0,True,0.21392419197147455,1,False,True
burgers,1,8,4,combined,1,0,True,0.28098694700157234,1,False,True
burgers,1,8,5,combined,1,0,True,0.297803548764904,1,False,True
burgers,1,8,6,combined,1,0,True,0.2713577021644503,1,False,True
burgers,1,8,7,combined,1,0,True,0.24519948011897133,1,False,True
burgers,1,8,8,combined,1,0,True,0.2812468706965053,1,False,True
burgers,1,8,9,combined,1,0,True,0.26835980252510894,1,False,True
burgers,1,8,10,combined,1,0,True,0.2505030234754835,1,False,True
burgers,1,8,11,combined,1,0,True,0.2698269801763209,1,False,True
burgers,1,8,12,combined,1,0,True,0.23840530059017964,1,False,True
burgers,1,8,13,combined,1,0,True,0.2973628661996375,1,False,True
burgers,1,8,14,combined,1,0,True,0.2700172762222496,1,False,True
burgers,1,8,15,combined,1,0,True,0.26342206839829985,1,False,True
burgers,1,8,16,combined,1,0,True,0.24850798415544947,1,False,True
burgers,1,8,17,combined,1,0,True,0.177617154531491,1,False,True
burgers,1,8,18,combined,1,0,True,0.26035593858631323,1,False,True
burgers,1,8,19,combined,1,0,True,0.24769851337459656,1,False,True
burgers,1,8,20,combined,1,0,True,0.22183633127155156,1,False,True
burgers,1,8,21,combined,1,0,True,0.30290899076616834,1,False,True
burgers,1,8,22,combined,1,0,True,0.22066256407629378,1,False,True
burgers,1,8,23,combined,1,0,True,0.2613212138534528,1,False,True
burgers,1,8,24,combined,1,0,True,0.1654308092738289,1,False,True
burgers,1,8,25,combined,1,0,True,0.22092350693477258,1,False,True
burgers,1,8,26,combined,1,0,True,0.18123196667097513,1,False,True
burgers,1,8,27,combined,1,0,True,0.23862938601587785,1,False,True
burgers,1,8,28,combined,1,0,True,0.29998914476720273,1,False,True
burgers,1,8,29,combined,1,0,True,0.30031481167460505,1,False,True
burgers,1,16,0,inference_only,1,1,False,0.0,1,False,False
burgers,1,16,1,inference_only,1,1,False,0.0,1,False,False
burgers,1,16,2,inference_only,1,1,False,0.0,1,False,False
burgers,1,16,3,inference_only,1,1,False,0.0,1,False,False
burgers,1,16,4,inference_only,1,1,False,0.0,1,False,False
burgers,1,16,5,inference_only,1,1,False,0.0,1,False,False
burgers,1,16,6,inference_only,1,1,False,0.0,1,False,False
burgers,1,16,7,inference_only,1,1,False,0.0,1,False,False
burgers,1,16,8,inference_only,1,1,False,0.0,1,False,False
burgers,1,16,9,inference_only,1,1,False,0.0,1,False,False
burgers,1,16,10,inference_only,1,1,False,0.0,1,False,False
burgers,1,16,11,inference_only,1,1,False,0.0,1,False,False
burgers,1,16,12,inference_only,1,1,False,0.0,1,False,False
burgers,1,16,13,inference_only,1,1,False,0.0,1,False,False
burgers,1,16,14,inference_only,1,1,False,0.0,1,False,False
burgers,1,16,15,inference_only,1,1,False,0.0,1,False,False
burgers,1,16,16,inference_only,1,1,False,0.0,1,False,False
burgers,1,16,17,inference_only,1,1,False,0.0,1,False,False
burgers,1,16,18,inference_only,1,1,False,0.0,1,False,False
burgers,1,16,19,inference_only,1,1,False,0.0,1,False,False
burgers,1,16,20,inference_only,1,1,False,0.0,1,False,False
burgers,1,16,21,inference_only,1,1,False,0.0,1,False,False
burgers,1,16,22,inference_only,1,1,False,0.0,1,False,False
burgers,1,16,23,inference_only,1,1,False,0.0,1,False,False
burgers,1,16,24,inference_only,1,1,False,0.0,1,False,False
burgers,1,16,25,inference_only,1,1,False,0.0,1,False,False
burgers,1,16,26,inference_only,1,1,False,0.0,1,False,False
burgers,1,16,27,inference_only,1,1,False,0.0,1,False,False
burgers,1,16,28,inference_only,1,1,False,0.0,1,False,False
burgers,1,16,29,inference_only,1,1,False,0.0,1,False,False
burgers,1,16,0,response_only,1,1,False,0.0,1,False,False
burgers,1,16,1,response_only,1,1,False,0.0,1,False,False
burgers,1,16,2,response_only,1,1,False,0.0,1,False,False
burgers,1,16,3,response_only,1,1,False,0.0,1,False,False
burgers,1,16,4,response_only,1,1,False,0.0,1,False,False
burgers,1,16,5,response_only,1,1,False,0.0,1,False,False
burgers,1,16,6,response_only,1,1,False,0.0,1,False,False
burgers,1,16,7,response_only,1,1,False,0.0,1,False,False
burgers,1,16,8,response_only,1,1,False,0.0,1,False,False
burgers,1,16,9,response_only,1,1,False,0.0,1,False,False
burgers,1,16,10,response_only,1,1,False,0.0,1,False,False
burgers,1,16,11,response_only,1,1,False,0.0,1,False,False
burgers,1,16,12,response_only,1,1,False,0.0,1,False,False
burgers,1,16,13,response_only,1,1,False,0.0,1,False,False
burgers,1,16,14,response_only,1,1,False,0.0,1,False,False
burgers,1,16,15,response_only,1,1,False,0.0,1,False,False
burgers,1,16,16,response_only,1,1,False,0.0,1,False,False
burgers,1,16,17,response_only,1,1,False,0.0,1,False,False
burgers,1,16,18,response_only,1,1,False,0.0,1,False,False
burgers,1,16,19,response_only,1,1,False,0.0,1,False,False
burgers,1,16,20,response_only,1,1,False,0.0,1,False,False
burgers,1,16,21,response_only,1,1,False,0.0,1,False,False
burgers,1,16,22,response_only,1,1,False,0.0,1,False,False
burgers,1,16,23,response_only,1,1,False,0.0,1,False,False
burgers,1,16,24,response_only,1,1,False,0.0,1,False,False
burgers,1,16,25,response_only,1,1,False,0.0,1,False,False
burgers,1,16,26,response_only,1,1,False,0.0,1,False,False
burgers,1,16,27,response_only,1,1,False,0.0,1,False,False
burgers,1,16,28,response_only,1,1,False,0.0,1,False,False
burgers,1,16,29,response_only,1,1,False,0.0,1,False,False
burgers,1,16,0,combined,1,1,False,0.0,1,False,False
burgers,1,16,1,combined,1,1,False,0.0,1,False,False
burgers,1,16,2,combined,1,1,False,0.0,1,False,False
burgers,1,16,3,combined,1,1,False,0.0,1,False,False
burgers,1,16,4,combined,1,1,False,0.0,1,False,False
burgers,1,16,5,combined,1,1,False,0.0,1,False,False
burgers,1,16,6,combined,1,1,False,0.0,1,False,False
burgers,1,16,7,combined,1,1,False,0.0,1,False,False
burgers,1,16,8,combined,1,1,False,0.0,1,False,False
burgers,1,16,9,combined,1,1,False,0.0,1,False,False
burgers,1,16,10,combined,1,1,False,0.0,1,False,False
burgers,1,16,11,combined,1,1,False,0.0,1,False,False
burgers,1,16,12,combined,1,1,False,0.0,1,False,False
burgers,1,16,13,combined,1,1,False,0.0,1,False,False
burgers,1,16,14,combined,1,1,False,0.0,1,False,False
burgers,1,16,15,combined,1,1,False,0.0,1,False,False
burgers,1,16,16,combined,1,1,False,0.0,1,False,False
burgers,1,16,17,combined,1,1,False,0.0,1,False,False
burgers,1,16,18,combined,1,1,False,0.0,1,False,False
burgers,1,16,19,combined,1,1,False,0.0,1,False,False
burgers,1,16,20,combined,1,1,False,0.0,1,False,False
burgers,1,16,21,combined,1,1,False,0.0,1,False,False
burgers,1,16,22,combined,1,1,False,0.0,1,False,False
burgers,1,16,23,combined,1,1,False,0.0,1,False,False
burgers,1,16,24,combined,1,1,False,0.0,1,False,False
burgers,1,16,25,combined,1,1,False,0.0,1,False,False
burgers,1,16,26,combined,1,1,False,0.0,1,False,False
burgers,1,16,27,combined,1,1,False,0.0,1,False,False
burgers,1,16,28,combined,1,1,False,0.0,1,False,False
burgers,1,16,29,combined,1,1,False,0.0,1,False,False
burgers,1,32,0,inference_only,1,1,False,0.0,1,False,False
burgers,1,32,1,inference_only,1,1,False,0.0,1,False,False
burgers,1,32,2,inference_only,1,1,False,0.0,1,False,False
burgers,1,32,3,inference_only,1,1,False,0.0,1,False,False
burgers,1,32,4,inference_only,1,1,False,0.0,1,False,False
burgers,1,32,5,inference_only,1,1,False,0.0,1,False,False
burgers,1,32,6,inference_only,1,1,False,0.0,1,False,False
burgers,1,32,7,inference_only,1,1,False,0.0,1,False,False
burgers,1,32,8,inference_only,1,1,False,0.0,1,False,False
burgers,1,32,9,inference_only,1,1,False,0.0,1,False,False
burgers,1,32,10,inference_only,1,1,False,0.0,1,False,False
burgers,1,32,11,inference_only,1,1,False,0.0,1,False,False
burgers,1,32,12,inference_only,1,1,False,0.0,1,False,False
burgers,1,32,13,inference_only,1,1,False,0.0,1,False,False
burgers,1,32,14,inference_only,1,1,False,0.0,1,False,False
burgers,1,32,15,inference_only,1,1,False,0.0,1,False,False
burgers,1,32,16,inference_only,1,1,False,0.0,1,False,False
burgers,1,32,17,inference_only,1,1,False,0.0,1,False,False
burgers,1,32,18,inference_only,1,1,False,0.0,1,False,False
burgers,1,32,19,inference_only,1,1,False,0.0,1,False,False
burgers,1,32,20,inference_only,1,1,False,0.0,1,False,False
burgers,1,32,21,inference_only,1,1,False,0.0,1,False,False
burgers,1,32,22,inference_only,1,1,False,0.0,1,False,False
burgers,1,32,23,inference_only,1,1,False,0.0,1,False,False
burgers,1,32,24,inference_only,1,1,False,0.0,1,False,False
burgers,1,32,25,inference_only,1,1,False,0.0,1,False,False
burgers,1,32,26,inference_only,1,1,False,0.0,1,False,False
burgers,1,32,27,inference_only,1,1,False,0.0,1,False,False
burgers,1,32,28,inference_only,1,1,False,0.0,1,False,False
burgers,1,32,29,inference_only,1,1,False,0.0,1,False,False
burgers,1,32,0,response_only,1,1,False,0.0,1,False,False
burgers,1,32,1,response_only,1,1,False,0.0,1,False,False
burgers,1,32,2,response_only,1,1,False,0.0,1,False,False
burgers,1,32,3,response_only,1,1,False,0.0,1,False,False
burgers,1,32,4,response_only,1,1,False,0.0,1,False,False
burgers,1,32,5,response_only,1,1,False,0.0,1,False,False
burgers,1,32,6,response_only,1,1,False,0.0,1,False,False
burgers,1,32,7,response_only,1,1,False,0.0,1,False,False
burgers,1,32,8,response_only,1,1,False,0.0,1,False,False
burgers,1,32,9,response_only,1,1,False,0.0,1,False,False
burgers,1,32,10,response_only,1,1,False,0.0,1,False,False
burgers,1,32,11,response_only,1,1,False,0.0,1,False,False
burgers,1,32,12,response_only,1,1,False,0.0,1,False,False
burgers,1,32,13,response_only,1,1,False,0.0,1,False,False
burgers,1,32,14,response_only,1,1,False,0.0,1,False,False
burgers,1,32,15,response_only,1,1,False,0.0,1,False,False
burgers,1,32,16,response_only,1,1,False,0.0,1,False,False
burgers,1,32,17,response_only,1,1,False,0.0,1,False,False
burgers,1,32,18,response_only,1,1,False,0.0,1,False,False
burgers,1,32,19,response_only,1,1,False,0.0,1,False,False
burgers,1,32,20,response_only,1,1,False,0.0,1,False,False
burgers,1,32,21,response_only,1,1,False,0.0,1,False,False
burgers,1,32,22,response_only,1,1,False,0.0,1,False,False
burgers,1,32,23,response_only,1,1,False,0.0,1,False,False
burgers,1,32,24,response_only,1,1,False,0.0,1,False,False
burgers,1,32,25,response_only,1,1,False,0.0,1,False,False
burgers,1,32,26,response_only,1,1,False,0.0,1,False,False
burgers,1,32,27,response_only,1,1,False,0.0,1,False,False
burgers,1,32,28,response_only,1,1,False,0.0,1,False,False
burgers,1,32,29,response_only,1,1,False,0.0,1,False,False
burgers,1,32,0,combined,1,1,False,0.0,1,False,False
burgers,1,32,1,combined,1,1,False,0.0,1,False,False
burgers,1,32,2,combined,1,1,False,0.0,1,False,False
burgers,1,32,3,combined,1,1,False,0.0,1,False,False
burgers,1,32,4,combined,1,1,False,0.0,1,False,False
burgers,1,32,5,combined,1,1,False,0.0,1,False,False
burgers,1,32,6,combined,1,1,False,0.0,1,False,False
burgers,1,32,7,combined,1,1,False,0.0,1,False,False
burgers,1,32,8,combined,1,1,False,0.0,1,False,False
burgers,1,32,9,combined,1,1,False,0.0,1,False,False
burgers,1,32,10,combined,1,1,False,0.0,1,False,False
burgers,1,32,11,combined,1,1,False,0.0,1,False,False
burgers,1,32,12,combined,1,1,False,0.0,1,False,False
burgers,1,32,13,combined,1,1,False,0.0,1,False,False
burgers,1,32,14,combined,1,1,False,0.0,1,False,False
burgers,1,32,15,combined,1,1,False,0.0,1,False,False
burgers,1,32,16,combined,1,1,False,0.0,1,False,False
burgers,1,32,17,combined,1,1,False,0.0,1,False,False
burgers,1,32,18,combined,1,1,False,0.0,1,False,False
burgers,1,32,19,combined,1,1,False,0.0,1,False,False
burgers,1,32,20,combined,1,1,False,0.0,1,False,False
burgers,1,32,21,combined,1,1,False,0.0,1,False,False
burgers,1,32,22,combined,1,1,False,0.0,1,False,False
burgers,1,32,23,combined,1,1,False,0.0,1,False,False
burgers,1,32,24,combined,1,1,False,0.0,1,False,False
burgers,1,32,25,combined,1,1,False,0.0,1,False,False
burgers,1,32,26,combined,1,1,False,0.0,1,False,False
burgers,1,32,27,combined,1,1,False,0.0,1,False,False
burgers,1,32,28,combined,1,1,False,0.0,1,False,False
burgers,1,32,29,combined,1,1,False,0.0,1,False,False
burgers,1,64,0,inference_only,1,1,False,0.0,1,False,False
burgers,1,64,1,inference_only,1,1,False,0.0,1,False,False
burgers,1,64,2,inference_only,1,1,False,0.0,1,False,False
burgers,1,64,3,inference_only,1,1,False,0.0,1,False,False
burgers,1,64,4,inference_only,1,1,False,0.0,1,False,False
burgers,1,64,5,inference_only,1,1,False,0.0,1,False,False
burgers,1,64,6,inference_only,1,1,False,0.0,1,False,False
burgers,1,64,7,inference_only,1,1,False,0.0,1,False,False
burgers,1,64,8,inference_only,1,1,False,0.0,1,False,False
burgers,1,64,9,inference_only,1,1,False,0.0,1,False,False
burgers,1,64,10,inference_only,1,1,False,0.0,1,False,False
burgers,1,64,11,inference_only,1,1,False,0.0,1,False,False
burgers,1,64,12,inference_only,1,1,False,0.0,1,False,False
burgers,1,64,13,inference_only,1,1,False,0.0,1,False,False
burgers,1,64,14,inference_only,1,1,False,0.0,1,False,False
burgers,1,64,15,inference_only,1,1,False,0.0,1,False,False
burgers,1,64,16,inference_only,1,1,False,0.0,1,False,False
burgers,1,64,17,inference_only,1,1,False,0.0,1,False,False
burgers,1,64,18,inference_only,1,1,False,0.0,1,False,False
burgers,1,64,19,inference_only,1,1,False,0.0,1,False,False
burgers,1,64,20,inference_only,1,1,False,0.0,1,False,False
burgers,1,64,21,inference_only,1,1,False,0.0,1,False,False
burgers,1,64,22,inference_only,1,1,False,0.0,1,False,False
burgers,1,64,23,inference_only,1,1,False,0.0,1,False,False
burgers,1,64,24,inference_only,1,1,False,0.0,1,False,False
burgers,1,64,25,inference_only,1,1,False,0.0,1,False,False
burgers,1,64,26,inference_only,1,1,False,0.0,1,False,False
burgers,1,64,27,inference_only,1,1,False,0.0,1,False,False
burgers,1,64,28,inference_only,1,1,False,0.0,1,False,False
burgers,1,64,29,inference_only,1,1,False,0.0,1,False,False
burgers,1,64,0,response_only,1,1,False,0.0,1,False,False
burgers,1,64,1,response_only,1,1,False,0.0,1,False,False
burgers,1,64,2,response_only,1,1,False,0.0,1,False,False
burgers,1,64,3,response_only,1,1,False,0.0,1,False,False
burgers,1,64,4,response_only,1,1,False,0.0,1,False,False
burgers,1,64,5,response_only,1,1,False,0.0,1,False,False
burgers,1,64,6,response_only,1,1,False,0.0,1,False,False
burgers,1,64,7,response_only,1,1,False,0.0,1,False,False
burgers,1,64,8,response_only,1,1,False,0.0,1,False,False
burgers,1,64,9,response_only,1,1,False,0.0,1,False,False
burgers,1,64,10,response_only,1,1,False,0.0,1,False,False
burgers,1,64,11,response_only,1,1,False,0.0,1,False,False
burgers,1,64,12,response_only,1,1,False,0.0,1,False,False
burgers,1,64,13,response_only,1,1,False,0.0,1,False,False
burgers,1,64,14,response_only,1,1,False,0.0,1,False,False
burgers,1,64,15,response_only,1,1,False,0.0,1,False,False
burgers,1,64,16,response_only,1,1,False,0.0,1,False,False
burgers,1,64,17,response_only,1,1,False,0.0,1,False,False
burgers,1,64,18,response_only,1,1,False,0.0,1,False,False
burgers,1,64,19,response_only,1,1,False,0.0,1,False,False
burgers,1,64,20,response_only,1,1,False,0.0,1,False,False
burgers,1,64,21,response_only,1,1,False,0.0,1,False,False
burgers,1,64,22,response_only,1,1,False,0.0,1,False,False
burgers,1,64,23,response_only,1,1,False,0.0,1,False,False
burgers,1,64,24,response_only,1,1,False,0.0,1,False,False
burgers,1,64,25,response_only,1,1,False,0.0,1,False,False
burgers,1,64,26,response_only,1,1,False,0.0,1,False,False
burgers,1,64,27,response_only,1,1,False,0.0,1,False,False
burgers,1,64,28,response_only,1,1,False,0.0,1,False,False
burgers,1,64,29,response_only,1,1,False,0.0,1,False,False
burgers,1,64,0,combined,1,1,False,0.0,1,False,False
burgers,1,64,1,combined,1,1,False,0.0,1,False,False
burgers,1,64,2,combined,1,1,False,0.0,1,False,False
burgers,1,64,3,combined,1,1,False,0.0,1,False,False
burgers,1,64,4,combined,1,1,False,0.0,1,False,False
burgers,1,64,5,combined,1,1,False,0.0,1,False,False
burgers,1,64,6,combined,1,1,False,0.0,1,False,False
burgers,1,64,7,combined,1,1,False,0.0,1,False,False
burgers,1,64,8,combined,1,1,False,0.0,1,False,False
burgers,1,64,9,combined,1,1,False,0.0,1,False,False
burgers,1,64,10,combined,1,1,False,0.0,1,False,False
burgers,1,64,11,combined,1,1,False,0.0,1,False,False
burgers,1,64,12,combined,1,1,False,0.0,1,False,False
burgers,1,64,13,combined,1,1,False,0.0,1,False,False
burgers,1,64,14,combined,1,1,False,0.0,1,False,False
burgers,1,64,15,combined,1,1,False,0.0,1,False,False
burgers,1,64,16,combined,1,1,False,0.0,1,False,False
burgers,1,64,17,combined,1,1,False,0.0,1,False,False
burgers,1,64,18,combined,1,1,False,0.0,1,False,False
burgers,1,64,19,combined,1,1,False,0.0,1,False,False
burgers,1,64,20,combined,1,1,False,0.0,1,False,False
burgers,1,64,21,combined,1,1,False,0.0,1,False,False
burgers,1,64,22,combined,1,1,False,0.0,1,False,False
burgers,1,64,23,combined,1,1,False,0.0,1,False,False
burgers,1,64,24,combined,1,1,False,0.0,1,False,False
burgers,1,64,25,combined,1,1,False,0.0,1,False,False
burgers,1,64,26,combined,1,1,False,0.0,1,False,False
burgers,1,64,27,combined,1,1,False,0.0,1,False,False
burgers,1,64,28,combined,1,1,False,0.0,1,False,False
burgers,1,64,29,combined,1,1,False,0.0,1,False,False
burgers,2,2,0,inference_only,0,0,False,0.0,0,False,False
burgers,2,2,1,inference_only,0,0,False,0.0,0,False,False
burgers,2,2,2,inference_only,0,0,False,0.0,0,False,False
burgers,2,2,3,inference_only,0,0,False,0.0,0,False,False
burgers,2,2,4,inference_only,0,0,False,0.0,0,False,False
burgers,2,2,5,inference_only,0,0,False,0.0,0,False,False
burgers,2,2,6,inference_only,0,0,False,0.0,0,False,False
burgers,2,2,7,inference_only,0,0,False,0.0,0,False,False
burgers,2,2,8,inference_only,0,0,False,0.0,0,False,False
burgers,2,2,9,inference_only,0,0,False,0.0,0,False,False
burgers,2,2,10,inference_only,0,0,False,0.0,0,False,False
burgers,2,2,11,inference_only,0,0,False,0.0,0,False,False
burgers,2,2,12,inference_only,0,0,False,0.0,0,False,False
burgers,2,2,13,inference_only,0,0,False,0.0,0,False,False
burgers,2,2,14,inference_only,0,0,False,0.0,0,False,False
burgers,2,2,15,inference_only,0,0,False,0.0,0,False,False
burgers,2,2,16,inference_only,0,0,False,0.0,0,False,False
burgers,2,2,17,inference_only,0,0,False,0.0,0,False,False
burgers,2,2,18,inference_only,0,0,False,0.0,0,False,False
burgers,2,2,19,inference_only,0,0,False,0.0,0,False,False
burgers,2,2,20,inference_only,0,0,False,0.0,0,False,False
burgers,2,2,21,inference_only,0,0,False,0.0,0,False,False
burgers,2,2,22,inference_only,0,0,False,0.0,0,False,False
burgers,2,2,23,inference_only,0,0,False,0.0,0,False,False
burgers,2,2,24,inference_only,0,0,False,0.0,0,False,False
burgers,2,2,25,inference_only,0,0,False,0.0,0,False,False
burgers,2,2,26,inference_only,0,0,False,0.0,0,False,False
burgers,2,2,27,inference_only,0,0,False,0.0,0,False,False
burgers,2,2,28,inference_only,0,0,False,0.0,0,False,False
burgers,2,2,29,inference_only,0,0,False,0.0,0,False,False
burgers,2,2,0,response_only,0,0,False,0.0,0,False,False
burgers,2,2,1,response_only,0,0,False,0.0,0,False,False
burgers,2,2,2,response_only,0,0,False,0.0,0,False,False
burgers,2,2,3,response_only,0,0,False,0.0,0,False,False
burgers,2,2,4,response_only,0,0,False,0.0,0,False,False
burgers,2,2,5,response_only,0,0,False,0.0,0,False,False
burgers,2,2,6,response_only,0,0,False,0.0,0,False,False
burgers,2,2,7,response_only,0,0,False,0.0,0,False,False
burgers,2,2,8,response_only,0,0,False,0.0,0,False,False
burgers,2,2,9,response_only,0,0,False,0.0,0,False,False
burgers,2,2,10,response_only,0,0,False,0.0,0,False,False
burgers,2,2,11,response_only,0,0,False,0.0,0,False,False
burgers,2,2,12,response_only,0,0,False,0.0,0,False,False
burgers,2,2,13,response_only,0,0,False,0.0,0,False,False
burgers,2,2,14,response_only,0,0,False,0.0,0,False,False
burgers,2,2,15,response_only,0,0,False,0.0,0,False,False
burgers,2,2,16,response_only,0,0,False,0.0,0,False,False
burgers,2,2,17,response_only,0,0,False,0.0,0,False,False
burgers,2,2,18,response_only,0,0,False,0.0,0,False,False
burgers,2,2,19,response_only,0,0,False,0.0,0,False,False
burgers,2,2,20,response_only,0,0,False,0.0,0,False,False
burgers,2,2,21,response_only,0,0,False,0.0,0,False,False
burgers,2,2,22,response_only,0,0,False,0.0,0,False,False
burgers,2,2,23,response_only,0,0,False,0.0,0,False,False
burgers,2,2,24,response_only,0,0,False,0.0,0,False,False
burgers,2,2,25,response_only,0,0,False,0.0,0,False,False
burgers,2,2,26,response_only,0,0,False,0.0,0,False,False
burgers,2,2,27,response_only,0,0,False,0.0,0,False,False
burgers,2,2,28,response_only,0,0,False,0.0,0,False,False
burgers,2,2,29,response_only,0,0,False,0.0,0,False,False
burgers,2,2,0,combined,0,0,False,0.0,0,False,False
burgers,2,2,1,combined,0,0,False,0.0,0,False,False
burgers,2,2,2,combined,0,0,False,0.0,0,False,False
burgers,2,2,3,combined,0,0,False,0.0,0,False,False
burgers,2,2,4,combined,0,0,False,0.0,0,False,False
burgers,2,2,5,combined,0,0,False,0.0,0,False,False
burgers,2,2,6,combined,0,0,False,0.0,0,False,False
burgers,2,2,7,combined,0,0,False,0.0,0,False,False
burgers,2,2,8,combined,0,0,False,0.0,0,False,False
burgers,2,2,9,combined,0,0,False,0.0,0,False,False
burgers,2,2,10,combined,0,0,False,0.0,0,False,False
burgers,2,2,11,combined,0,0,False,0.0,0,False,False
burgers,2,2,12,combined,0,0,False,0.0,0,False,False
burgers,2,2,13,combined,0,0,False,0.0,0,False,False
burgers,2,2,14,combined,0,0,False,0.0,0,False,False
burgers,2,2,15,combined,0,0,False,0.0,0,False,False
burgers,2,2,16,combined,0,0,False,0.0,0,False,False
burgers,2,2,17,combined,0,0,False,0.0,0,False,False
burgers,2,2,18,combined,0,0,False,0.0,0,False,False
burgers,2,2,19,combined,0,0,False,0.0,0,False,False
burgers,2,2,20,combined,0,0,False,0.0,0,False,False
burgers,2,2,21,combined,0,0,False,0.0,0,False,False
burgers,2,2,22,combined,0,0,False,0.0,0,False,False
burgers,2,2,23,combined,0,0,False,0.0,0,False,False
burgers,2,2,24,combined,0,0,False,0.0,0,False,False
burgers,2,2,25,combined,0,0,False,0.0,0,False,False
burgers,2,2,26,combined,0,0,False,0.0,0,False,False
burgers,2,2,27,combined,0,0,False,0.0,0,False,False
burgers,2,2,28,combined,0,0,False,0.0,0,False,False
burgers,2,2,29,combined,0,0,False,0.0,0,False,False
burgers,2,4,0,inference_only,0,0,False,0.0,0,False,False
burgers,2,4,1,inference_only,0,0,False,0.0,0,False,False
burgers,2,4,2,inference_only,0,0,False,0.0,0,False,False
burgers,2,4,3,inference_only,0,0,False,0.0,0,False,False
burgers,2,4,4,inference_only,0,0,False,0.0,0,False,False
burgers,2,4,5,inference_only,0,0,False,0.0,0,False,False
burgers,2,4,6,inference_only,0,0,False,0.0,0,False,False
burgers,2,4,7,inference_only,0,0,False,0.0,0,False,False
burgers,2,4,8,inference_only,0,0,False,0.0,0,False,False
burgers,2,4,9,inference_only,0,0,False,0.0,0,False,False
burgers,2,4,10,inference_only,0,0,False,0.0,0,False,False
burgers,2,4,11,inference_only,0,0,False,0.0,0,False,False
burgers,2,4,12,inference_only,0,0,False,0.0,0,False,False
burgers,2,4,13,inference_only,0,0,False,0.0,0,False,False
burgers,2,4,14,inference_only,0,0,False,0.0,0,False,False
burgers,2,4,15,inference_only,0,0,False,0.0,0,False,False
burgers,2,4,16,inference_only,0,0,False,0.0,0,False,False
burgers,2,4,17,inference_only,0,0,False,0.0,0,False,False
burgers,2,4,18,inference_only,0,0,False,0.0,0,False,False
burgers,2,4,19,inference_only,0,0,False,0.0,0,False,False
burgers,2,4,20,inference_only,0,0,False,0.0,0,False,False
burgers,2,4,21,inference_only,0,0,False,0.0,0,False,False
burgers,2,4,22,inference_only,0,0,False,0.0,0,False,False
burgers,2,4,23,inference_only,0,0,False,0.0,0,False,False
burgers,2,4,24,inference_only,0,0,False,0.0,0,False,False
burgers,2,4,25,inference_only,0,0,False,0.0,0,False,False
burgers,2,4,26,inference_only,0,0,False,0.0,0,False,False
burgers,2,4,27,inference_only,0,0,False,0.0,0,False,False
burgers,2,4,28,inference_only,0,0,False,0.0,0,False,False
burgers,2,4,29,inference_only,0,0,False,0.0,0,False,False
burgers,2,4,0,response_only,0,0,False,0.0,0,False,False
burgers,2,4,1,response_only,0,0,False,0.0,0,False,False
burgers,2,4,2,response_only,0,0,False,0.0,0,False,False
burgers,2,4,3,response_only,0,0,False,0.0,0,False,False
burgers,2,4,4,response_only,0,0,False,0.0,0,False,False
burgers,2,4,5,response_only,0,0,False,0.0,0,False,False
burgers,2,4,6,response_only,0,0,False,0.0,0,False,False
burgers,2,4,7,response_only,0,0,False,0.0,0,False,False
burgers,2,4,8,response_only,0,0,False,0.0,0,False,False
burgers,2,4,9,response_only,0,0,False,0.0,0,False,False
burgers,2,4,10,response_only,0,0,False,0.0,0,False,False
burgers,2,4,11,response_only,0,0,False,0.0,0,False,False
burgers,2,4,12,response_only,0,0,False,0.0,0,False,False
burgers,2,4,13,response_only,0,0,False,0.0,0,False,False
burgers,2,4,14,response_only,0,0,False,0.0,0,False,False
burgers,2,4,15,response_only,0,0,False,0.0,0,False,False
burgers,2,4,16,response_only,0,0,False,0.0,0,False,False
burgers,2,4,17,response_only,0,0,False,0.0,0,False,False
burgers,2,4,18,response_only,0,0,False,0.0,0,False,False
burgers,2,4,19,response_only,0,0,False,0.0,0,False,False
burgers,2,4,20,response_only,0,0,False,0.0,0,False,False
burgers,2,4,21,response_only,0,0,False,0.0,0,False,False
burgers,2,4,22,response_only,0,0,False,0.0,0,False,False
burgers,2,4,23,response_only,0,0,False,0.0,0,False,False
burgers,2,4,24,response_only,0,0,False,0.0,0,False,False
burgers,2,4,25,response_only,0,0,False,0.0,0,False,False
burgers,2,4,26,response_only,0,0,False,0.0,0,False,False
burgers,2,4,27,response_only,0,0,False,0.0,0,False,False
burgers,2,4,28,response_only,0,0,False,0.0,0,False,False
burgers,2,4,29,response_only,0,0,False,0.0,0,False,False
burgers,2,4,0,combined,0,0,False,0.0,0,False,False
burgers,2,4,1,combined,0,0,False,0.0,0,False,False
burgers,2,4,2,combined,0,0,False,0.0,0,False,False
burgers,2,4,3,combined,0,0,False,0.0,0,False,False
burgers,2,4,4,combined,0,0,False,0.0,0,False,False
burgers,2,4,5,combined,0,0,False,0.0,0,False,False
burgers,2,4,6,combined,0,0,False,0.0,0,False,False
burgers,2,4,7,combined,0,0,False,0.0,0,False,False
burgers,2,4,8,combined,0,0,False,0.0,0,False,False
burgers,2,4,9,combined,0,0,False,0.0,0,False,False
burgers,2,4,10,combined,0,0,False,0.0,0,False,False
burgers,2,4,11,combined,0,0,False,0.0,0,False,False
burgers,2,4,12,combined,0,0,False,0.0,0,False,False
burgers,2,4,13,combined,0,0,False,0.0,0,False,False
burgers,2,4,14,combined,0,0,False,0.0,0,False,False
burgers,2,4,15,combined,0,0,False,0.0,0,False,False
burgers,2,4,16,combined,0,0,False,0.0,0,False,False
burgers,2,4,17,combined,0,0,False,0.0,0,False,False
burgers,2,4,18,combined,0,0,False,0.0,0,False,False
burgers,2,4,19,combined,0,0,False,0.0,0,False,False
burgers,2,4,20,combined,0,0,False,0.0,0,False,False
burgers,2,4,21,combined,0,0,False,0.0,0,False,False
burgers,2,4,22,combined,0,0,False,0.0,0,False,False
burgers,2,4,23,combined,0,0,False,0.0,0,False,False
burgers,2,4,24,combined,0,0,False,0.0,0,False,False
burgers,2,4,25,combined,0,0,False,0.0,0,False,False
burgers,2,4,26,combined,0,0,False,0.0,0,False,False
burgers,2,4,27,combined,0,0,False,0.0,0,False,False
burgers,2,4,28,combined,0,0,False,0.0,0,False,False
burgers,2,4,29,combined,0,0,False,0.0,0,False,False
burgers,2,8,0,inference_only,0,0,False,0.0,0,False,False
burgers,2,8,1,inference_only,0,0,False,0.0,0,False,False
burgers,2,8,2,inference_only,0,0,False,0.0,0,False,False
burgers,2,8,3,inference_only,0,0,False,0.0,0,False,False
burgers,2,8,4,inference_only,0,0,False,0.0,0,False,False
burgers,2,8,5,inference_only,0,0,False,0.0,0,False,False
burgers,2,8,6,inference_only,0,0,False,0.0,0,False,False
burgers,2,8,7,inference_only,0,0,False,0.0,0,False,False
burgers,2,8,8,inference_only,0,0,False,0.0,0,False,False
burgers,2,8,9,inference_only,0,0,False,0.0,0,False,False
burgers,2,8,10,inference_only,0,0,False,0.0,0,False,False
burgers,2,8,11,inference_only,0,0,False,0.0,0,False,False
burgers,2,8,12,inference_only,0,0,False,0.0,0,False,False
burgers,2,8,13,inference_only,0,0,False,0.0,0,False,False
burgers,2,8,14,inference_only,0,0,False,0.0,0,False,False
burgers,2,8,15,inference_only,0,0,False,0.0,0,False,False
burgers,2,8,16,inference_only,0,0,False,0.0,0,False,False
burgers,2,8,17,inference_only,0,0,False,0.0,0,False,False
burgers,2,8,18,inference_only,0,0,False,0.0,0,False,False
burgers,2,8,19,inference_only,0,0,False,0.0,0,False,False
burgers,2,8,20,inference_only,0,0,False,0.0,0,False,False
burgers,2,8,21,inference_only,0,0,False,0.0,0,False,False
burgers,2,8,22,inference_only,0,0,False,0.0,0,False,False
burgers,2,8,23,inference_only,0,0,False,0.0,0,False,False
burgers,2,8,24,inference_only,0,0,False,0.0,0,False,False
burgers,2,8,25,inference_only,0,0,False,0.0,0,False,False
burgers,2,8,26,inference_only,0,0,False,0.0,0,False,False
burgers,2,8,27,inference_only,0,0,False,0.0,0,False,False
burgers,2,8,28,inference_only,0,0,False,0.0,0,False,False
burgers,2,8,29,inference_only,0,0,False,0.0,0,False,False
burgers,2,8,0,response_only,0,0,False,0.0,0,False,False
burgers,2,8,1,response_only,0,0,False,0.0,0,False,False
burgers,2,8,2,response_only,0,0,False,0.0,0,False,False
burgers,2,8,3,response_only,0,0,False,0.0,0,False,False
burgers,2,8,4,response_only,0,0,False,0.0,0,False,False
burgers,2,8,5,response_only,0,0,False,0.0,0,False,False
burgers,2,8,6,response_only,0,0,False,0.0,0,False,False
burgers,2,8,7,response_only,0,0,False,0.0,0,False,False
burgers,2,8,8,response_only,0,0,False,0.0,0,False,False
burgers,2,8,9,response_only,0,0,False,0.0,0,False,False
burgers,2,8,10,response_only,0,0,False,0.0,0,False,False
burgers,2,8,11,response_only,0,0,False,0.0,0,False,False
burgers,2,8,12,response_only,0,0,False,0.0,0,False,False
burgers,2,8,13,response_only,0,0,False,0.0,0,False,False
burgers,2,8,14,response_only,0,0,False,0.0,0,False,False
burgers,2,8,15,response_only,0,0,False,0.0,0,False,False
burgers,2,8,16,response_only,0,0,False,0.0,0,False,False
burgers,2,8,17,response_only,0,0,False,0.0,0,False,False
burgers,2,8,18,response_only,0,0,False,0.0,0,False,False
burgers,2,8,19,response_only,0,0,False,0.0,0,False,False
burgers,2,8,20,response_only,0,0,False,0.0,0,False,False
burgers,2,8,21,response_only,0,0,False,0.0,0,False,False
burgers,2,8,22,response_only,0,0,False,0.0,0,False,False
burgers,2,8,23,response_only,0,0,False,0.0,0,False,False
burgers,2,8,24,response_only,0,0,False,0.0,0,False,False
burgers,2,8,25,response_only,0,0,False,0.0,0,False,False
burgers,2,8,26,response_only,0,0,False,0.0,0,False,False
burgers,2,8,27,response_only,0,0,False,0.0,0,False,False
burgers,2,8,28,response_only,0,0,False,0.0,0,False,False
burgers,2,8,29,response_only,0,0,False,0.0,0,False,False
burgers,2,8,0,combined,0,0,False,0.0,0,False,False
burgers,2,8,1,combined,0,0,False,0.0,0,False,False
burgers,2,8,2,combined,0,0,False,0.0,0,False,False
burgers,2,8,3,combined,0,0,False,0.0,0,False,False
burgers,2,8,4,combined,0,0,False,0.0,0,False,False
burgers,2,8,5,combined,0,0,False,0.0,0,False,False
burgers,2,8,6,combined,0,0,False,0.0,0,False,False
burgers,2,8,7,combined,0,0,False,0.0,0,False,False
burgers,2,8,8,combined,0,0,False,0.0,0,False,False
burgers,2,8,9,combined,0,0,False,0.0,0,False,False
burgers,2,8,10,combined,0,0,False,0.0,0,False,False
burgers,2,8,11,combined,0,0,False,0.0,0,False,False
burgers,2,8,12,combined,0,0,False,0.0,0,False,False
burgers,2,8,13,combined,0,0,False,0.0,0,False,False
burgers,2,8,14,combined,0,0,False,0.0,0,False,False
burgers,2,8,15,combined,0,0,False,0.0,0,False,False
burgers,2,8,16,combined,0,0,False,0.0,0,False,False
burgers,2,8,17,combined,0,0,False,0.0,0,False,False
burgers,2,8,18,combined,0,0,False,0.0,0,False,False
burgers,2,8,19,combined,0,0,False,0.0,0,False,False
burgers,2,8,20,combined,0,0,False,0.0,0,False,False
burgers,2,8,21,combined,0,0,False,0.0,0,False,False
burgers,2,8,22,combined,0,0,False,0.0,0,False,False
burgers,2,8,23,combined,0,0,False,0.0,0,False,False
burgers,2,8,24,combined,0,0,False,0.0,0,False,False
burgers,2,8,25,combined,0,0,False,0.0,0,False,False
burgers,2,8,26,combined,0,0,False,0.0,0,False,False
burgers,2,8,27,combined,0,0,False,0.0,0,False,False
burgers,2,8,28,combined,0,0,False,0.0,0,False,False
burgers,2,8,29,combined,0,0,False,0.0,0,False,False
burgers,2,16,0,inference_only,0,0,False,0.0,0,False,False
burgers,2,16,1,inference_only,0,0,False,0.0,0,False,False
burgers,2,16,2,inference_only,0,0,False,0.0,0,False,False
burgers,2,16,3,inference_only,0,0,False,0.0,0,False,False
burgers,2,16,4,inference_only,0,0,False,0.0,0,False,False
burgers,2,16,5,inference_only,0,0,False,0.0,0,False,False
burgers,2,16,6,inference_only,0,0,False,0.0,0,False,False
burgers,2,16,7,inference_only,0,0,False,0.0,0,False,False
burgers,2,16,8,inference_only,0,0,False,0.0,0,False,False
burgers,2,16,9,inference_only,0,0,False,0.0,0,False,False
burgers,2,16,10,inference_only,0,0,False,0.0,0,False,False
burgers,2,16,11,inference_only,0,0,False,0.0,0,False,False
burgers,2,16,12,inference_only,0,0,False,0.0,0,False,False
burgers,2,16,13,inference_only,0,0,False,0.0,0,False,False
burgers,2,16,14,inference_only,0,0,False,0.0,0,False,False
burgers,2,16,15,inference_only,0,0,False,0.0,0,False,False
burgers,2,16,16,inference_only,0,0,False,0.0,0,False,False
burgers,2,16,17,inference_only,0,0,False,0.0,0,False,False
burgers,2,16,18,inference_only,0,0,False,0.0,0,False,False
burgers,2,16,19,inference_only,0,0,False,0.0,0,False,False
burgers,2,16,20,inference_only,0,0,False,0.0,0,False,False
burgers,2,16,21,inference_only,0,0,False,0.0,0,False,False
burgers,2,16,22,inference_only,0,0,False,0.0,0,False,False
burgers,2,16,23,inference_only,0,0,False,0.0,0,False,False
burgers,2,16,24,inference_only,0,0,False,0.0,0,False,False
burgers,2,16,25,inference_only,0,0,False,0.0,0,False,False
burgers,2,16,26,inference_only,0,0,False,0.0,0,False,False
burgers,2,16,27,inference_only,0,0,False,0.0,0,False,False
burgers,2,16,28,inference_only,0,0,False,0.0,0,False,False
burgers,2,16,29,inference_only,0,0,False,0.0,0,False,False
burgers,2,16,0,response_only,0,0,False,0.0,0,False,False
burgers,2,16,1,response_only,0,0,False,0.0,0,False,False
burgers,2,16,2,response_only,0,0,False,0.0,0,False,False
burgers,2,16,3,response_only,0,0,False,0.0,0,False,False
burgers,2,16,4,response_only,0,0,False,0.0,0,False,False
burgers,2,16,5,response_only,0,0,False,0.0,0,False,False
burgers,2,16,6,response_only,0,0,False,0.0,0,False,False
burgers,2,16,7,response_only,0,0,False,0.0,0,False,False
burgers,2,16,8,response_only,0,0,False,0.0,0,False,False
burgers,2,16,9,response_only,0,0,False,0.0,0,False,False
burgers,2,16,10,response_only,0,0,False,0.0,0,False,False
burgers,2,16,11,response_only,0,0,False,0.0,0,False,False
burgers,2,16,12,response_only,0,0,False,0.0,0,False,False
burgers,2,16,13,response_only,0,0,False,0.0,0,False,False
burgers,2,16,14,response_only,0,0,False,0.0,0,False,False
burgers,2,16,15,response_only,0,0,False,0.0,0,False,False
burgers,2,16,16,response_only,0,0,False,0.0,0,False,False
burgers,2,16,17,response_only,0,0,False,0.0,0,False,False
burgers,2,16,18,response_only,0,0,False,0.0,0,False,False
burgers,2,16,19,response_only,0,0,False,0.0,0,False,False
burgers,2,16,20,response_only,0,0,False,0.0,0,False,False
burgers,2,16,21,response_only,0,0,False,0.0,0,False,False
burgers,2,16,22,response_only,0,0,False,0.0,0,False,False
burgers,2,16,23,response_only,0,0,False,0.0,0,False,False
burgers,2,16,24,response_only,0,0,False,0.0,0,False,False
burgers,2,16,25,response_only,0,0,False,0.0,0,False,False
burgers,2,16,26,response_only,0,0,False,0.0,0,False,False
burgers,2,16,27,response_only,0,0,False,0.0,0,False,False
burgers,2,16,28,response_only,0,0,False,0.0,0,False,False
burgers,2,16,29,response_only,0,0,False,0.0,0,False,False
burgers,2,16,0,combined,0,0,False,0.0,0,False,False
burgers,2,16,1,combined,0,0,False,0.0,0,False,False
burgers,2,16,2,combined,0,0,False,0.0,0,False,False
burgers,2,16,3,combined,0,0,False,0.0,0,False,False
burgers,2,16,4,combined,0,0,False,0.0,0,False,False
burgers,2,16,5,combined,0,0,False,0.0,0,False,False
burgers,2,16,6,combined,0,0,False,0.0,0,False,False
burgers,2,16,7,combined,0,0,False,0.0,0,False,False
burgers,2,16,8,combined,0,0,False,0.0,0,False,False
burgers,2,16,9,combined,0,0,False,0.0,0,False,False
burgers,2,16,10,combined,0,0,False,0.0,0,False,False
burgers,2,16,11,combined,0,0,False,0.0,0,False,False
burgers,2,16,12,combined,0,0,False,0.0,0,False,False
burgers,2,16,13,combined,0,0,False,0.0,0,False,False
burgers,2,16,14,combined,0,0,False,0.0,0,False,False
burgers,2,16,15,combined,0,0,False,0.0,0,False,False
burgers,2,16,16,combined,0,0,False,0.0,0,False,False
burgers,2,16,17,combined,0,0,False,0.0,0,False,False
burgers,2,16,18,combined,0,0,False,0.0,0,False,False
burgers,2,16,19,combined,0,0,False,0.0,0,False,False
burgers,2,16,20,combined,0,0,False,0.0,0,False,False
burgers,2,16,21,combined,0,0,False,0.0,0,False,False
burgers,2,16,22,combined,0,0,False,0.0,0,False,False
burgers,2,16,23,combined,0,0,False,0.0,0,False,False
burgers,2,16,24,combined,0,0,False,0.0,0,False,False
burgers,2,16,25,combined,0,0,False,0.0,0,False,False
burgers,2,16,26,combined,0,0,False,0.0,0,False,False
burgers,2,16,27,combined,0,0,False,0.0,0,False,False
burgers,2,16,28,combined,0,0,False,0.0,0,False,False
burgers,2,16,29,combined,0,0,False,0.0,0,False,False
burgers,2,32,0,inference_only,0,0,False,0.0,0,False,False
burgers,2,32,1,inference_only,0,0,False,0.0,0,False,False
burgers,2,32,2,inference_only,0,0,False,0.0,0,False,False
burgers,2,32,3,inference_only,0,0,False,0.0,0,False,False
burgers,2,32,4,inference_only,0,0,False,0.0,0,False,False
burgers,2,32,5,inference_only,0,0,False,0.0,0,False,False
burgers,2,32,6,inference_only,0,0,False,0.0,0,False,False
burgers,2,32,7,inference_only,0,0,False,0.0,0,False,False
burgers,2,32,8,inference_only,0,0,False,0.0,0,False,False
burgers,2,32,9,inference_only,0,0,False,0.0,0,False,False
burgers,2,32,10,inference_only,0,0,False,0.0,0,False,False
burgers,2,32,11,inference_only,0,0,False,0.0,0,False,False
burgers,2,32,12,inference_only,0,0,False,0.0,0,False,False
burgers,2,32,13,inference_only,0,0,False,0.0,0,False,False
burgers,2,32,14,inference_only,0,0,False,0.0,0,False,False
burgers,2,32,15,inference_only,0,0,False,0.0,0,False,False
burgers,2,32,16,inference_only,0,0,False,0.0,0,False,False
burgers,2,32,17,inference_only,0,0,False,0.0,0,False,False
burgers,2,32,18,inference_only,0,0,False,0.0,0,False,False
burgers,2,32,19,inference_only,0,0,False,0.0,0,False,False
burgers,2,32,20,inference_only,0,0,False,0.0,0,False,False
burgers,2,32,21,inference_only,0,0,False,0.0,0,False,False
burgers,2,32,22,inference_only,0,0,False,0.0,0,False,False
burgers,2,32,23,inference_only,0,0,False,0.0,0,False,False
burgers,2,32,24,inference_only,0,0,False,0.0,0,False,False
burgers,2,32,25,inference_only,0,0,False,0.0,0,False,False
burgers,2,32,26,inference_only,0,0,False,0.0,0,False,False
burgers,2,32,27,inference_only,0,0,False,0.0,0,False,False
burgers,2,32,28,inference_only,0,0,False,0.0,0,False,False
burgers,2,32,29,inference_only,0,0,False,0.0,0,False,False
burgers,2,32,0,response_only,0,0,False,0.0,0,False,False
burgers,2,32,1,response_only,0,0,False,0.0,0,False,False
burgers,2,32,2,response_only,0,0,False,0.0,0,False,False
burgers,2,32,3,response_only,0,0,False,0.0,0,False,False
burgers,2,32,4,response_only,0,0,False,0.0,0,False,False
burgers,2,32,5,response_only,0,0,False,0.0,0,False,False
burgers,2,32,6,response_only,0,0,False,0.0,0,False,False
burgers,2,32,7,response_only,0,0,False,0.0,0,False,False
burgers,2,32,8,response_only,0,0,False,0.0,0,False,False
burgers,2,32,9,response_only,0,0,False,0.0,0,False,False
burgers,2,32,10,response_only,0,0,False,0.0,0,False,False
burgers,2,32,11,response_only,0,0,False,0.0,0,False,False
burgers,2,32,12,response_only,0,0,False,0.0,0,False,False
burgers,2,32,13,response_only,0,0,False,0.0,0,False,False
burgers,2,32,14,response_only,0,0,False,0.0,0,False,False
burgers,2,32,15,response_only,0,0,False,0.0,0,False,False
burgers,2,32,16,response_only,0,0,False,0.0,0,False,False
burgers,2,32,17,response_only,0,0,False,0.0,0,False,False
burgers,2,32,18,response_only,0,0,False,0.0,0,False,False
burgers,2,32,19,response_only,0,0,False,0.0,0,False,False
burgers,2,32,20,response_only,0,0,False,0.0,0,False,False
burgers,2,32,21,response_only,0,0,False,0.0,0,False,False
burgers,2,32,22,response_only,0,0,False,0.0,0,False,False
burgers,2,32,23,response_only,0,0,False,0.0,0,False,False
burgers,2,32,24,response_only,0,0,False,0.0,0,False,False
burgers,2,32,25,response_only,0,0,False,0.0,0,False,False
burgers,2,32,26,response_only,0,0,False,0.0,0,False,False
burgers,2,32,27,response_only,0,0,False,0.0,0,False,False
burgers,2,32,28,response_only,0,0,False,0.0,0,False,False
burgers,2,32,29,response_only,0,0,False,0.0,0,False,False
burgers,2,32,0,combined,0,0,False,0.0,0,False,False
burgers,2,32,1,combined,0,0,False,0.0,0,False,False
burgers,2,32,2,combined,0,0,False,0.0,0,False,False
burgers,2,32,3,combined,0,0,False,0.0,0,False,False
burgers,2,32,4,combined,0,0,False,0.0,0,False,False
burgers,2,32,5,combined,0,0,False,0.0,0,False,False
burgers,2,32,6,combined,0,0,False,0.0,0,False,False
burgers,2,32,7,combined,0,0,False,0.0,0,False,False
burgers,2,32,8,combined,0,0,False,0.0,0,False,False
burgers,2,32,9,combined,0,0,False,0.0,0,False,False
burgers,2,32,10,combined,0,0,False,0.0,0,False,False
burgers,2,32,11,combined,0,0,False,0.0,0,False,False
burgers,2,32,12,combined,0,0,False,0.0,0,False,False
burgers,2,32,13,combined,0,0,False,0.0,0,False,False
burgers,2,32,14,combined,0,0,False,0.0,0,False,False
burgers,2,32,15,combined,0,0,False,0.0,0,False,False
burgers,2,32,16,combined,0,0,False,0.0,0,False,False
burgers,2,32,17,combined,0,0,False,0.0,0,False,False
burgers,2,32,18,combined,0,0,False,0.0,0,False,False
burgers,2,32,19,combined,0,0,False,0.0,0,False,False
burgers,2,32,20,combined,0,0,False,0.0,0,False,False
burgers,2,32,21,combined,0,0,False,0.0,0,False,False
burgers,2,32,22,combined,0,0,False,0.0,0,False,False
burgers,2,32,23,combined,0,0,False,0.0,0,False,False
burgers,2,32,24,combined,0,0,False,0.0,0,False,False
burgers,2,32,25,combined,0,0,False,0.0,0,False,False
burgers,2,32,26,combined,0,0,False,0.0,0,False,False
burgers,2,32,27,combined,0,0,False,0.0,0,False,False
burgers,2,32,28,combined,0,0,False,0.0,0,False,False
burgers,2,32,29,combined,0,0,False,0.0,0,False,False
burgers,2,64,0,inference_only,0,0,False,0.0,0,False,False
burgers,2,64,1,inference_only,0,0,False,0.0,0,False,False
burgers,2,64,2,inference_only,0,0,False,0.0,0,False,False
burgers,2,64,3,inference_only,0,0,False,0.0,0,False,False
burgers,2,64,4,inference_only,0,0,False,0.0,0,False,False
burgers,2,64,5,inference_only,0,0,False,0.0,0,False,False
burgers,2,64,6,inference_only,0,0,False,0.0,0,False,False
burgers,2,64,7,inference_only,0,0,False,0.0,0,False,False
burgers,2,64,8,inference_only,0,0,False,0.0,0,False,False
burgers,2,64,9,inference_only,0,0,False,0.0,0,False,False
burgers,2,64,10,inference_only,0,0,False,0.0,0,False,False
burgers,2,64,11,inference_only,0,0,False,0.0,0,False,False
burgers,2,64,12,inference_only,0,0,False,0.0,0,False,False
burgers,2,64,13,inference_only,0,0,False,0.0,0,False,False
burgers,2,64,14,inference_only,0,0,False,0.0,0,False,False
burgers,2,64,15,inference_only,0,0,False,0.0,0,False,False
burgers,2,64,16,inference_only,0,0,False,0.0,0,False,False
burgers,2,64,17,inference_only,0,0,False,0.0,0,False,False
burgers,2,64,18,inference_only,0,0,False,0.0,0,False,False
burgers,2,64,19,inference_only,0,0,False,0.0,0,False,False
burgers,2,64,20,inference_only,0,0,False,0.0,0,False,False
burgers,2,64,21,inference_only,0,0,False,0.0,0,False,False
burgers,2,64,22,inference_only,0,0,False,0.0,0,False,False
burgers,2,64,23,inference_only,0,0,False,0.0,0,False,False
burgers,2,64,24,inference_only,0,0,False,0.0,0,False,False
burgers,2,64,25,inference_only,0,0,False,0.0,0,False,False
burgers,2,64,26,inference_only,0,0,False,0.0,0,False,False
burgers,2,64,27,inference_only,0,0,False,0.0,0,False,False
burgers,2,64,28,inference_only,0,0,False,0.0,0,False,False
burgers,2,64,29,inference_only,0,0,False,0.0,0,False,False
burgers,2,64,0,response_only,0,0,False,0.0,0,False,False
burgers,2,64,1,response_only,0,0,False,0.0,0,False,False
burgers,2,64,2,response_only,0,0,False,0.0,0,False,False
burgers,2,64,3,response_only,0,0,False,0.0,0,False,False
burgers,2,64,4,response_only,0,0,False,0.0,0,False,False
burgers,2,64,5,response_only,0,0,False,0.0,0,False,False
burgers,2,64,6,response_only,0,0,False,0.0,0,False,False
burgers,2,64,7,response_only,0,0,False,0.0,0,False,False
burgers,2,64,8,response_only,0,0,False,0.0,0,False,False
burgers,2,64,9,response_only,0,0,False,0.0,0,False,False
burgers,2,64,10,response_only,0,0,False,0.0,0,False,False
burgers,2,64,11,response_only,0,0,False,0.0,0,False,False
burgers,2,64,12,response_only,0,0,False,0.0,0,False,False
burgers,2,64,13,response_only,0,0,False,0.0,0,False,False
burgers,2,64,14,response_only,0,0,False,0.0,0,False,False
burgers,2,64,15,response_only,0,0,False,0.0,0,False,False
burgers,2,64,16,response_only,0,0,False,0.0,0,False,False
burgers,2,64,17,response_only,0,0,False,0.0,0,False,False
burgers,2,64,18,response_only,0,0,False,0.0,0,False,False
burgers,2,64,19,response_only,0,0,False,0.0,0,False,False
burgers,2,64,20,response_only,0,0,False,0.0,0,False,False
burgers,2,64,21,response_only,0,0,False,0.0,0,False,False
burgers,2,64,22,response_only,0,0,False,0.0,0,False,False
burgers,2,64,23,response_only,0,0,False,0.0,0,False,False
burgers,2,64,24,response_only,0,0,False,0.0,0,False,False
burgers,2,64,25,response_only,0,0,False,0.0,0,False,False
burgers,2,64,26,response_only,0,0,False,0.0,0,False,False
burgers,2,64,27,response_only,0,0,False,0.0,0,False,False
burgers,2,64,28,response_only,0,0,False,0.0,0,False,False
burgers,2,64,29,response_only,0,0,False,0.0,0,False,False
burgers,2,64,0,combined,0,0,False,0.0,0,False,False
burgers,2,64,1,combined,0,0,False,0.0,0,False,False
burgers,2,64,2,combined,0,0,False,0.0,0,False,False
burgers,2,64,3,combined,0,0,False,0.0,0,False,False
burgers,2,64,4,combined,0,0,False,0.0,0,False,False
burgers,2,64,5,combined,0,0,False,0.0,0,False,False
burgers,2,64,6,combined,0,0,False,0.0,0,False,False
burgers,2,64,7,combined,0,0,False,0.0,0,False,False
burgers,2,64,8,combined,0,0,False,0.0,0,False,False
burgers,2,64,9,combined,0,0,False,0.0,0,False,False
burgers,2,64,10,combined,0,0,False,0.0,0,False,False
burgers,2,64,11,combined,0,0,False,0.0,0,False,False
burgers,2,64,12,combined,0,0,False,0.0,0,False,False
burgers,2,64,13,combined,0,0,False,0.0,0,False,False
burgers,2,64,14,combined,0,0,False,0.0,0,False,False
burgers,2,64,15,combined,0,0,False,0.0,0,False,False
burgers,2,64,16,combined,0,0,False,0.0,0,False,False
burgers,2,64,17,combined,0,0,False,0.0,0,False,False
burgers,2,64,18,combined,0,0,False,0.0,0,False,False
burgers,2,64,19,combined,0,0,False,0.0,0,False,False
burgers,2,64,20,combined,0,0,False,0.0,0,False,False
burgers,2,64,21,combined,0,0,False,0.0,0,False,False
burgers,2,64,22,combined,0,0,False,0.0,0,False,False
burgers,2,64,23,combined,0,0,False,0.0,0,False,False
burgers,2,64,24,combined,0,0,False,0.0,0,False,False
burgers,2,64,25,combined,0,0,False,0.0,0,False,False
burgers,2,64,26,combined,0,0,False,0.0,0,False,False
burgers,2,64,27,combined,0,0,False,0.0,0,False,False
burgers,2,64,28,combined,0,0,False,0.0,0,False,False
burgers,2,64,29,combined,0,0,False,0.0,0,False,False
burgers,3,2,0,inference_only,0,0,False,0.0,0,False,False
burgers,3,2,1,inference_only,0,0,False,0.0,0,False,False
burgers,3,2,2,inference_only,0,0,False,0.0,0,False,False
burgers,3,2,3,inference_only,0,0,False,0.0,0,False,False
burgers,3,2,4,inference_only,0,0,False,0.0,0,False,False
burgers,3,2,5,inference_only,0,0,False,0.0,0,False,False
burgers,3,2,6,inference_only,0,0,False,0.0,0,False,False
burgers,3,2,7,inference_only,0,0,False,0.0,0,False,False
burgers,3,2,8,inference_only,0,0,False,0.0,0,False,False
burgers,3,2,9,inference_only,0,0,False,0.0,0,False,False
burgers,3,2,10,inference_only,0,0,False,0.0,0,False,False
burgers,3,2,11,inference_only,0,0,False,0.0,0,False,False
burgers,3,2,12,inference_only,0,0,False,0.0,0,False,False
burgers,3,2,13,inference_only,0,0,False,0.0,0,False,False
burgers,3,2,14,inference_only,0,0,False,0.0,0,False,False
burgers,3,2,15,inference_only,0,0,False,0.0,0,False,False
burgers,3,2,16,inference_only,0,0,False,0.0,0,False,False
burgers,3,2,17,inference_only,0,0,False,0.0,0,False,False
burgers,3,2,18,inference_only,0,0,False,0.0,0,False,False
burgers,3,2,19,inference_only,0,0,False,0.0,0,False,False
burgers,3,2,20,inference_only,0,0,False,0.0,0,False,False
burgers,3,2,21,inference_only,0,0,False,0.0,0,False,False
burgers,3,2,22,inference_only,0,0,False,0.0,0,False,False
burgers,3,2,23,inference_only,0,0,False,0.0,0,False,False
burgers,3,2,24,inference_only,0,0,False,0.0,0,False,False
burgers,3,2,25,inference_only,0,0,False,0.0,0,False,False
burgers,3,2,26,inference_only,0,0,False,0.0,0,False,False
burgers,3,2,27,inference_only,0,0,False,0.0,0,False,False
burgers,3,2,28,inference_only,0,0,False,0.0,0,False,False
burgers,3,2,29,inference_only,0,0,False,0.0,0,False,False
burgers,3,2,0,response_only,0,0,False,0.0,0,False,False
burgers,3,2,1,response_only,0,0,False,0.0,0,False,False
burgers,3,2,2,response_only,0,0,False,0.0,0,False,False
burgers,3,2,3,response_only,0,0,False,0.0,0,False,False
burgers,3,2,4,response_only,0,0,False,0.0,0,False,False
burgers,3,2,5,response_only,0,0,False,0.0,0,False,False
burgers,3,2,6,response_only,0,0,False,0.0,0,False,False
burgers,3,2,7,response_only,0,0,False,0.0,0,False,False
burgers,3,2,8,response_only,0,0,False,0.0,0,False,False
burgers,3,2,9,response_only,0,0,False,0.0,0,False,False
burgers,3,2,10,response_only,0,0,False,0.0,0,False,False
burgers,3,2,11,response_only,0,0,False,0.0,0,False,False
burgers,3,2,12,response_only,0,0,False,0.0,0,False,False
burgers,3,2,13,response_only,0,0,False,0.0,0,False,False
burgers,3,2,14,response_only,0,0,False,0.0,0,False,False
burgers,3,2,15,response_only,0,0,False,0.0,0,False,False
burgers,3,2,16,response_only,0,0,False,0.0,0,False,False
burgers,3,2,17,response_only,0,0,False,0.0,0,False,False
burgers,3,2,18,response_only,0,0,False,0.0,0,False,False
burgers,3,2,19,response_only,0,0,False,0.0,0,False,False
burgers,3,2,20,response_only,0,0,False,0.0,0,False,False
burgers,3,2,21,response_only,0,0,False,0.0,0,False,False
burgers,3,2,22,response_only,0,0,False,0.0,0,False,False
burgers,3,2,23,response_only,0,0,False,0.0,0,False,False
burgers,3,2,24,response_only,0,0,False,0.0,0,False,False
burgers,3,2,25,response_only,0,0,False,0.0,0,False,False
burgers,3,2,26,response_only,0,0,False,0.0,0,False,False
burgers,3,2,27,response_only,0,0,False,0.0,0,False,False
burgers,3,2,28,response_only,0,0,False,0.0,0,False,False
burgers,3,2,29,response_only,0,0,False,0.0,0,False,False
burgers,3,2,0,combined,0,0,False,0.0,0,False,False
burgers,3,2,1,combined,0,0,False,0.0,0,False,False
burgers,3,2,2,combined,0,0,False,0.0,0,False,False
burgers,3,2,3,combined,0,0,False,0.0,0,False,False
burgers,3,2,4,combined,0,0,False,0.0,0,False,False
burgers,3,2,5,combined,0,0,False,0.0,0,False,False
burgers,3,2,6,combined,0,0,False,0.0,0,False,False
burgers,3,2,7,combined,0,0,False,0.0,0,False,False
burgers,3,2,8,combined,0,0,False,0.0,0,False,False
burgers,3,2,9,combined,0,0,False,0.0,0,False,False
burgers,3,2,10,combined,0,0,False,0.0,0,False,False
burgers,3,2,11,combined,0,0,False,0.0,0,False,False
burgers,3,2,12,combined,0,0,False,0.0,0,False,False
burgers,3,2,13,combined,0,0,False,0.0,0,False,False
burgers,3,2,14,combined,0,0,False,0.0,0,False,False
burgers,3,2,15,combined,0,0,False,0.0,0,False,False
burgers,3,2,16,combined,0,0,False,0.0,0,False,False
burgers,3,2,17,combined,0,0,False,0.0,0,False,False
burgers,3,2,18,combined,0,0,False,0.0,0,False,False
burgers,3,2,19,combined,0,0,False,0.0,0,False,False
burgers,3,2,20,combined,0,0,False,0.0,0,False,False
burgers,3,2,21,combined,0,0,False,0.0,0,False,False
burgers,3,2,22,combined,0,0,False,0.0,0,False,False
burgers,3,2,23,combined,0,0,False,0.0,0,False,False
burgers,3,2,24,combined,0,0,False,0.0,0,False,False
burgers,3,2,25,combined,0,0,False,0.0,0,False,False
burgers,3,2,26,combined,0,0,False,0.0,0,False,False
burgers,3,2,27,combined,0,0,False,0.0,0,False,False
burgers,3,2,28,combined,0,0,False,0.0,0,False,False
burgers,3,2,29,combined,0,0,False,0.0,0,False,False
burgers,3,4,0,inference_only,0,0,False,0.0,0,False,False
burgers,3,4,1,inference_only,0,0,False,0.0,0,False,False
burgers,3,4,2,inference_only,0,0,False,0.0,0,False,False
burgers,3,4,3,inference_only,0,0,False,0.0,0,False,False
burgers,3,4,4,inference_only,0,0,False,0.0,0,False,False
burgers,3,4,5,inference_only,0,0,False,0.0,0,False,False
burgers,3,4,6,inference_only,0,0,False,0.0,0,False,False
burgers,3,4,7,inference_only,0,0,False,0.0,0,False,False
burgers,3,4,8,inference_only,0,0,False,0.0,0,False,False
burgers,3,4,9,inference_only,0,0,False,0.0,0,False,False
burgers,3,4,10,inference_only,0,0,False,0.0,0,False,False
burgers,3,4,11,inference_only,0,0,False,0.0,0,False,False
burgers,3,4,12,inference_only,0,0,False,0.0,0,False,False
burgers,3,4,13,inference_only,0,0,False,0.0,0,False,False
burgers,3,4,14,inference_only,0,0,False,0.0,0,False,False
burgers,3,4,15,inference_only,0,0,False,0.0,0,False,False
burgers,3,4,16,inference_only,0,0,False,0.0,0,False,False
burgers,3,4,17,inference_only,0,0,False,0.0,0,False,False
burgers,3,4,18,inference_only,0,0,False,0.0,0,False,False
burgers,3,4,19,inference_only,0,0,False,0.0,0,False,False
burgers,3,4,20,inference_only,0,0,False,0.0,0,False,False
burgers,3,4,21,inference_only,0,0,False,0.0,0,False,False
burgers,3,4,22,inference_only,0,0,False,0.0,0,False,False
burgers,3,4,23,inference_only,0,0,False,0.0,0,False,False
burgers,3,4,24,inference_only,0,0,False,0.0,0,False,False
burgers,3,4,25,inference_only,0,0,False,0.0,0,False,False
burgers,3,4,26,inference_only,0,0,False,0.0,0,False,False
burgers,3,4,27,inference_only,0,0,False,0.0,0,False,False
burgers,3,4,28,inference_only,0,0,False,0.0,0,False,False
burgers,3,4,29,inference_only,0,0,False,0.0,0,False,False
burgers,3,4,0,response_only,0,0,False,0.0,0,False,False
burgers,3,4,1,response_only,0,0,False,0.0,0,False,False
burgers,3,4,2,response_only,0,0,False,0.0,0,False,False
burgers,3,4,3,response_only,0,0,False,0.0,0,False,False
burgers,3,4,4,response_only,0,0,False,0.0,0,False,False
burgers,3,4,5,response_only,0,0,False,0.0,0,False,False
burgers,3,4,6,response_only,0,0,False,0.0,0,False,False
burgers,3,4,7,response_only,0,0,False,0.0,0,False,False
burgers,3,4,8,response_only,0,0,False,0.0,0,False,False
burgers,3,4,9,response_only,0,0,False,0.0,0,False,False
burgers,3,4,10,response_only,0,0,False,0.0,0,False,False
burgers,3,4,11,response_only,0,0,False,0.0,0,False,False
burgers,3,4,12,response_only,0,0,False,0.0,0,False,False
burgers,3,4,13,response_only,0,0,False,0.0,0,False,False
burgers,3,4,14,response_only,0,0,False,0.0,0,False,False
burgers,3,4,15,response_only,0,0,False,0.0,0,False,False
burgers,3,4,16,response_only,0,0,False,0.0,0,False,False
burgers,3,4,17,response_only,0,0,False,0.0,0,False,False
burgers,3,4,18,response_only,0,0,False,0.0,0,False,False
burgers,3,4,19,response_only,0,0,False,0.0,0,False,False
burgers,3,4,20,response_only,0,0,False,0.0,0,False,False
burgers,3,4,21,response_only,0,0,False,0.0,0,False,False
burgers,3,4,22,response_only,0,0,False,0.0,0,False,False
burgers,3,4,23,response_only,0,0,False,0.0,0,False,False
burgers,3,4,24,response_only,0,0,False,0.0,0,False,False
burgers,3,4,25,response_only,0,0,False,0.0,0,False,False
burgers,3,4,26,response_only,0,0,False,0.0,0,False,False
burgers,3,4,27,response_only,0,0,False,0.0,0,False,False
burgers,3,4,28,response_only,0,0,False,0.0,0,False,False
burgers,3,4,29,response_only,0,0,False,0.0,0,False,False
burgers,3,4,0,combined,0,0,False,0.0,0,False,False
burgers,3,4,1,combined,0,0,False,0.0,0,False,False
burgers,3,4,2,combined,0,0,False,0.0,0,False,False
burgers,3,4,3,combined,0,0,False,0.0,0,False,False
burgers,3,4,4,combined,0,0,False,0.0,0,False,False
burgers,3,4,5,combined,0,0,False,0.0,0,False,False
burgers,3,4,6,combined,0,0,False,0.0,0,False,False
burgers,3,4,7,combined,0,0,False,0.0,0,False,False
burgers,3,4,8,combined,0,0,False,0.0,0,False,False
burgers,3,4,9,combined,0,0,False,0.0,0,False,False
burgers,3,4,10,combined,0,0,False,0.0,0,False,False
burgers,3,4,11,combined,0,0,False,0.0,0,False,False
burgers,3,4,12,combined,0,0,False,0.0,0,False,False
burgers,3,4,13,combined,0,0,False,0.0,0,False,False
burgers,3,4,14,combined,0,0,False,0.0,0,False,False
burgers,3,4,15,combined,0,0,False,0.0,0,False,False
burgers,3,4,16,combined,0,0,False,0.0,0,False,False
burgers,3,4,17,combined,0,0,False,0.0,0,False,False
burgers,3,4,18,combined,0,0,False,0.0,0,False,False
burgers,3,4,19,combined,0,0,False,0.0,0,False,False
burgers,3,4,20,combined,0,0,False,0.0,0,False,False
burgers,3,4,21,combined,0,0,False,0.0,0,False,False
burgers,3,4,22,combined,0,0,False,0.0,0,False,False
burgers,3,4,23,combined,0,0,False,0.0,0,False,False
burgers,3,4,24,combined,0,0,False,0.0,0,False,False
burgers,3,4,25,combined,0,0,False,0.0,0,False,False
burgers,3,4,26,combined,0,0,False,0.0,0,False,False
burgers,3,4,27,combined,0,0,False,0.0,0,False,False
burgers,3,4,28,combined,0,0,False,0.0,0,False,False
burgers,3,4,29,combined,0,0,False,0.0,0,False,False
burgers,3,8,0,inference_only,0,0,False,0.0,0,False,False
burgers,3,8,1,inference_only,0,0,False,0.0,0,False,False
burgers,3,8,2,inference_only,0,0,False,0.0,0,False,False
burgers,3,8,3,inference_only,0,0,False,0.0,0,False,False
burgers,3,8,4,inference_only,0,0,False,0.0,0,False,False
burgers,3,8,5,inference_only,0,0,False,0.0,0,False,False
burgers,3,8,6,inference_only,0,0,False,0.0,0,False,False
burgers,3,8,7,inference_only,0,0,False,0.0,0,False,False
burgers,3,8,8,inference_only,0,0,False,0.0,0,False,False
burgers,3,8,9,inference_only,0,0,False,0.0,0,False,False
burgers,3,8,10,inference_only,0,0,False,0.0,0,False,False
burgers,3,8,11,inference_only,0,0,False,0.0,0,False,False
burgers,3,8,12,inference_only,0,0,False,0.0,0,False,False
burgers,3,8,13,inference_only,0,0,False,0.0,0,False,False
burgers,3,8,14,inference_only,0,0,False,0.0,0,False,False
burgers,3,8,15,inference_only,0,0,False,0.0,0,False,False
burgers,3,8,16,inference_only,0,0,False,0.0,0,False,False
burgers,3,8,17,inference_only,0,0,False,0.0,0,False,False
burgers,3,8,18,inference_only,0,0,False,0.0,0,False,False
burgers,3,8,19,inference_only,0,0,False,0.0,0,False,False
burgers,3,8,20,inference_only,0,0,False,0.0,0,False,False
burgers,3,8,21,inference_only,0,0,False,0.0,0,False,False
burgers,3,8,22,inference_only,0,0,False,0.0,0,False,False
burgers,3,8,23,inference_only,0,0,False,0.0,0,False,False
burgers,3,8,24,inference_only,0,0,False,0.0,0,False,False
burgers,3,8,25,inference_only,0,0,False,0.0,0,False,False
burgers,3,8,26,inference_only,0,0,False,0.0,0,False,False
burgers,3,8,27,inference_only,0,0,False,0.0,0,False,False
burgers,3,8,28,inference_only,0,0,False,0.0,0,False,False
burgers,3,8,29,inference_only,0,0,False,0.0,0,False,False
burgers,3,8,0,response_only,0,0,False,0.0,0,False,False
burgers,3,8,1,response_only,0,0,False,0.0,0,False,False
burgers,3,8,2,response_only,0,0,False,0.0,0,False,False
burgers,3,8,3,response_only,0,0,False,0.0,0,False,False
burgers,3,8,4,response_only,0,0,False,0.0,0,False,False
burgers,3,8,5,response_only,0,0,False,0.0,0,False,False
burgers,3,8,6,response_only,0,0,False,0.0,0,False,False
burgers,3,8,7,response_only,0,0,False,0.0,0,False,False
burgers,3,8,8,response_only,0,0,False,0.0,0,False,False
burgers,3,8,9,response_only,0,0,False,0.0,0,False,False
burgers,3,8,10,response_only,0,0,False,0.0,0,False,False
burgers,3,8,11,response_only,0,0,False,0.0,0,False,False
burgers,3,8,12,response_only,0,0,False,0.0,0,False,False
burgers,3,8,13,response_only,0,0,False,0.0,0,False,False
burgers,3,8,14,response_only,0,0,False,0.0,0,False,False
burgers,3,8,15,response_only,0,0,False,0.0,0,False,False
burgers,3,8,16,response_only,0,0,False,0.0,0,False,False
burgers,3,8,17,response_only,0,0,False,0.0,0,False,False
burgers,3,8,18,response_only,0,0,False,0.0,0,False,False
burgers,3,8,19,response_only,0,0,False,0.0,0,False,False
burgers,3,8,20,response_only,0,0,False,0.0,0,False,False
burgers,3,8,21,response_only,0,0,False,0.0,0,False,False
burgers,3,8,22,response_only,0,0,False,0.0,0,False,False
burgers,3,8,23,response_only,0,0,False,0.0,0,False,False
burgers,3,8,24,response_only,0,0,False,0.0,0,False,False
burgers,3,8,25,response_only,0,0,False,0.0,0,False,False
burgers,3,8,26,response_only,0,0,False,0.0,0,False,False
burgers,3,8,27,response_only,0,0,False,0.0,0,False,False
burgers,3,8,28,response_only,0,0,False,0.0,0,False,False
burgers,3,8,29,response_only,0,0,False,0.0,0,False,False
burgers,3,8,0,combined,0,0,False,0.0,0,False,False
burgers,3,8,1,combined,0,0,False,0.0,0,False,False
burgers,3,8,2,combined,0,0,False,0.0,0,False,False
burgers,3,8,3,combined,0,0,False,0.0,0,False,False
burgers,3,8,4,combined,0,0,False,0.0,0,False,False
burgers,3,8,5,combined,0,0,False,0.0,0,False,False
burgers,3,8,6,combined,0,0,False,0.0,0,False,False
burgers,3,8,7,combined,0,0,False,0.0,0,False,False
burgers,3,8,8,combined,0,0,False,0.0,0,False,False
burgers,3,8,9,combined,0,0,False,0.0,0,False,False
burgers,3,8,10,combined,0,0,False,0.0,0,False,False
burgers,3,8,11,combined,0,0,False,0.0,0,False,False
burgers,3,8,12,combined,0,0,False,0.0,0,False,False
burgers,3,8,13,combined,0,0,False,0.0,0,False,False
burgers,3,8,14,combined,0,0,False,0.0,0,False,False
burgers,3,8,15,combined,0,0,False,0.0,0,False,False
burgers,3,8,16,combined,0,0,False,0.0,0,False,False
burgers,3,8,17,combined,0,0,False,0.0,0,False,False
burgers,3,8,18,combined,0,0,False,0.0,0,False,False
burgers,3,8,19,combined,0,0,False,0.0,0,False,False
burgers,3,8,20,combined,0,0,False,0.0,0,False,False
burgers,3,8,21,combined,0,0,False,0.0,0,False,False
burgers,3,8,22,combined,0,0,False,0.0,0,False,False
burgers,3,8,23,combined,0,0,False,0.0,0,False,False
burgers,3,8,24,combined,0,0,False,0.0,0,False,False
burgers,3,8,25,combined,0,0,False,0.0,0,False,False
burgers,3,8,26,combined,0,0,False,0.0,0,False,False
burgers,3,8,27,combined,0,0,False,0.0,0,False,False
burgers,3,8,28,combined,0,0,False,0.0,0,False,False
burgers,3,8,29,combined,0,0,False,0.0,0,False,False
burgers,3,16,0,inference_only,0,0,False,0.0,0,False,False
burgers,3,16,1,inference_only,0,0,False,0.0,0,False,False
burgers,3,16,2,inference_only,0,0,False,0.0,0,False,False
burgers,3,16,3,inference_only,0,0,False,0.0,0,False,False
burgers,3,16,4,inference_only,0,0,False,0.0,0,False,False
burgers,3,16,5,inference_only,0,0,False,0.0,0,False,False
burgers,3,16,6,inference_only,0,0,False,0.0,0,False,False
burgers,3,16,7,inference_only,0,0,False,0.0,0,False,False
burgers,3,16,8,inference_only,0,0,False,0.0,0,False,False
burgers,3,16,9,inference_only,0,0,False,0.0,0,False,False
burgers,3,16,10,inference_only,0,0,False,0.0,0,False,False
burgers,3,16,11,inference_only,0,0,False,0.0,0,False,False
burgers,3,16,12,inference_only,0,0,False,0.0,0,False,False
burgers,3,16,13,inference_only,0,0,False,0.0,0,False,False
burgers,3,16,14,inference_only,0,0,False,0.0,0,False,False
burgers,3,16,15,inference_only,0,0,False,0.0,0,False,False
burgers,3,16,16,inference_only,0,0,False,0.0,0,False,False
burgers,3,16,17,inference_only,0,0,False,0.0,0,False,False
burgers,3,16,18,inference_only,0,0,False,0.0,0,False,False
burgers,3,16,19,inference_only,0,0,False,0.0,0,False,False
burgers,3,16,20,inference_only,0,0,False,0.0,0,False,False
burgers,3,16,21,inference_only,0,0,False,0.0,0,False,False
burgers,3,16,22,inference_only,0,0,False,0.0,0,False,False
burgers,3,16,23,inference_only,0,0,False,0.0,0,False,False
burgers,3,16,24,inference_only,0,0,False,0.0,0,False,False
burgers,3,16,25,inference_only,0,0,False,0.0,0,False,False
burgers,3,16,26,inference_only,0,0,False,0.0,0,False,False
burgers,3,16,27,inference_only,0,0,False,0.0,0,False,False
burgers,3,16,28,inference_only,0,0,False,0.0,0,False,False
burgers,3,16,29,inference_only,0,0,False,0.0,0,False,False
burgers,3,16,0,response_only,0,0,False,0.0,0,False,False
burgers,3,16,1,response_only,0,0,False,0.0,0,False,False
burgers,3,16,2,response_only,0,0,False,0.0,0,False,False
burgers,3,16,3,response_only,0,0,False,0.0,0,False,False
burgers,3,16,4,response_only,0,0,False,0.0,0,False,False
burgers,3,16,5,response_only,0,0,False,0.0,0,False,False
burgers,3,16,6,response_only,0,0,False,0.0,0,False,False
burgers,3,16,7,response_only,0,0,False,0.0,0,False,False
burgers,3,16,8,response_only,0,0,False,0.0,0,False,False
burgers,3,16,9,response_only,0,0,False,0.0,0,False,False
burgers,3,16,10,response_only,0,0,False,0.0,0,False,False
burgers,3,16,11,response_only,0,0,False,0.0,0,False,False
burgers,3,16,12,response_only,0,0,False,0.0,0,False,False
burgers,3,16,13,response_only,0,0,False,0.0,0,False,False
burgers,3,16,14,response_only,0,0,False,0.0,0,False,False
burgers,3,16,15,response_only,0,0,False,0.0,0,False,False
burgers,3,16,16,response_only,0,0,False,0.0,0,False,False
burgers,3,16,17,response_only,0,0,False,0.0,0,False,False
burgers,3,16,18,response_only,0,0,False,0.0,0,False,False
burgers,3,16,19,response_only,0,0,False,0.0,0,False,False
burgers,3,16,20,response_only,0,0,False,0.0,0,False,False
burgers,3,16,21,response_only,0,0,False,0.0,0,False,False
burgers,3,16,22,response_only,0,0,False,0.0,0,False,False
burgers,3,16,23,response_only,0,0,False,0.0,0,False,False
burgers,3,16,24,response_only,0,0,False,0.0,0,False,False
burgers,3,16,25,response_only,0,0,False,0.0,0,False,False
burgers,3,16,26,response_only,0,0,False,0.0,0,False,False
burgers,3,16,27,response_only,0,0,False,0.0,0,False,False
burgers,3,16,28,response_only,0,0,False,0.0,0,False,False
burgers,3,16,29,response_only,0,0,False,0.0,0,False,False
burgers,3,16,0,combined,0,0,False,0.0,0,False,False
burgers,3,16,1,combined,0,0,False,0.0,0,False,False
burgers,3,16,2,combined,0,0,False,0.0,0,False,False
burgers,3,16,3,combined,0,0,False,0.0,0,False,False
burgers,3,16,4,combined,0,0,False,0.0,0,False,False
burgers,3,16,5,combined,0,0,False,0.0,0,False,False
burgers,3,16,6,combined,0,0,False,0.0,0,False,False
burgers,3,16,7,combined,0,0,False,0.0,0,False,False
burgers,3,16,8,combined,0,0,False,0.0,0,False,False
burgers,3,16,9,combined,0,0,False,0.0,0,False,False
burgers,3,16,10,combined,0,0,False,0.0,0,False,False
burgers,3,16,11,combined,0,0,False,0.0,0,False,False
burgers,3,16,12,combined,0,0,False,0.0,0,False,False
burgers,3,16,13,combined,0,0,False,0.0,0,False,False
burgers,3,16,14,combined,0,0,False,0.0,0,False,False
burgers,3,16,15,combined,0,0,False,0.0,0,False,False
burgers,3,16,16,combined,0,0,False,0.0,0,False,False
burgers,3,16,17,combined,0,0,False,0.0,0,False,False
burgers,3,16,18,combined,0,0,False,0.0,0,False,False
burgers,3,16,19,combined,0,0,False,0.0,0,False,False
burgers,3,16,20,combined,0,0,False,0.0,0,False,False
burgers,3,16,21,combined,0,0,False,0.0,0,False,False
burgers,3,16,22,combined,0,0,False,0.0,0,False,False
burgers,3,16,23,combined,0,0,False,0.0,0,False,False
burgers,3,16,24,combined,0,0,False,0.0,0,False,False
burgers,3,16,25,combined,0,0,False,0.0,0,False,False
burgers,3,16,26,combined,0,0,False,0.0,0,False,False
burgers,3,16,27,combined,0,0,False,0.0,0,False,False
burgers,3,16,28,combined,0,0,False,0.0,0,False,False
burgers,3,16,29,combined,0,0,False,0.0,0,False,False
burgers,3,32,0,inference_only,0,0,False,0.0,0,False,False
burgers,3,32,1,inference_only,0,0,False,0.0,0,False,False
burgers,3,32,2,inference_only,0,0,False,0.0,0,False,False
burgers,3,32,3,inference_only,0,0,False,0.0,0,False,False
burgers,3,32,4,inference_only,0,0,False,0.0,0,False,False
burgers,3,32,5,inference_only,0,0,False,0.0,0,False,False
burgers,3,32,6,inference_only,0,0,False,0.0,0,False,False
burgers,3,32,7,inference_only,0,0,False,0.0,0,False,False
burgers,3,32,8,inference_only,0,0,False,0.0,0,False,False
burgers,3,32,9,inference_only,0,0,False,0.0,0,False,False
burgers,3,32,10,inference_only,0,0,False,0.0,0,False,False
burgers,3,32,11,inference_only,0,0,False,0.0,0,False,False
burgers,3,32,12,inference_only,0,0,False,0.0,0,False,False
burgers,3,32,13,inference_only,0,0,False,0.0,0,False,False
burgers,3,32,14,inference_only,0,0,False,0.0,0,False,False
burgers,3,32,15,inference_only,0,0,False,0.0,0,False,False
burgers,3,32,16,inference_only,0,0,False,0.0,0,False,False
burgers,3,32,17,inference_only,0,0,False,0.0,0,False,False
burgers,3,32,18,inference_only,0,0,False,0.0,0,False,False
burgers,3,32,19,inference_only,0,0,False,0.0,0,False,False
burgers,3,32,20,inference_only,0,0,False,0.0,0,False,False
burgers,3,32,21,inference_only,0,0,False,0.0,0,False,False
burgers,3,32,22,inference_only,0,0,False,0.0,0,False,False
burgers,3,32,23,inference_only,0,0,False,0.0,0,False,False
burgers,3,32,24,inference_only,0,0,False,0.0,0,False,False
burgers,3,32,25,inference_only,0,0,False,0.0,0,False,False
burgers,3,32,26,inference_only,0,0,False,0.0,0,False,False
burgers,3,32,27,inference_only,0,0,False,0.0,0,False,False
burgers,3,32,28,inference_only,0,0,False,0.0,0,False,False
burgers,3,32,29,inference_only,0,0,False,0.0,0,False,False
burgers,3,32,0,response_only,0,0,False,0.0,0,False,False
burgers,3,32,1,response_only,0,0,False,0.0,0,False,False
burgers,3,32,2,response_only,0,0,False,0.0,0,False,False
burgers,3,32,3,response_only,0,0,False,0.0,0,False,False
burgers,3,32,4,response_only,0,0,False,0.0,0,False,False
burgers,3,32,5,response_only,0,0,False,0.0,0,False,False
burgers,3,32,6,response_only,0,0,False,0.0,0,False,False
burgers,3,32,7,response_only,0,0,False,0.0,0,False,False
burgers,3,32,8,response_only,0,0,False,0.0,0,False,False
burgers,3,32,9,response_only,0,0,False,0.0,0,False,False
burgers,3,32,10,response_only,0,0,False,0.0,0,False,False
burgers,3,32,11,response_only,0,0,False,0.0,0,False,False
burgers,3,32,12,response_only,0,0,False,0.0,0,False,False
burgers,3,32,13,response_only,0,0,False,0.0,0,False,False
burgers,3,32,14,response_only,0,0,False,0.0,0,False,False
burgers,3,32,15,response_only,0,0,False,0.0,0,False,False
burgers,3,32,16,response_only,0,0,False,0.0,0,False,False
burgers,3,32,17,response_only,0,0,False,0.0,0,False,False
burgers,3,32,18,response_only,0,0,False,0.0,0,False,False
burgers,3,32,19,response_only,0,0,False,0.0,0,False,False
burgers,3,32,20,response_only,0,0,False,0.0,0,False,False
burgers,3,32,21,response_only,0,0,False,0.0,0,False,False
burgers,3,32,22,response_only,0,0,False,0.0,0,False,False
burgers,3,32,23,response_only,0,0,False,0.0,0,False,False
burgers,3,32,24,response_only,0,0,False,0.0,0,False,False
burgers,3,32,25,response_only,0,0,False,0.0,0,False,False
burgers,3,32,26,response_only,0,0,False,0.0,0,False,False
burgers,3,32,27,response_only,0,0,False,0.0,0,False,False
burgers,3,32,28,response_only,0,0,False,0.0,0,False,False
burgers,3,32,29,response_only,0,0,False,0.0,0,False,False
burgers,3,32,0,combined,0,0,False,0.0,0,False,False
burgers,3,32,1,combined,0,0,False,0.0,0,False,False
burgers,3,32,2,combined,0,0,False,0.0,0,False,False
burgers,3,32,3,combined,0,0,False,0.0,0,False,False
burgers,3,32,4,combined,0,0,False,0.0,0,False,False
burgers,3,32,5,combined,0,0,False,0.0,0,False,False
burgers,3,32,6,combined,0,0,False,0.0,0,False,False
burgers,3,32,7,combined,0,0,False,0.0,0,False,False
burgers,3,32,8,combined,0,0,False,0.0,0,False,False
burgers,3,32,9,combined,0,0,False,0.0,0,False,False
burgers,3,32,10,combined,0,0,False,0.0,0,False,False
burgers,3,32,11,combined,0,0,False,0.0,0,False,False
burgers,3,32,12,combined,0,0,False,0.0,0,False,False
burgers,3,32,13,combined,0,0,False,0.0,0,False,False
burgers,3,32,14,combined,0,0,False,0.0,0,False,False
burgers,3,32,15,combined,0,0,False,0.0,0,False,False
burgers,3,32,16,combined,0,0,False,0.0,0,False,False
burgers,3,32,17,combined,0,0,False,0.0,0,False,False
burgers,3,32,18,combined,0,0,False,0.0,0,False,False
burgers,3,32,19,combined,0,0,False,0.0,0,False,False
burgers,3,32,20,combined,0,0,False,0.0,0,False,False
burgers,3,32,21,combined,0,0,False,0.0,0,False,False
burgers,3,32,22,combined,0,0,False,0.0,0,False,False
burgers,3,32,23,combined,0,0,False,0.0,0,False,False
burgers,3,32,24,combined,0,0,False,0.0,0,False,False
burgers,3,32,25,combined,0,0,False,0.0,0,False,False
burgers,3,32,26,combined,0,0,False,0.0,0,False,False
burgers,3,32,27,combined,0,0,False,0.0,0,False,False
burgers,3,32,28,combined,0,0,False,0.0,0,False,False
burgers,3,32,29,combined,0,0,False,0.0,0,False,False
burgers,3,64,0,inference_only,0,0,False,0.0,0,False,False
burgers,3,64,1,inference_only,0,0,False,0.0,0,False,False
burgers,3,64,2,inference_only,0,0,False,0.0,0,False,False
burgers,3,64,3,inference_only,0,0,False,0.0,0,False,False
burgers,3,64,4,inference_only,0,0,False,0.0,0,False,False
burgers,3,64,5,inference_only,0,0,False,0.0,0,False,False
burgers,3,64,6,inference_only,0,0,False,0.0,0,False,False
burgers,3,64,7,inference_only,0,0,False,0.0,0,False,False
burgers,3,64,8,inference_only,0,0,False,0.0,0,False,False
burgers,3,64,9,inference_only,0,0,False,0.0,0,False,False
burgers,3,64,10,inference_only,0,0,False,0.0,0,False,False
burgers,3,64,11,inference_only,0,0,False,0.0,0,False,False
burgers,3,64,12,inference_only,0,0,False,0.0,0,False,False
burgers,3,64,13,inference_only,0,0,False,0.0,0,False,False
burgers,3,64,14,inference_only,0,0,False,0.0,0,False,False
burgers,3,64,15,inference_only,0,0,False,0.0,0,False,False
burgers,3,64,16,inference_only,0,0,False,0.0,0,False,False
burgers,3,64,17,inference_only,0,0,False,0.0,0,False,False
burgers,3,64,18,inference_only,0,0,False,0.0,0,False,False
burgers,3,64,19,inference_only,0,0,False,0.0,0,False,False
burgers,3,64,20,inference_only,0,0,False,0.0,0,False,False
burgers,3,64,21,inference_only,0,0,False,0.0,0,False,False
burgers,3,64,22,inference_only,0,0,False,0.0,0,False,False
burgers,3,64,23,inference_only,0,0,False,0.0,0,False,False
burgers,3,64,24,inference_only,0,0,False,0.0,0,False,False
burgers,3,64,25,inference_only,0,0,False,0.0,0,False,False
burgers,3,64,26,inference_only,0,0,False,0.0,0,False,False
burgers,3,64,27,inference_only,0,0,False,0.0,0,False,False
burgers,3,64,28,inference_only,0,0,False,0.0,0,False,False
burgers,3,64,29,inference_only,0,0,False,0.0,0,False,False
burgers,3,64,0,response_only,0,0,False,0.0,0,False,False
burgers,3,64,1,response_only,0,0,False,0.0,0,False,False
burgers,3,64,2,response_only,0,0,False,0.0,0,False,False
burgers,3,64,3,response_only,0,0,False,0.0,0,False,False
burgers,3,64,4,response_only,0,0,False,0.0,0,False,False
burgers,3,64,5,response_only,0,0,False,0.0,0,False,False
burgers,3,64,6,response_only,0,0,False,0.0,0,False,False
burgers,3,64,7,response_only,0,0,False,0.0,0,False,False
burgers,3,64,8,response_only,0,0,False,0.0,0,False,False
burgers,3,64,9,response_only,0,0,False,0.0,0,False,False
burgers,3,64,10,response_only,0,0,False,0.0,0,False,False
burgers,3,64,11,response_only,0,0,False,0.0,0,False,False
burgers,3,64,12,response_only,0,0,False,0.0,0,False,False
burgers,3,64,13,response_only,0,0,False,0.0,0,False,False
burgers,3,64,14,response_only,0,0,False,0.0,0,False,False
burgers,3,64,15,response_only,0,0,False,0.0,0,False,False
burgers,3,64,16,response_only,0,0,False,0.0,0,False,False
burgers,3,64,17,response_only,0,0,False,0.0,0,False,False
burgers,3,64,18,response_only,0,0,False,0.0,0,False,False
burgers,3,64,19,response_only,0,0,False,0.0,0,False,False
burgers,3,64,20,response_only,0,0,False,0.0,0,False,False
burgers,3,64,21,response_only,0,0,False,0.0,0,False,False
burgers,3,64,22,response_only,0,0,False,0.0,0,False,False
burgers,3,64,23,response_only,0,0,False,0.0,0,False,False
burgers,3,64,24,response_only,0,0,False,0.0,0,False,False
burgers,3,64,25,response_only,0,0,False,0.0,0,False,False
burgers,3,64,26,response_only,0,0,False,0.0,0,False,False
burgers,3,64,27,response_only,0,0,False,0.0,0,False,False
burgers,3,64,28,response_only,0,0,False,0.0,0,False,False
burgers,3,64,29,response_only,0,0,False,0.0,0,False,False
burgers,3,64,0,combined,0,0,False,0.0,0,False,False
burgers,3,64,1,combined,0,0,False,0.0,0,False,False
burgers,3,64,2,combined,0,0,False,0.0,0,False,False
burgers,3,64,3,combined,0,0,False,0.0,0,False,False
burgers,3,64,4,combined,0,0,False,0.0,0,False,False
burgers,3,64,5,combined,0,0,False,0.0,0,False,False
burgers,3,64,6,combined,0,0,False,0.0,0,False,False
burgers,3,64,7,combined,0,0,False,0.0,0,False,False
burgers,3,64,8,combined,0,0,False,0.0,0,False,False
burgers,3,64,9,combined,0,0,False,0.0,0,False,False
burgers,3,64,10,combined,0,0,False,0.0,0,False,False
burgers,3,64,11,combined,0,0,False,0.0,0,False,False
burgers,3,64,12,combined,0,0,False,0.0,0,False,False
burgers,3,64,13,combined,0,0,False,0.0,0,False,False
burgers,3,64,14,combined,0,0,False,0.0,0,False,False
burgers,3,64,15,combined,0,0,False,0.0,0,False,False
burgers,3,64,16,combined,0,0,False,0.0,0,False,False
burgers,3,64,17,combined,0,0,False,0.0,0,False,False
burgers,3,64,18,combined,0,0,False,0.0,0,False,False
burgers,3,64,19,combined,0,0,False,0.0,0,False,False
burgers,3,64,20,combined,0,0,False,0.0,0,False,False
burgers,3,64,21,combined,0,0,False,0.0,0,False,False
burgers,3,64,22,combined,0,0,False,0.0,0,False,False
burgers,3,64,23,combined,0,0,False,0.0,0,False,False
burgers,3,64,24,combined,0,0,False,0.0,0,False,False
burgers,3,64,25,combined,0,0,False,0.0,0,False,False
burgers,3,64,26,combined,0,0,False,0.0,0,False,False
burgers,3,64,27,combined,0,0,False,0.0,0,False,False
burgers,3,64,28,combined,0,0,False,0.0,0,False,False
burgers,3,64,29,combined,0,0,False,0.0,0,False,False
burgers,4,2,0,inference_only,1,2,False,0.021391746465301786,1,False,True
burgers,4,2,1,inference_only,1,1,False,0.0,1,False,False
burgers,4,2,2,inference_only,2,2,False,0.0,1,True,True
burgers,4,2,3,inference_only,1,2,False,0.047051024185378154,1,False,True
burgers,4,2,4,inference_only,1,2,False,0.01031694028886368,1,False,True
burgers,4,2,5,inference_only,2,2,False,0.0,1,True,True
burgers,4,2,6,inference_only,2,2,False,0.0,1,True,True
burgers,4,2,7,inference_only,2,2,False,0.0,1,True,True
burgers,4,2,8,inference_only,2,2,False,0.0,1,True,True
burgers,4,2,9,inference_only,1,1,False,0.0,1,False,False
burgers,4,2,10,inference_only,1,2,False,0.03767160202893294,1,False,True
burgers,4,2,11,inference_only,1,2,False,0.001571130853006003,1,False,True
burgers,4,2,12,inference_only,1,1,False,0.0,1,False,False
burgers,4,2,13,inference_only,2,2,False,0.0,1,True,True
burgers,4,2,14,inference_only,2,2,False,0.0,1,True,True
burgers,4,2,15,inference_only,1,1,False,0.0,1,False,False
burgers,4,2,16,inference_only,1,2,False,0.02121377231041796,1,False,True
burgers,4,2,17,inference_only,1,2,False,0.008866874645219874,1,False,True
burgers,4,2,18,inference_only,2,2,False,0.0,1,True,True
burgers,4,2,19,inference_only,1,2,False,0.005848538690885724,1,False,True
burgers,4,2,20,inference_only,2,2,False,0.0,1,True,True
burgers,4,2,21,inference_only,1,2,False,0.050652957192595605,1,False,True
burgers,4,2,22,inference_only,2,2,False,0.0,1,True,True
burgers,4,2,23,inference_only,2,2,False,0.0,1,True,True
burgers,4,2,24,inference_only,1,2,False,0.00947068935405046,1,False,True
burgers,4,2,25,inference_only,1,2,False,0.042834727618662666,1,False,True
burgers,4,2,26,inference_only,2,1,True,0.0018774989962019595,1,True,False
burgers,4,2,27,inference_only,2,2,False,0.0,1,True,True
burgers,4,2,28,inference_only,1,2,False,0.012564513168463048,1,False,True
burgers,4,2,29,inference_only,1,1,False,0.0,1,False,False
burgers,4,2,0,response_only,1,0,True,0.43592175749243556,1,False,True
burgers,4,2,1,response_only,1,0,True,0.4460615223365795,1,False,True
burgers,4,2,2,response_only,2,0,True,0.4873014972394707,1,True,True
burgers,4,2,3,response_only,1,0,True,0.38470084703793184,1,False,True
burgers,4,2,4,response_only,1,0,True,0.4576072898747494,1,False,True
burgers,4,2,5,response_only,2,0,True,0.6280130656412657,1,True,True
burgers,4,2,6,response_only,2,0,True,0.6181787322644451,1,True,True
burgers,4,2,7,response_only,2,0,True,0.49031615337153023,1,True,True
burgers,4,2,8,response_only,2,0,True,0.5504513110154939,1,True,True
burgers,4,2,9,response_only,1,0,True,0.3957340680032765,1,False,True
burgers,4,2,10,response_only,1,0,True,0.40353877311734665,1,False,True
burgers,4,2,11,response_only,1,0,True,0.47443359245747085,1,False,True
burgers,4,2,12,response_only,1,0,True,0.4098972835119802,1,False,True
burgers,4,2,13,response_only,2,0,True,0.4951287835633272,1,True,True
burgers,4,2,14,response_only,2,0,True,0.689300000160769,1,True,True
burgers,4,2,15,response_only,1,0,True,0.46382092958492954,1,False,True
burgers,4,2,16,response_only,1,0,True,0.4362693032627468,1,False,True
burgers,4,2,17,response_only,1,0,True,0.4604226073878105,1,False,True
burgers,4,2,18,response_only,2,0,True,0.49597788117653874,1,True,True
burgers,4,2,19,response_only,1,0,True,0.46623107499398087,1,False,True
burgers,4,2,20,response_only,2,0,True,0.4859165715829119,1,True,True
burgers,4,2,21,response_only,1,0,True,0.37744261680761504,1,False,True
burgers,4,2,22,response_only,2,0,True,0.48898340001809476,1,True,True
burgers,4,2,23,response_only,2,0,True,0.5099097486471591,1,True,True
burgers,4,2,24,response_only,1,0,True,0.45924190726794967,1,False,True
burgers,4,2,25,response_only,1,0,True,0.3931812872133328,1,False,True
burgers,4,2,26,response_only,2,0,True,0.4828678128963657,1,True,True
burgers,4,2,27,response_only,2,0,True,0.5794137786504048,1,True,True
burgers,4,2,28,response_only,1,0,True,0.45322550334341305,1,False,True
burgers,4,2,29,response_only,1,0,True,0.3983241260174807,1,False,True
burgers,4,2,0,combined,1,0,True,0.43592175749243556,1,False,True
burgers,4,2,1,combined,1,0,True,0.4460615223365795,1,False,True
burgers,4,2,2,combined,2,0,True,0.4873014972394707,1,True,True
burgers,4,2,3,combined,1,0,True,0.38470084703793184,1,False,True
burgers,4,2,4,combined,1,0,True,0.4576072898747494,1,False,True
burgers,4,2,5,combined,2,0,True,0.6280130656412657,1,True,True
burgers,4,2,6,combined,2,0,True,0.6181787322644451,1,True,True
burgers,4,2,7,combined,2,0,True,0.49031615337153023,1,True,True
burgers,4,2,8,combined,2,0,True,0.5504513110154939,1,True,True
burgers,4,2,9,combined,1,0,True,0.3957340680032765,1,False,True
burgers,4,2,10,combined,1,0,True,0.40353877311734665,1,False,True
burgers,4,2,11,combined,1,0,True,0.47443359245747085,1,False,True
burgers,4,2,12,combined,1,0,True,0.4098972835119802,1,False,True
burgers,4,2,13,combined,2,0,True,0.4951287835633272,1,True,True
burgers,4,2,14,combined,2,0,True,0.689300000160769,1,True,True
burgers,4,2,15,combined,1,0,True,0.46382092958492954,1,False,True
burgers,4,2,16,combined,1,0,True,0.4362693032627468,1,False,True
burgers,4,2,17,combined,1,0,True,0.4604226073878105,1,False,True
burgers,4,2,18,combined,2,0,True,0.49597788117653874,1,True,True
burgers,4,2,19,combined,1,0,True,0.46623107499398087,1,False,True
burgers,4,2,20,combined,2,0,True,0.4859165715829119,1,True,True
burgers,4,2,21,combined,1,0,True,0.37744261680761504,1,False,True
burgers,4,2,22,combined,2,0,True,0.48898340001809476,1,True,True
burgers,4,2,23,combined,2,0,True,0.5099097486471591,1,True,True
burgers,4,2,24,combined,1,0,True,0.45924190726794967,1,False,True
burgers,4,2,25,combined,1,0,True,0.3931812872133328,1,False,True
burgers,4,2,26,combined,2,0,True,0.4828678128963657,1,True,True
burgers,4,2,27,combined,2,0,True,0.5794137786504048,1,True,True
burgers,4,2,28,combined,1,0,True,0.45322550334341305,1,False,True
burgers,4,2,29,combined,1,0,True,0.3983241260174807,1,False,True
burgers,4,4,0,inference_only,1,2,False,0.021391746465301786,1,False,True
burgers,4,4,1,inference_only,1,2,False,0.01622885571109592,1,False,True
burgers,4,4,2,inference_only,2,2,False,0.0,1,True,True
burgers,4,4,3,inference_only,1,1,False,0.0,1,False,False
burgers,4,4,4,inference_only,1,2,False,0.01031694028886368,1,False,True
burgers,4,4,5,inference_only,2,2,False,0.0,1,True,True
burgers,4,4,6,inference_only,2,2,False,0.0,1,True,True
burgers,4,4,7,inference_only,2,2,False,0.0,1,True,True
burgers,4,4,8,inference_only,2,2,False,0.0,1,True,True
burgers,4,4,9,inference_only,1,1,False,0.0,1,False,False
burgers,4,4,10,inference_only,1,2,False,0.03767160202893294,1,False,True
burgers,4,4,11,inference_only,1,2,False,0.001571130853006003,1,False,True
burgers,4,4,12,inference_only,1,2,False,0.03449399579939605,1,False,True
burgers,4,4,13,inference_only,2,1,True,0.006129817091901968,1,True,False
burgers,4,4,14,inference_only,2,2,False,0.0,1,True,True
burgers,4,4,15,inference_only,1,1,False,0.0,1,False,False
burgers,4,4,16,inference_only,1,1,False,0.0,1,False,False
burgers,4,4,17,inference_only,1,1,False,0.0,1,False,False
burgers,4,4,18,inference_only,2,2,False,0.0,1,True,True
burgers,4,4,19,inference_only,1,2,False,0.005848538690885724,1,False,True
burgers,4,4,20,inference_only,2,1,True,0.002927263358855847,1,True,False
burgers,4,4,21,inference_only,1,2,False,0.050652957192595605,1,False,True
burgers,4,4,22,inference_only,2,2,False,0.0,1,True,True
burgers,4,4,23,inference_only,2,2,False,0.0,1,True,True
burgers,4,4,24,inference_only,1,1,False,0.0,1,False,False
burgers,4,4,25,inference_only,1,1,False,0.0,1,False,False
burgers,4,4,26,inference_only,2,1,True,0.0018774989962019595,1,True,False
burgers,4,4,27,inference_only,2,2,False,0.0,1,True,True
burgers,4,4,28,inference_only,1,1,False,0.0,1,False,False
burgers,4,4,29,inference_only,1,1,False,0.0,1,False,False
burgers,4,4,0,response_only,1,1,False,0.0,1,False,False
burgers,4,4,1,response_only,1,1,False,0.0,1,False,False
burgers,4,4,2,response_only,2,1,True,0.003417160656354029,1,True,False
burgers,4,4,3,response_only,1,1,False,0.0,1,False,False
burgers,4,4,4,response_only,1,1,False,0.0,1,False,False
burgers,4,4,5,response_only,2,1,True,0.05330670493629877,1,True,False
burgers,4,4,6,response_only,2,1,True,0.049757710048688675,1,True,False
burgers,4,4,7,response_only,2,1,True,0.00445167055747131,1,True,False
burgers,4,4,8,response_only,2,1,True,0.025546033948083108,1,True,False
burgers,4,4,9,response_only,1,1,False,0.0,1,False,False
burgers,4,4,10,response_only,1,1,False,0.0,1,False,False
burgers,4,4,11,response_only,1,1,False,0.0,1,False,False
burgers,4,4,12,response_only,1,1,False,0.0,1,False,False
burgers,4,4,13,response_only,2,1,True,0.006129817091901968,1,True,False
burgers,4,4,14,response_only,2,1,True,0.07560508933503024,1,True,False
burgers,4,4,15,response_only,1,1,False,0.0,1,False,False
burgers,4,4,16,response_only,1,1,False,0.0,1,False,False
burgers,4,4,17,response_only,1,1,False,0.0,1,False,False
burgers,4,4,18,response_only,2,1,True,0.006415105456241965,1,True,False
burgers,4,4,19,response_only,1,1,False,0.0,1,False,False
burgers,4,4,20,response_only,2,1,True,0.002927263358855847,1,True,False
burgers,4,4,21,response_only,1,1,False,0.0,1,False,False
burgers,4,4,22,response_only,2,1,True,0.00398391214849772,1,True,False
burgers,4,4,23,response_only,2,1,True,0.011270667290826208,1,True,False
burgers,4,4,24,response_only,1,1,False,0.0,1,False,False
burgers,4,4,25,response_only,1,1,False,0.0,1,False,False
burgers,4,4,26,response_only,2,1,True,0.0018774989962019595,1,True,False
burgers,4,4,27,response_only,2,1,True,0.035840172755218364,1,True,False
burgers,4,4,28,response_only,1,1,False,0.0,1,False,False
burgers,4,4,29,response_only,1,1,False,0.0,1,False,False
burgers,4,4,0,combined,1,1,False,0.0,1,False,False
burgers,4,4,1,combined,1,1,False,0.0,1,False,False
burgers,4,4,2,combined,2,1,True,0.003417160656354029,1,True,False
burgers,4,4,3,combined,1,1,False,0.0,1,False,False
burgers,4,4,4,combined,1,1,False,0.0,1,False,False
burgers,4,4,5,combined,2,1,True,0.05330670493629877,1,True,False
burgers,4,4,6,combined,2,1,True,0.049757710048688675,1,True,False
burgers,4,4,7,combined,2,1,True,0.00445167055747131,1,True,False
burgers,4,4,8,combined,2,1,True,0.025546033948083108,1,True,False
burgers,4,4,9,combined,1,1,False,0.0,1,False,False
burgers,4,4,10,combined,1,1,False,0.0,1,False,False
burgers,4,4,11,combined,1,1,False,0.0,1,False,False
burgers,4,4,12,combined,1,1,False,0.0,1,False,False
burgers,4,4,13,combined,2,1,True,0.006129817091901968,1,True,False
burgers,4,4,14,combined,2,1,True,0.07560508933503024,1,True,False
burgers,4,4,15,combined,1,1,False,0.0,1,False,False
burgers,4,4,16,combined,1,1,False,0.0,1,False,False
burgers,4,4,17,combined,1,1,False,0.0,1,False,False
burgers,4,4,18,combined,2,1,True,0.006415105456241965,1,True,False
burgers,4,4,19,combined,1,1,False,0.0,1,False,False
burgers,4,4,20,combined,2,1,True,0.002927263358855847,1,True,False
burgers,4,4,21,combined,1,1,False,0.0,1,False,False
burgers,4,4,22,combined,2,1,True,0.00398391214849772,1,True,False
burgers,4,4,23,combined,2,1,True,0.011270667290826208,1,True,False
burgers,4,4,24,combined,1,1,False,0.0,1,False,False
burgers,4,4,25,combined,1,1,False,0.0,1,False,False
burgers,4,4,26,combined,2,1,True,0.0018774989962019595,1,True,False
burgers,4,4,27,combined,2,1,True,0.035840172755218364,1,True,False
burgers,4,4,28,combined,1,1,False,0.0,1,False,False
burgers,4,4,29,combined,1,1,False,0.0,1,False,False
burgers,4,8,0,inference_only,1,1,False,0.0,1,False,False
burgers,4,8,1,inference_only,1,2,False,0.01622885571109592,1,False,True
burgers,4,8,2,inference_only,2,1,True,0.003417160656354029,1,True,False
burgers,4,8,3,inference_only,1,1,False,0.0,1,False,False
burgers,4,8,4,inference_only,1,1,False,0.0,1,False,False
burgers,4,8,5,inference_only,2,2,False,0.0,1,True,True
burgers,4,8,6,inference_only,2,2,False,0.0,1,True,True
burgers,4,8,7,inference_only,2,1,True,0.00445167055747131,1,True,False
burgers,4,8,8,inference_only,2,2,False,0.0,1,True,True
burgers,4,8,9,inference_only,1,1,False,0.0,1,False,False
burgers,4,8,10,inference_only,1,1,False,0.0,1,False,False
burgers,4,8,11,inference_only,1,1,False,0.0,1,False,False
burgers,4,8,12,inference_only,1,1,False,0.0,1,False,False
burgers,4,8,13,inference_only,2,1,True,0.006129817091901968,1,True,False
burgers,4,8,14,inference_only,2,2,False,0.0,1,True,True
burgers,4,8,15,inference_only,1,2,False,0.007103721367022697,1,False,True
burgers,4,8,16,inference_only,1,1,False,0.0,1,False,False
burgers,4,8,17,inference_only,1,2,False,0.008866874645219874,1,False,True
burgers,4,8,18,inference_only,2,2,False,0.0,1,True,True
burgers,4,8,19,inference_only,1,1,False,0.0,1,False,False
burgers,4,8,20,inference_only,2,2,False,0.0,1,True,True
burgers,4,8,21,inference_only,1,1,False,0.0,1,False,False
burgers,4,8,22,inference_only,2,2,False,0.0,1,True,True
burgers,4,8,23,inference_only,2,2,False,0.0,1,True,True
burgers,4,8,24,inference_only,1,1,False,0.0,1,False,False
burgers,4,8,25,inference_only,1,1,False,0.0,1,False,False
burgers,4,8,26,inference_only,2,1,True,0.0018774989962019595,1,True,False
burgers,4,8,27,inference_only,2,2,False,0.0,1,True,True
burgers,4,8,28,inference_only,1,1,False,0.0,1,False,False
burgers,4,8,29,inference_only,1,1,False,0.0,1,False,False
burgers,4,8,0,response_only,1,2,False,0.021391746465301786,1,False,True
burgers,4,8,1,response_only,1,2,False,0.01622885571109592,1,False,True
burgers,4,8,2,response_only,2,2,False,0.0,1,True,True
burgers,4,8,3,response_only,1,1,False,0.0,1,False,False
burgers,4,8,4,response_only,1,2,False,0.01031694028886368,1,False,True
burgers,4,8,5,response_only,2,2,False,0.0,1,True,True
burgers,4,8,6,response_only,2,2,False,0.0,1,True,True
burgers,4,8,7,response_only,2,2,False,0.0,1,True,True
burgers,4,8,8,response_only,2,2,False,0.0,1,True,True
burgers,4,8,9,response_only,1,1,False,0.0,1,False,False
burgers,4,8,10,response_only,1,1,False,0.0,1,False,False
burgers,4,8,11,response_only,1,2,False,0.001571130853006003,1,False,True
burgers,4,8,12,response_only,1,1,False,0.0,1,False,False
burgers,4,8,13,response_only,2,2,False,0.0,1,True,True
burgers,4,8,14,response_only,2,2,False,0.0,1,True,True
burgers,4,8,15,response_only,1,2,False,0.007103721367022697,1,False,True
burgers,4,8,16,response_only,1,2,False,0.02121377231041796,1,False,True
burgers,4,8,17,response_only,1,2,False,0.008866874645219874,1,False,True
burgers,4,8,18,response_only,2,2,False,0.0,1,True,True
burgers,4,8,19,response_only,1,2,False,0.005848538690885724,1,False,True
burgers,4,8,20,response_only,2,2,False,0.0,1,True,True
burgers,4,8,21,response_only,1,1,False,0.0,1,False,False
burgers,4,8,22,response_only,2,2,False,0.0,1,True,True
burgers,4,8,23,response_only,2,2,False,0.0,1,True,True
burgers,4,8,24,response_only,1,2,False,0.00947068935405046,1,False,True
burgers,4,8,25,response_only,1,1,False,0.0,1,False,False
burgers,4,8,26,response_only,2,2,False,0.0,1,True,True
burgers,4,8,27,response_only,2,2,False,0.0,1,True,True
burgers,4,8,28,response_only,1,2,False,0.012564513168463048,1,False,True
burgers,4,8,29,response_only,1,1,False,0.0,1,False,False
burgers,4,8,0,combined,1,2,False,0.021391746465301786,1,False,True
burgers,4,8,1,combined,1,2,False,0.01622885571109592,1,False,True
burgers,4,8,2,combined,2,1,True,0.003417160656354029,1,True,False
burgers,4,8,3,combined,1,1,False,0.0,1,False,False
burgers,4,8,4,combined,1,2,False,0.01031694028886368,1,False,True
burgers,4,8,5,combined,2,2,False,0.0,1,True,True
burgers,4,8,6,combined,2,2,False,0.0,1,True,True
burgers,4,8,7,combined,2,2,False,0.0,1,True,True
burgers,4,8,8,combined,2,2,False,0.0,1,True,True
burgers,4,8,9,combined,1,1,False,0.0,1,False,False
burgers,4,8,10,combined,1,1,False,0.0,1,False,False
burgers,4,8,11,combined,1,2,False,0.001571130853006003,1,False,True
burgers,4,8,12,combined,1,1,False,0.0,1,False,False
burgers,4,8,13,combined,2,2,False,0.0,1,True,True
burgers,4,8,14,combined,2,2,False,0.0,1,True,True
burgers,4,8,15,combined,1,2,False,0.007103721367022697,1,False,True
burgers,4,8,16,combined,1,2,False,0.02121377231041796,1,False,True
burgers,4,8,17,combined,1,2,False,0.008866874645219874,1,False,True
burgers,4,8,18,combined,2,2,False,0.0,1,True,True
burgers,4,8,19,combined,1,2,False,0.005848538690885724,1,False,True
burgers,4,8,20,combined,2,2,False,0.0,1,True,True
burgers,4,8,21,combined,1,1,False,0.0,1,False,False
burgers,4,8,22,combined,2,2,False,0.0,1,True,True
burgers,4,8,23,combined,2,2,False,0.0,1,True,True
burgers,4,8,24,combined,1,2,False,0.00947068935405046,1,False,True
burgers,4,8,25,combined,1,1,False,0.0,1,False,False
burgers,4,8,26,combined,2,2,False,0.0,1,True,True
burgers,4,8,27,combined,2,2,False,0.0,1,True,True
burgers,4,8,28,combined,1,1,False,0.0,1,False,False
burgers,4,8,29,combined,1,1,False,0.0,1,False,False
burgers,4,16,0,inference_only,1,1,False,0.0,1,False,False
burgers,4,16,1,inference_only,1,1,False,0.0,1,False,False
burgers,4,16,2,inference_only,2,2,False,0.0,1,True,True
burgers,4,16,3,inference_only,1,1,False,0.0,1,False,False
burgers,4,16,4,inference_only,1,1,False,0.0,1,False,False
burgers,4,16,5,inference_only,2,2,False,0.0,1,True,True
burgers,4,16,6,inference_only,2,2,False,0.0,1,True,True
burgers,4,16,7,inference_only,2,2,False,0.0,1,True,True
burgers,4,16,8,inference_only,2,2,False,0.0,1,True,True
burgers,4,16,9,inference_only,1,1,False,0.0,1,False,False
burgers,4,16,10,inference_only,1,1,False,0.0,1,False,False
burgers,4,16,11,inference_only,1,1,False,0.0,1,False,False
burgers,4,16,12,inference_only,1,1,False,0.0,1,False,False
burgers,4,16,13,inference_only,2,1,True,0.006129817091901968,1,True,False
burgers,4,16,14,inference_only,2,2,False,0.0,1,True,True
burgers,4,16,15,inference_only,1,1,False,0.0,1,False,False
burgers,4,16,16,inference_only,1,1,False,0.0,1,False,False
burgers,4,16,17,inference_only,1,1,False,0.0,1,False,False
burgers,4,16,18,inference_only,2,2,False,0.0,1,True,True
burgers,4,16,19,inference_only,1,1,False,0.0,1,False,False
burgers,4,16,20,inference_only,2,2,False,0.0,1,True,True
burgers,4,16,21,inference_only,1,1,False,0.0,1,False,False
burgers,4,16,22,inference_only,2,2,False,0.0,1,True,True
burgers,4,16,23,inference_only,2,2,False,0.0,1,True,True
burgers,4,16,24,inference_only,1,1,False,0.0,1,False,False
burgers,4,16,25,inference_only,1,1,False,0.0,1,False,False
burgers,4,16,26,inference_only,2,2,False,0.0,1,True,True
burgers,4,16,27,inference_only,2,2,False,0.0,1,True,True
burgers,4,16,28,inference_only,1,1,False,0.0,1,False,False
burgers,4,16,29,inference_only,1,1,False,0.0,1,False,False
burgers,4,16,0,response_only,1,1,False,0.0,1,False,False
burgers,4,16,1,response_only,1,1,False,0.0,1,False,False
burgers,4,16,2,response_only,2,1,True,0.003417160656354029,1,True,False
burgers,4,16,3,response_only,1,1,False,0.0,1,False,False
burgers,4,16,4,response_only,1,1,False,0.0,1,False,False
burgers,4,16,5,response_only,2,2,False,0.0,1,True,True
burgers,4,16,6,response_only,2,2,False,0.0,1,True,True
burgers,4,16,7,response_only,2,1,True,0.00445167055747131,1,True,False
burgers,4,16,8,response_only,2,2,False,0.0,1,True,True
burgers,4,16,9,response_only,1,1,False,0.0,1,False,False
burgers,4,16,10,response_only,1,1,False,0.0,1,False,False
burgers,4,16,11,response_only,1,1,False,0.0,1,False,False
burgers,4,16,12,response_only,1,1,False,0.0,1,False,False
burgers,4,16,13,response_only,2,1,True,0.006129817091901968,1,True,False
burgers,4,16,14,response_only,2,2,False,0.0,1,True,True
burgers,4,16,15,response_only,1,1,False,0.0,1,False,False
burgers,4,16,16,response_only,1,1,False,0.0,1,False,False
burgers,4,16,17,response_only,1,1,False,0.0,1,False,False
burgers,4,16,18,response_only,2,1,True,0.006415105456241965,1,True,False
burgers,4,16,19,response_only,1,1,False,0.0,1,False,False
burgers,4,16,20,response_only,2,1,True,0.002927263358855847,1,True,False
burgers,4,16,21,response_only,1,1,False,0.0,1,False,False
burgers,4,16,22,response_only,2,1,True,0.00398391214849772,1,True,False
burgers,4,16,23,response_only,2,1,True,0.011270667290826208,1,True,False
burgers,4,16,24,response_only,1,1,False,0.0,1,False,False
burgers,4,16,25,response_only,1,1,False,0.0,1,False,False
burgers,4,16,26,response_only,2,1,True,0.0018774989962019595,1,True,False
burgers,4,16,27,response_only,2,2,False,0.0,1,True,True
burgers,4,16,28,response_only,1,1,False,0.0,1,False,False
burgers,4,16,29,response_only,1,1,False,0.0,1,False,False
burgers,4,16,0,combined,1,1,False,0.0,1,False,False
burgers,4,16,1,combined,1,1,False,0.0,1,False,False
burgers,4,16,2,combined,2,1,True,0.003417160656354029,1,True,False
burgers,4,16,3,combined,1,1,False,0.0,1,False,False
burgers,4,16,4,combined,1,1,False,0.0,1,False,False
burgers,4,16,5,combined,2,2,False,0.0,1,True,True
burgers,4,16,6,combined,2,2,False,0.0,1,True,True
burgers,4,16,7,combined,2,1,True,0.00445167055747131,1,True,False
burgers,4,16,8,combined,2,2,False,0.0,1,True,True
burgers,4,16,9,combined,1,1,False,0.0,1,False,False
burgers,4,16,10,combined,1,1,False,0.0,1,False,False
burgers,4,16,11,combined,1,1,False,0.0,1,False,False
burgers,4,16,12,combined,1,1,False,0.0,1,False,False
burgers,4,16,13,combined,2,1,True,0.006129817091901968,1,True,False
burgers,4,16,14,combined,2,2,False,0.0,1,True,True
burgers,4,16,15,combined,1,1,False,0.0,1,False,False
burgers,4,16,16,combined,1,1,False,0.0,1,False,False
burgers,4,16,17,combined,1,1,False,0.0,1,False,False
burgers,4,16,18,combined,2,1,True,0.006415105456241965,1,True,False
burgers,4,16,19,combined,1,1,False,0.0,1,False,False
burgers,4,16,20,combined,2,1,True,0.002927263358855847,1,True,False
burgers,4,16,21,combined,1,1,False,0.0,1,False,False
burgers,4,16,22,combined,2,1,True,0.00398391214849772,1,True,False
burgers,4,16,23,combined,2,1,True,0.011270667290826208,1,True,False
burgers,4,16,24,combined,1,1,False,0.0,1,False,False
burgers,4,16,25,combined,1,1,False,0.0,1,False,False
burgers,4,16,26,combined,2,1,True,0.0018774989962019595,1,True,False
burgers,4,16,27,combined,2,2,False,0.0,1,True,True
burgers,4,16,28,combined,1,1,False,0.0,1,False,False
burgers,4,16,29,combined,1,1,False,0.0,1,False,False
burgers,4,32,0,inference_only,1,1,False,0.0,1,False,False
burgers,4,32,1,inference_only,1,1,False,0.0,1,False,False
burgers,4,32,2,inference_only,2,2,False,0.0,1,True,True
burgers,4,32,3,inference_only,1,1,False,0.0,1,False,False
burgers,4,32,4,inference_only,1,1,False,0.0,1,False,False
burgers,4,32,5,inference_only,2,2,False,0.0,1,True,True
burgers,4,32,6,inference_only,2,2,False,0.0,1,True,True
burgers,4,32,7,inference_only,2,2,False,0.0,1,True,True
burgers,4,32,8,inference_only,2,2,False,0.0,1,True,True
burgers,4,32,9,inference_only,1,1,False,0.0,1,False,False
burgers,4,32,10,inference_only,1,1,False,0.0,1,False,False
burgers,4,32,11,inference_only,1,1,False,0.0,1,False,False
burgers,4,32,12,inference_only,1,1,False,0.0,1,False,False
burgers,4,32,13,inference_only,2,2,False,0.0,1,True,True
burgers,4,32,14,inference_only,2,2,False,0.0,1,True,True
burgers,4,32,15,inference_only,1,1,False,0.0,1,False,False
burgers,4,32,16,inference_only,1,1,False,0.0,1,False,False
burgers,4,32,17,inference_only,1,1,False,0.0,1,False,False
burgers,4,32,18,inference_only,2,2,False,0.0,1,True,True
burgers,4,32,19,inference_only,1,1,False,0.0,1,False,False
burgers,4,32,20,inference_only,2,2,False,0.0,1,True,True
burgers,4,32,21,inference_only,1,1,False,0.0,1,False,False
burgers,4,32,22,inference_only,2,2,False,0.0,1,True,True
burgers,4,32,23,inference_only,2,2,False,0.0,1,True,True
burgers,4,32,24,inference_only,1,1,False,0.0,1,False,False
burgers,4,32,25,inference_only,1,1,False,0.0,1,False,False
burgers,4,32,26,inference_only,2,2,False,0.0,1,True,True
burgers,4,32,27,inference_only,2,2,False,0.0,1,True,True
burgers,4,32,28,inference_only,1,1,False,0.0,1,False,False
burgers,4,32,29,inference_only,1,1,False,0.0,1,False,False
burgers,4,32,0,response_only,1,1,False,0.0,1,False,False
burgers,4,32,1,response_only,1,1,False,0.0,1,False,False
burgers,4,32,2,response_only,2,2,False,0.0,1,True,True
burgers,4,32,3,response_only,1,1,False,0.0,1,False,False
burgers,4,32,4,response_only,1,1,False,0.0,1,False,False
burgers,4,32,5,response_only,2,2,False,0.0,1,True,True
burgers,4,32,6,response_only,2,2,False,0.0,1,True,True
burgers,4,32,7,response_only,2,2,False,0.0,1,True,True
burgers,4,32,8,response_only,2,2,False,0.0,1,True,True
burgers,4,32,9,response_only,1,1,False,0.0,1,False,False
burgers,4,32,10,response_only,1,1,False,0.0,1,False,False
burgers,4,32,11,response_only,1,1,False,0.0,1,False,False
burgers,4,32,12,response_only,1,1,False,0.0,1,False,False
burgers,4,32,13,response_only,2,2,False,0.0,1,True,True
burgers,4,32,14,response_only,2,2,False,0.0,1,True,True
burgers,4,32,15,response_only,1,1,False,0.0,1,False,False
burgers,4,32,16,response_only,1,1,False,0.0,1,False,False
burgers,4,32,17,response_only,1,1,False,0.0,1,False,False
burgers,4,32,18,response_only,2,2,False,0.0,1,True,True
burgers,4,32,19,response_only,1,1,False,0.0,1,False,False
burgers,4,32,20,response_only,2,2,False,0.0,1,True,True
burgers,4,32,21,response_only,1,1,False,0.0,1,False,False
burgers,4,32,22,response_only,2,2,False,0.0,1,True,True
burgers,4,32,23,response_only,2,2,False,0.0,1,True,True
burgers,4,32,24,response_only,1,1,False,0.0,1,False,False
burgers,4,32,25,response_only,1,1,False,0.0,1,False,False
burgers,4,32,26,response_only,2,2,False,0.0,1,True,True
burgers,4,32,27,response_only,2,2,False,0.0,1,True,True
burgers,4,32,28,response_only,1,1,False,0.0,1,False,False
burgers,4,32,29,response_only,1,1,False,0.0,1,False,False
burgers,4,32,0,combined,1,1,False,0.0,1,False,False
burgers,4,32,1,combined,1,1,False,0.0,1,False,False
burgers,4,32,2,combined,2,2,False,0.0,1,True,True
burgers,4,32,3,combined,1,1,False,0.0,1,False,False
burgers,4,32,4,combined,1,1,False,0.0,1,False,False
burgers,4,32,5,combined,2,2,False,0.0,1,True,True
burgers,4,32,6,combined,2,2,False,0.0,1,True,True
burgers,4,32,7,combined,2,2,False,0.0,1,True,True
burgers,4,32,8,combined,2,2,False,0.0,1,True,True
burgers,4,32,9,combined,1,1,False,0.0,1,False,False
burgers,4,32,10,combined,1,1,False,0.0,1,False,False
burgers,4,32,11,combined,1,1,False,0.0,1,False,False
burgers,4,32,12,combined,1,1,False,0.0,1,False,False
burgers,4,32,13,combined,2,2,False,0.0,1,True,True
burgers,4,32,14,combined,2,2,False,0.0,1,True,True
burgers,4,32,15,combined,1,1,False,0.0,1,False,False
burgers,4,32,16,combined,1,1,False,0.0,1,False,False
burgers,4,32,17,combined,1,1,False,0.0,1,False,False
burgers,4,32,18,combined,2,2,False,0.0,1,True,True
burgers,4,32,19,combined,1,1,False,0.0,1,False,False
burgers,4,32,20,combined,2,2,False,0.0,1,True,True
burgers,4,32,21,combined,1,1,False,0.0,1,False,False
burgers,4,32,22,combined,2,2,False,0.0,1,True,True
burgers,4,32,23,combined,2,2,False,0.0,1,True,True
burgers,4,32,24,combined,1,1,False,0.0,1,False,False
burgers,4,32,25,combined,1,1,False,0.0,1,False,False
burgers,4,32,26,combined,2,2,False,0.0,1,True,True
burgers,4,32,27,combined,2,2,False,0.0,1,True,True
burgers,4,32,28,combined,1,1,False,0.0,1,False,False
burgers,4,32,29,combined,1,1,False,0.0,1,False,False
burgers,4,64,0,inference_only,1,1,False,0.0,1,False,False
burgers,4,64,1,inference_only,1,1,False,0.0,1,False,False
burgers,4,64,2,inference_only,2,2,False,0.0,1,True,True
burgers,4,64,3,inference_only,1,1,False,0.0,1,False,False
burgers,4,64,4,inference_only,1,1,False,0.0,1,False,False
burgers,4,64,5,inference_only,2,2,False,0.0,1,True,True
burgers,4,64,6,inference_only,2,2,False,0.0,1,True,True
burgers,4,64,7,inference_only,2,2,False,0.0,1,True,True
burgers,4,64,8,inference_only,2,2,False,0.0,1,True,True
burgers,4,64,9,inference_only,1,1,False,0.0,1,False,False
burgers,4,64,10,inference_only,1,1,False,0.0,1,False,False
burgers,4,64,11,inference_only,1,1,False,0.0,1,False,False
burgers,4,64,12,inference_only,1,1,False,0.0,1,False,False
burgers,4,64,13,inference_only,2,2,False,0.0,1,True,True
burgers,4,64,14,inference_only,2,2,False,0.0,1,True,True
burgers,4,64,15,inference_only,1,1,False,0.0,1,False,False
burgers,4,64,16,inference_only,1,1,False,0.0,1,False,False
burgers,4,64,17,inference_only,1,1,False,0.0,1,False,False
burgers,4,64,18,inference_only,2,2,False,0.0,1,True,True
burgers,4,64,19,inference_only,1,1,False,0.0,1,False,False
burgers,4,64,20,inference_only,2,2,False,0.0,1,True,True
burgers,4,64,21,inference_only,1,1,False,0.0,1,False,False
burgers,4,64,22,inference_only,2,2,False,0.0,1,True,True
burgers,4,64,23,inference_only,2,2,False,0.0,1,True,True
burgers,4,64,24,inference_only,1,1,False,0.0,1,False,False
burgers,4,64,25,inference_only,1,1,False,0.0,1,False,False
burgers,4,64,26,inference_only,2,2,False,0.0,1,True,True
burgers,4,64,27,inference_only,2,2,False,0.0,1,True,True
burgers,4,64,28,inference_only,1,1,False,0.0,1,False,False
burgers,4,64,29,inference_only,1,1,False,0.0,1,False,False
burgers,4,64,0,response_only,1,1,False,0.0,1,False,False
burgers,4,64,1,response_only,1,1,False,0.0,1,False,False
burgers,4,64,2,response_only,2,2,False,0.0,1,True,True
burgers,4,64,3,response_only,1,1,False,0.0,1,False,False
burgers,4,64,4,response_only,1,1,False,0.0,1,False,False
burgers,4,64,5,response_only,2,2,False,0.0,1,True,True
burgers,4,64,6,response_only,2,2,False,0.0,1,True,True
burgers,4,64,7,response_only,2,2,False,0.0,1,True,True
burgers,4,64,8,response_only,2,2,False,0.0,1,True,True
burgers,4,64,9,response_only,1,1,False,0.0,1,False,False
burgers,4,64,10,response_only,1,1,False,0.0,1,False,False
burgers,4,64,11,response_only,1,1,False,0.0,1,False,False
burgers,4,64,12,response_only,1,1,False,0.0,1,False,False
burgers,4,64,13,response_only,2,2,False,0.0,1,True,True
burgers,4,64,14,response_only,2,2,False,0.0,1,True,True
burgers,4,64,15,response_only,1,1,False,0.0,1,False,False
burgers,4,64,16,response_only,1,1,False,0.0,1,False,False
burgers,4,64,17,response_only,1,1,False,0.0,1,False,False
burgers,4,64,18,response_only,2,2,False,0.0,1,True,True
burgers,4,64,19,response_only,1,1,False,0.0,1,False,False
burgers,4,64,20,response_only,2,2,False,0.0,1,True,True
burgers,4,64,21,response_only,1,1,False,0.0,1,False,False
burgers,4,64,22,response_only,2,2,False,0.0,1,True,True
burgers,4,64,23,response_only,2,2,False,0.0,1,True,True
burgers,4,64,24,response_only,1,1,False,0.0,1,False,False
burgers,4,64,25,response_only,1,1,False,0.0,1,False,False
burgers,4,64,26,response_only,2,2,False,0.0,1,True,True
burgers,4,64,27,response_only,2,2,False,0.0,1,True,True
burgers,4,64,28,response_only,1,1,False,0.0,1,False,False
burgers,4,64,29,response_only,1,1,False,0.0,1,False,False
burgers,4,64,0,combined,1,1,False,0.0,1,False,False
burgers,4,64,1,combined,1,1,False,0.0,1,False,False
burgers,4,64,2,combined,2,2,False,0.0,1,True,True
burgers,4,64,3,combined,1,1,False,0.0,1,False,False
burgers,4,64,4,combined,1,1,False,0.0,1,False,False
burgers,4,64,5,combined,2,2,False,0.0,1,True,True
burgers,4,64,6,combined,2,2,False,0.0,1,True,True
burgers,4,64,7,combined,2,2,False,0.0,1,True,True
burgers,4,64,8,combined,2,2,False,0.0,1,True,True
burgers,4,64,9,combined,1,1,False,0.0,1,False,False
burgers,4,64,10,combined,1,1,False,0.0,1,False,False
burgers,4,64,11,combined,1,1,False,0.0,1,False,False
burgers,4,64,12,combined,1,1,False,0.0,1,False,False
burgers,4,64,13,combined,2,2,False,0.0,1,True,True
burgers,4,64,14,combined,2,2,False,0.0,1,True,True
burgers,4,64,15,combined,1,1,False,0.0,1,False,False
burgers,4,64,16,combined,1,1,False,0.0,1,False,False
burgers,4,64,17,combined,1,1,False,0.0,1,False,False
burgers,4,64,18,combined,2,2,False,0.0,1,True,True
burgers,4,64,19,combined,1,1,False,0.0,1,False,False
burgers,4,64,20,combined,2,2,False,0.0,1,True,True
burgers,4,64,21,combined,1,1,False,0.0,1,False,False
burgers,4,64,22,combined,2,2,False,0.0,1,True,True
burgers,4,64,23,combined,2,2,False,0.0,1,True,True
burgers,4,64,24,combined,1,1,False,0.0,1,False,False
burgers,4,64,25,combined,1,1,False,0.0,1,False,False
burgers,4,64,26,combined,2,2,False,0.0,1,True,True
burgers,4,64,27,combined,2,2,False,0.0,1,True,True
burgers,4,64,28,combined,1,1,False,0.0,1,False,False
burgers,4,64,29,combined,1,1,False,0.0,1,False,False
burgers,5,2,0,inference_only,1,2,False,0.005503808112874292,1,False,True
burgers,5,2,1,inference_only,1,2,False,0.02399747841898095,1,False,True
burgers,5,2,2,inference_only,1,2,False,0.004825564034579816,1,False,True
burgers,5,2,3,inference_only,1,2,False,0.002846726350567097,1,False,True
burgers,5,2,4,inference_only,1,2,False,0.008788230634878075,1,False,True
burgers,5,2,5,inference_only,1,2,False,0.0236108050007095,1,False,True
burgers,5,2,6,inference_only,2,2,False,0.0,1,True,True
burgers,5,2,7,inference_only,1,2,False,0.0049755815246880775,1,False,True
burgers,5,2,8,inference_only,2,2,False,0.0,1,True,True
burgers,5,2,9,inference_only,1,2,False,0.02117835154661646,1,False,True
burgers,5,2,10,inference_only,1,2,False,0.024809473798518583,1,False,True
burgers,5,2,11,inference_only,1,2,False,0.021642469776877227,1,False,True
burgers,5,2,12,inference_only,1,2,False,0.01919790268751259,1,False,True
burgers,5,2,13,inference_only,1,2,False,0.011176154499255853,1,False,True
burgers,5,2,14,inference_only,1,2,False,0.0071713683298005315,1,False,True
burgers,5,2,15,inference_only,2,2,False,0.0,1,True,True
burgers,5,2,16,inference_only,2,2,False,0.0,1,True,True
burgers,5,2,17,inference_only,2,2,False,0.0,1,True,True
burgers,5,2,18,inference_only,2,2,False,0.0,1,True,True
burgers,5,2,19,inference_only,2,2,False,0.0,1,True,True
burgers,5,2,20,inference_only,2,2,False,0.0,1,True,True
burgers,5,2,21,inference_only,1,2,False,0.01325094951154504,1,False,True
burgers,5,2,22,inference_only,1,2,False,0.009995963473101582,1,False,True
burgers,5,2,23,inference_only,1,2,False,0.0057866429249337215,1,False,True
burgers,5,2,24,inference_only,1,2,False,0.024124861556140742,1,False,True
burgers,5,2,25,inference_only,1,2,False,0.025821293274170015,1,False,True
burgers,5,2,26,inference_only,1,2,False,0.024404473952855416,1,False,True
burgers,5,2,27,inference_only,1,2,False,3.320225089814555e-05,1,False,True
burgers,5,2,28,inference_only,1,2,False,0.022711434342202935,1,False,True
burgers,5,2,29,inference_only,1,2,False,0.02276700431092904,1,False,True
burgers,5,2,0,response_only,1,0,True,0.46093711623435957,1,False,True
burgers,5,2,1,response_only,1,0,True,0.4328720727747108,1,False,True
burgers,5,2,2,response_only,1,0,True,0.4619782301011446,1,False,True
burgers,5,2,3,response_only,1,0,True,0.46503719288550055,1,False,True
burgers,5,2,4,response_only,1,0,True,0.45589355365618117,1,False,True
burgers,5,2,5,response_only,1,0,True,0.4334524224655044,1,False,True
burgers,5,2,6,response_only,2,0,True,0.4879179054195677,1,True,True
burgers,5,2,7,response_only,1,0,True,0.4617444935862026,1,False,True
burgers,5,2,8,response_only,2,0,True,0.5109627490082362,1,True,True
burgers,5,2,9,response_only,1,0,True,0.43710364367458004,1,False,True
burgers,5,2,10,response_only,1,0,True,0.4316573720020811,1,False,True
burgers,5,2,11,response_only,1,0,True,0.4364056251203693,1,False,True
burgers,5,2,12,response_only,1,0,True,0.4400849675286936,1,False,True
burgers,5,2,13,response_only,1,0,True,0.4522572496322178,1,False,True
burgers,5,2,14,response_only,1,0,True,0.4583728159160858,1,False,True
burgers,5,2,15,response_only,2,0,True,0.4743274416068648,1,True,True
burgers,5,2,16,response_only,2,0,True,0.481204231515432,1,True,True
burgers,5,2,17,response_only,2,0,True,0.5194394047131166,1,True,True
burgers,5,2,18,response_only,2,0,True,0.4742905381900234,1,True,True
burgers,5,2,19,response_only,2,0,True,0.4852098438184286,1,True,True
burgers,5,2,20,response_only,2,0,True,0.5148936474939037,1,True,True
burgers,5,2,21,response_only,1,0,True,0.44909772952840393,1,False,True
burgers,5,2,22,response_only,1,0,True,0.45405747424004184,1,False,True
burgers,5,2,23,response_only,1,0,True,0.460494818003436,1,False,True
burgers,5,2,24,response_only,1,0,True,0.43268079676792537,1,False,True
burgers,5,2,25,response_only,1,0,True,0.43014594334556244,1,False,True
burgers,5,2,26,response_only,1,0,True,0.43226302122120763,1,False,True
burgers,5,2,27,response_only,1,0,True,0.46935855619788447,1,False,True
burgers,5,2,28,response_only,1,0,True,0.43480045824084446,1,False,True
burgers,5,2,29,response_only,1,0,True,0.43471515685245354,1,False,True
burgers,5,2,0,combined,1,0,True,0.46093711623435957,1,False,True
burgers,5,2,1,combined,1,0,True,0.4328720727747108,1,False,True
burgers,5,2,2,combined,1,0,True,0.4619782301011446,1,False,True
burgers,5,2,3,combined,1,0,True,0.46503719288550055,1,False,True
burgers,5,2,4,combined,1,0,True,0.45589355365618117,1,False,True
burgers,5,2,5,combined,1,0,True,0.4334524224655044,1,False,True
burgers,5,2,6,combined,2,0,True,0.4879179054195677,1,True,True
burgers,5,2,7,combined,1,0,True,0.4617444935862026,1,False,True
burgers,5,2,8,combined,2,0,True,0.5109627490082362,1,True,True
burgers,5,2,9,combined,1,0,True,0.43710364367458004,1,False,True
burgers,5,2,10,combined,1,0,True,0.4316573720020811,1,False,True
burgers,5,2,11,combined,1,0,True,0.4364056251203693,1,False,True
burgers,5,2,12,combined,1,0,True,0.4400849675286936,1,False,True
burgers,5,2,13,combined,1,0,True,0.4522572496322178,1,False,True
burgers,5,2,14,combined,1,0,True,0.4583728159160858,1,False,True
burgers,5,2,15,combined,2,0,True,0.4743274416068648,1,True,True
burgers,5,2,16,combined,2,0,True,0.481204231515432,1,True,True
burgers,5,2,17,combined,2,0,True,0.5194394047131166,1,True,True
burgers,5,2,18,combined,2,0,True,0.4742905381900234,1,True,True
burgers,5,2,19,combined,2,0,True,0.4852098438184286,1,True,True
burgers,5,2,20,combined,2,0,True,0.5148936474939037,1,True,True
burgers,5,2,21,combined,1,0,True,0.44909772952840393,1,False,True
burgers,5,2,22,combined,1,0,True,0.45405747424004184,1,False,True
burgers,5,2,23,combined,1,0,True,0.460494818003436,1,False,True
burgers,5,2,24,combined,1,0,True,0.43268079676792537,1,False,True
burgers,5,2,25,combined,1,0,True,0.43014594334556244,1,False,True
burgers,5,2,26,combined,1,0,True,0.43226302122120763,1,False,True
burgers,5,2,27,combined,1,0,True,0.46935855619788447,1,False,True
burgers,5,2,28,combined,1,0,True,0.43480045824084446,1,False,True
burgers,5,2,29,combined,1,0,True,0.43471515685245354,1,False,True
burgers,5,4,0,inference_only,1,2,False,0.005503808112874292,1,False,True
burgers,5,4,1,inference_only,1,1,False,0.0,1,False,False
burgers,5,4,2,inference_only,1,2,False,0.004825564034579816,1,False,True
burgers,5,4,3,inference_only,1,1,False,0.0,1,False,False
burgers,5,4,4,inference_only,1,2,False,0.008788230634878075,1,False,True
burgers,5,4,5,inference_only,1,1,False,0.0,1,False,False
burgers,5,4,6,inference_only,2,2,False,0.0,1,True,True
burgers,5,4,7,inference_only,1,1,False,0.0,1,False,False
burgers,5,4,8,inference_only,2,2,False,0.0,1,True,True
burgers,5,4,9,inference_only,1,1,False,0.0,1,False,False
burgers,5,4,10,inference_only,1,2,False,0.024809473798518583,1,False,True
burgers,5,4,11,inference_only,1,1,False,0.0,1,False,False
burgers,5,4,12,inference_only,1,2,False,0.01919790268751259,1,False,True
burgers,5,4,13,inference_only,1,2,False,0.011176154499255853,1,False,True
burgers,5,4,14,inference_only,1,2,False,0.0071713683298005315,1,False,True
burgers,5,4,15,inference_only,2,2,False,0.0,1,True,True
burgers,5,4,16,inference_only,2,2,False,0.0,1,True,True
burgers,5,4,17,inference_only,2,2,False,0.0,1,True,True
burgers,5,4,18,inference_only,2,2,False,0.0,1,True,True
burgers,5,4,19,inference_only,2,2,False,0.0,1,True,True
burgers,5,4,20,inference_only,2,2,False,0.0,1,True,True
burgers,5,4,21,inference_only,1,1,False,0.0,1,False,False
burgers,5,4,22,inference_only,1,2,False,0.009995963473101582,1,False,True
burgers,5,4,23,inference_only,1,2,False,0.0057866429249337215,1,False,True
burgers,5,4,24,inference_only,1,2,False,0.024124861556140742,1,False,True
burgers,5,4,25,inference_only,1,1,False,0.0,1,False,False
burgers,5,4,26,inference_only,1,2,False,0.024404473952855416,1,False,True
burgers,5,4,27,inference_only,1,2,False,3.320225089814555e-05,1,False,True
burgers,5,4,28,inference_only,1,2,False,0.022711434342202935,1,False,True
burgers,5,4,29,inference_only,1,2,False,0.02276700431092904,1,False,True
burgers,5,4,0,response_only,1,1,False,0.0,1,False,False
burgers,5,4,1,response_only,1,1,False,0.0,1,False,False
burgers,5,4,2,response_only,1,1,False,0.0,1,False,False
burgers,5,4,3,response_only,1,1,False,0.0,1,False,False
burgers,5,4,4,response_only,1,1,False,0.0,1,False,False
burgers,5,4,5,response_only,1,1,False,0.0,1,False,False
burgers,5,4,6,response_only,2,1,True,0.00724202311703942,1,True,False
burgers,5,4,7,response_only,1,1,False,0.0,1,False,False
burgers,5,4,8,response_only,2,1,True,0.016231330936137683,1,True,False
burgers,5,4,9,response_only,1,1,False,0.0,1,False,False
burgers,5,4,10,response_only,1,1,False,0.0,1,False,False
burgers,5,4,11,response_only,1,1,False,0.0,1,False,False
burgers,5,4,12,response_only,1,1,False,0.0,1,False,False
burgers,5,4,13,response_only,1,1,False,0.0,1,False,False
burgers,5,4,14,response_only,1,1,False,0.0,1,False,False
burgers,5,4,15,response_only,2,1,True,0.0019262406715175318,1,True,False
burgers,5,4,16,response_only,2,1,True,0.004619893652757029,1,True,False
burgers,5,4,17,response_only,2,1,True,0.019519643736174375,1,True,False
burgers,5,4,18,response_only,2,1,True,0.0019193970825696072,1,True,False
burgers,5,4,19,response_only,2,1,True,0.0061874001365231635,1,True,False
burgers,5,4,20,response_only,2,1,True,0.017753518439800275,1,True,False
burgers,5,4,21,response_only,1,1,False,0.0,1,False,False
burgers,5,4,22,response_only,1,1,False,0.0,1,False,False
burgers,5,4,23,response_only,1,1,False,0.0,1,False,False
burgers,5,4,24,response_only,1,1,False,0.0,1,False,False
burgers,5,4,25,response_only,1,1,False,0.0,1,False,False
burgers,5,4,26,response_only,1,1,False,0.0,1,False,False
burgers,5,4,27,response_only,1,1,False,0.0,1,False,False
burgers,5,4,28,response_only,1,1,False,0.0,1,False,False
burgers,5,4,29,response_only,1,1,False,0.0,1,False,False
burgers,5,4,0,combined,1,1,False,0.0,1,False,False
burgers,5,4,1,combined,1,1,False,0.0,1,False,False
burgers,5,4,2,combined,1,1,False,0.0,1,False,False
burgers,5,4,3,combined,1,1,False,0.0,1,False,False
burgers,5,4,4,combined,1,1,False,0.0,1,False,False
burgers,5,4,5,combined,1,1,False,0.0,1,False,False
burgers,5,4,6,combined,2,1,True,0.00724202311703942,1,True,False
burgers,5,4,7,combined,1,1,False,0.0,1,False,False
burgers,5,4,8,combined,2,2,False,0.0,1,True,True
burgers,5,4,9,combined,1,1,False,0.0,1,False,False
burgers,5,4,10,combined,1,1,False,0.0,1,False,False
burgers,5,4,11,combined,1,1,False,0.0,1,False,False
burgers,5,4,12,combined,1,2,False,0.01919790268751259,1,False,True
burgers,5,4,13,combined,1,1,False,0.0,1,False,False
burgers,5,4,14,combined,1,2,False,0.0071713683298005315,1,False,True
burgers,5,4,15,combined,2,1,True,0.0019262406715175318,1,True,False
burgers,5,4,16,combined,2,1,True,0.004619893652757029,1,True,False
burgers,5,4,17,combined,2,2,False,0.0,1,True,True
burgers,5,4,18,combined,2,1,True,0.0019193970825696072,1,True,False
burgers,5,4,19,combined,2,1,True,0.0061874001365231635,1,True,False
burgers,5,4,20,combined,2,1,True,0.017753518439800275,1,True,False
burgers,5,4,21,combined,1,1,False,0.0,1,False,False
burgers,5,4,22,combined,1,1,False,0.0,1,False,False
burgers,5,4,23,combined,1,2,False,0.0057866429249337215,1,False,True
burgers,5,4,24,combined,1,1,False,0.0,1,False,False
burgers,5,4,25,combined,1,1,False,0.0,1,False,False
burgers,5,4,26,combined,1,1,False,0.0,1,False,False
burgers,5,4,27,combined,1,2,False,3.320225089814555e-05,1,False,True
burgers,5,4,28,combined,1,1,False,0.0,1,False,False
burgers,5,4,29,combined,1,2,False,0.02276700431092904,1,False,True
burgers,5,8,0,inference_only,1,2,False,0.005503808112874292,1,False,True
burgers,5,8,1,inference_only,1,1,False,0.0,1,False,False
burgers,5,8,2,inference_only,1,2,False,0.004825564034579816,1,False,True
burgers,5,8,3,inference_only,1,1,False,0.0,1,False,False
burgers,5,8,4,inference_only,1,2,False,0.008788230634878075,1,False,True
burgers,5,8,5,inference_only,1,1,False,0.0,1,False,False
burgers,5,8,6,inference_only,2,2,False,0.0,1,True,True
burgers,5,8,7,inference_only,1,1,False,0.0,1,False,False
burgers,5,8,8,inference_only,2,2,False,0.0,1,True,True
burgers,5,8,9,inference_only,1,1,False,0.0,1,False,False
burgers,5,8,10,inference_only,1,1,False,0.0,1,False,False
burgers,5,8,11,inference_only,1,1,False,0.0,1,False,False
burgers,5,8,12,inference_only,1,1,False,0.0,1,False,False
burgers,5,8,13,inference_only,1,1,False,0.0,1,False,False
burgers,5,8,14,inference_only,1,2,False,0.0071713683298005315,1,False,True
burgers,5,8,15,inference_only,2,2,False,0.0,1,True,True
burgers,5,8,16,inference_only,2,2,False,0.0,1,True,True
burgers,5,8,17,inference_only,2,2,False,0.0,1,True,True
burgers,5,8,18,inference_only,2,2,False,0.0,1,True,True
burgers,5,8,19,inference_only,2,1,True,0.0061874001365231635,1,True,False
burgers,5,8,20,inference_only,2,1,True,0.017753518439800275,1,True,False
burgers,5,8,21,inference_only,1,1,False,0.0,1,False,False
burgers,5,8,22,inference_only,1,2,False,0.009995963473101582,1,False,True
burgers,5,8,23,inference_only,1,2,False,0.0057866429249337215,1,False,True
burgers,5,8,24,inference_only,1,1,False,0.0,1,False,False
burgers,5,8,25,inference_only,1,1,False,0.0,1,False,False
burgers,5,8,26,inference_only,1,1,False,0.0,1,False,False
burgers,5,8,27,inference_only,1,2,False,3.320225089814555e-05,1,False,True
burgers,5,8,28,inference_only,1,1,False,0.0,1,False,False
burgers,5,8,29,inference_only,1,1,False,0.0,1,False,False
burgers,5,8,0,response_only,1,2,False,0.005503808112874292,1,False,True
burgers,5,8,1,response_only,1,2,False,0.02399747841898095,1,False,True
burgers,5,8,2,response_only,1,2,False,0.004825564034579816,1,False,True
burgers,5,8,3,response_only,1,2,False,0.002846726350567097,1,False,True
burgers,5,8,4,response_only,1,2,False,0.008788230634878075,1,False,True
burgers,5,8,5,response_only,1,2,False,0.0236108050007095,1,False,True
burgers,5,8,6,response_only,2,2,False,0.0,1,True,True
burgers,5,8,7,response_only,1,2,False,0.0049755815246880775,1,False,True
burgers,5,8,8,response_only,2,2,False,0.0,1,True,True
burgers,5,8,9,response_only,1,2,False,0.02117835154661646,1,False,True
burgers,5,8,10,response_only,1,2,False,0.024809473798518583,1,False,True
burgers,5,8,11,response_only,1,2,False,0.021642469776877227,1,False,True
burgers,5,8,12,response_only,1,2,False,0.01919790268751259,1,False,True
burgers,5,8,13,response_only,1,2,False,0.011176154499255853,1,False,True
burgers,5,8,14,response_only,1,2,False,0.0071713683298005315,1,False,True
burgers,5,8,15,response_only,2,2,False,0.0,1,True,True
burgers,5,8,16,response_only,2,2,False,0.0,1,True,True
burgers,5,8,17,response_only,2,2,False,0.0,1,True,True
burgers,5,8,18,response_only,2,2,False,0.0,1,True,True
burgers,5,8,19,response_only,2,2,False,0.0,1,True,True
burgers,5,8,20,response_only,2,2,False,0.0,1,True,True
burgers,5,8,21,response_only,1,2,False,0.01325094951154504,1,False,True
burgers,5,8,22,response_only,1,2,False,0.009995963473101582,1,False,True
burgers,5,8,23,response_only,1,2,False,0.0057866429249337215,1,False,True
burgers,5,8,24,response_only,1,2,False,0.024124861556140742,1,False,True
burgers,5,8,25,response_only,1,2,False,0.025821293274170015,1,False,True
burgers,5,8,26,response_only,1,2,False,0.024404473952855416,1,False,True
burgers,5,8,27,response_only,1,2,False,3.320225089814555e-05,1,False,True
burgers,5,8,28,response_only,1,2,False,0.022711434342202935,1,False,True
burgers,5,8,29,response_only,1,2,False,0.02276700431092904,1,False,True
burgers,5,8,0,combined,1,2,False,0.005503808112874292,1,False,True
burgers,5,8,1,combined,1,2,False,0.02399747841898095,1,False,True
burgers,5,8,2,combined,1,2,False,0.004825564034579816,1,False,True
burgers,5,8,3,combined,1,2,False,0.002846726350567097,1,False,True
burgers,5,8,4,combined,1,2,False,0.008788230634878075,1,False,True
burgers,5,8,5,combined,1,2,False,0.0236108050007095,1,False,True
burgers,5,8,6,combined,2,2,False,0.0,1,True,True
burgers,5,8,7,combined,1,2,False,0.0049755815246880775,1,False,True
burgers,5,8,8,combined,2,2,False,0.0,1,True,True
burgers,5,8,9,combined,1,2,False,0.02117835154661646,1,False,True
burgers,5,8,10,combined,1,2,False,0.024809473798518583,1,False,True
burgers,5,8,11,combined,1,2,False,0.021642469776877227,1,False,True
burgers,5,8,12,combined,1,2,False,0.01919790268751259,1,False,True
burgers,5,8,13,combined,1,2,False,0.011176154499255853,1,False,True
burgers,5,8,14,combined,1,2,False,0.0071713683298005315,1,False,True
burgers,5,8,15,combined,2,2,False,0.0,1,True,True
burgers,5,8,16,combined,2,2,False,0.0,1,True,True
burgers,5,8,17,combined,2,2,False,0.0,1,True,True
burgers,5,8,18,combined,2,2,False,0.0,1,True,True
burgers,5,8,19,combined,2,2,False,0.0,1,True,True
burgers,5,8,20,combined,2,2,False,0.0,1,True,True
burgers,5,8,21,combined,1,2,False,0.01325094951154504,1,False,True
burgers,5,8,22,combined,1,2,False,0.009995963473101582,1,False,True
burgers,5,8,23,combined,1,2,False,0.0057866429249337215,1,False,True
burgers,5,8,24,combined,1,2,False,0.024124861556140742,1,False,True
burgers,5,8,25,combined,1,2,False,0.025821293274170015,1,False,True
burgers,5,8,26,combined,1,2,False,0.024404473952855416,1,False,True
burgers,5,8,27,combined,1,2,False,3.320225089814555e-05,1,False,True
burgers,5,8,28,combined,1,2,False,0.022711434342202935,1,False,True
burgers,5,8,29,combined,1,2,False,0.02276700431092904,1,False,True
burgers,5,16,0,inference_only,1,1,False,0.0,1,False,False
burgers,5,16,1,inference_only,1,1,False,0.0,1,False,False
burgers,5,16,2,inference_only,1,1,False,0.0,1,False,False
burgers,5,16,3,inference_only,1,1,False,0.0,1,False,False
burgers,5,16,4,inference_only,1,1,False,0.0,1,False,False
burgers,5,16,5,inference_only,1,1,False,0.0,1,False,False
burgers,5,16,6,inference_only,2,2,False,0.0,1,True,True
burgers,5,16,7,inference_only,1,1,False,0.0,1,False,False
burgers,5,16,8,inference_only,2,2,False,0.0,1,True,True
burgers,5,16,9,inference_only,1,1,False,0.0,1,False,False
burgers,5,16,10,inference_only,1,1,False,0.0,1,False,False
burgers,5,16,11,inference_only,1,1,False,0.0,1,False,False
burgers,5,16,12,inference_only,1,1,False,0.0,1,False,False
burgers,5,16,13,inference_only,1,1,False,0.0,1,False,False
burgers,5,16,14,inference_only,1,1,False,0.0,1,False,False
burgers,5,16,15,inference_only,2,1,True,0.0019262406715175318,1,True,False
burgers,5,16,16,inference_only,2,1,True,0.004619893652757029,1,True,False
burgers,5,16,17,inference_only,2,2,False,0.0,1,True,True
burgers,5,16,18,inference_only,2,2,False,0.0,1,True,True
burgers,5,16,19,inference_only,2,2,False,0.0,1,True,True
burgers,5,16,20,inference_only,2,2,False,0.0,1,True,True
burgers,5,16,21,inference_only,1,1,False,0.0,1,False,False
burgers,5,16,22,inference_only,1,1,False,0.0,1,False,False
burgers,5,16,23,inference_only,1,1,False,0.0,1,False,False
burgers,5,16,24,inference_only,1,1,False,0.0,1,False,False
burgers,5,16,25,inference_only,1,1,False,0.0,1,False,False
burgers,5,16,26,inference_only,1,1,False,0.0,1,False,False
burgers,5,16,27,inference_only,1,1,False,0.0,1,False,False
burgers,5,16,28,inference_only,1,1,False,0.0,1,False,False
burgers,5,16,29,inference_only,1,1,False,0.0,1,False,False
burgers,5,16,0,response_only,1,2,False,0.005503808112874292,1,False,True
burgers,5,16,1,response_only,1,2,False,0.02399747841898095,1,False,True
burgers,5,16,2,response_only,1,2,False,0.004825564034579816,1,False,True
burgers,5,16,3,response_only,1,2,False,0.002846726350567097,1,False,True
burgers,5,16,4,response_only,1,2,False,0.008788230634878075,1,False,True
burgers,5,16,5,response_only,1,2,False,0.0236108050007095,1,False,True
burgers,5,16,6,response_only,2,2,False,0.0,1,True,True
burgers,5,16,7,response_only,1,2,False,0.0049755815246880775,1,False,True
burgers,5,16,8,response_only,2,2,False,0.0,1,True,True
burgers,5,16,9,response_only,1,2,False,0.02117835154661646,1,False,True
burgers,5,16,10,response_only,1,2,False,0.024809473798518583,1,False,True
burgers,5,16,11,response_only,1,2,False,0.021642469776877227,1,False,True
burgers,5,16,12,response_only,1,2,False,0.01919790268751259,1,False,True
burgers,5,16,13,response_only,1,2,False,0.011176154499255853,1,False,True
burgers,5,16,14,response_only,1,2,False,0.0071713683298005315,1,False,True
burgers,5,16,15,response_only,2,2,False,0.0,1,True,True
burgers,5,16,16,response_only,2,2,False,0.0,1,True,True
burgers,5,16,17,response_only,2,2,False,0.0,1,True,True
burgers,5,16,18,response_only,2,2,False,0.0,1,True,True
burgers,5,16,19,response_only,2,2,False,0.0,1,True,True
burgers,5,16,20,response_only,2,2,False,0.0,1,True,True
burgers,5,16,21,response_only,1,2,False,0.01325094951154504,1,False,True
burgers,5,16,22,response_only,1,2,False,0.009995963473101582,1,False,True
burgers,5,16,23,response_only,1,2,False,0.0057866429249337215,1,False,True
burgers,5,16,24,response_only,1,2,False,0.024124861556140742,1,False,True
burgers,5,16,25,response_only,1,2,False,0.025821293274170015,1,False,True
burgers,5,16,26,response_only,1,2,False,0.024404473952855416,1,False,True
burgers,5,16,27,response_only,1,2,False,3.320225089814555e-05,1,False,True
burgers,5,16,28,response_only,1,2,False,0.022711434342202935,1,False,True
burgers,5,16,29,response_only,1,2,False,0.02276700431092904,1,False,True
burgers,5,16,0,combined,1,2,False,0.005503808112874292,1,False,True
burgers,5,16,1,combined,1,2,False,0.02399747841898095,1,False,True
burgers,5,16,2,combined,1,2,False,0.004825564034579816,1,False,True
burgers,5,16,3,combined,1,2,False,0.002846726350567097,1,False,True
burgers,5,16,4,combined,1,2,False,0.008788230634878075,1,False,True
burgers,5,16,5,combined,1,2,False,0.0236108050007095,1,False,True
burgers,5,16,6,combined,2,2,False,0.0,1,True,True
burgers,5,16,7,combined,1,2,False,0.0049755815246880775,1,False,True
burgers,5,16,8,combined,2,2,False,0.0,1,True,True
burgers,5,16,9,combined,1,2,False,0.02117835154661646,1,False,True
burgers,5,16,10,combined,1,2,False,0.024809473798518583,1,False,True
burgers,5,16,11,combined,1,2,False,0.021642469776877227,1,False,True
burgers,5,16,12,combined,1,2,False,0.01919790268751259,1,False,True
burgers,5,16,13,combined,1,2,False,0.011176154499255853,1,False,True
burgers,5,16,14,combined,1,2,False,0.0071713683298005315,1,False,True
burgers,5,16,15,combined,2,2,False,0.0,1,True,True
burgers,5,16,16,combined,2,2,False,0.0,1,True,True
burgers,5,16,17,combined,2,2,False,0.0,1,True,True
burgers,5,16,18,combined,2,2,False,0.0,1,True,True
burgers,5,16,19,combined,2,2,False,0.0,1,True,True
burgers,5,16,20,combined,2,2,False,0.0,1,True,True
burgers,5,16,21,combined,1,2,False,0.01325094951154504,1,False,True
burgers,5,16,22,combined,1,2,False,0.009995963473101582,1,False,True
burgers,5,16,23,combined,1,2,False,0.0057866429249337215,1,False,True
burgers,5,16,24,combined,1,2,False,0.024124861556140742,1,False,True
burgers,5,16,25,combined,1,2,False,0.025821293274170015,1,False,True
burgers,5,16,26,combined,1,2,False,0.024404473952855416,1,False,True
burgers,5,16,27,combined,1,2,False,3.320225089814555e-05,1,False,True
burgers,5,16,28,combined,1,2,False,0.022711434342202935,1,False,True
burgers,5,16,29,combined,1,2,False,0.02276700431092904,1,False,True
burgers,5,32,0,inference_only,1,1,False,0.0,1,False,False
burgers,5,32,1,inference_only,1,1,False,0.0,1,False,False
burgers,5,32,2,inference_only,1,1,False,0.0,1,False,False
burgers,5,32,3,inference_only,1,1,False,0.0,1,False,False
burgers,5,32,4,inference_only,1,1,False,0.0,1,False,False
burgers,5,32,5,inference_only,1,1,False,0.0,1,False,False
burgers,5,32,6,inference_only,2,2,False,0.0,1,True,True
burgers,5,32,7,inference_only,1,1,False,0.0,1,False,False
burgers,5,32,8,inference_only,2,2,False,0.0,1,True,True
burgers,5,32,9,inference_only,1,1,False,0.0,1,False,False
burgers,5,32,10,inference_only,1,1,False,0.0,1,False,False
burgers,5,32,11,inference_only,1,1,False,0.0,1,False,False
burgers,5,32,12,inference_only,1,1,False,0.0,1,False,False
burgers,5,32,13,inference_only,1,1,False,0.0,1,False,False
burgers,5,32,14,inference_only,1,1,False,0.0,1,False,False
burgers,5,32,15,inference_only,2,2,False,0.0,1,True,True
burgers,5,32,16,inference_only,2,2,False,0.0,1,True,True
burgers,5,32,17,inference_only,2,2,False,0.0,1,True,True
burgers,5,32,18,inference_only,2,2,False,0.0,1,True,True
burgers,5,32,19,inference_only,2,2,False,0.0,1,True,True
burgers,5,32,20,inference_only,2,2,False,0.0,1,True,True
burgers,5,32,21,inference_only,1,1,False,0.0,1,False,False
burgers,5,32,22,inference_only,1,1,False,0.0,1,False,False
burgers,5,32,23,inference_only,1,1,False,0.0,1,False,False
burgers,5,32,24,inference_only,1,1,False,0.0,1,False,False
burgers,5,32,25,inference_only,1,1,False,0.0,1,False,False
burgers,5,32,26,inference_only,1,1,False,0.0,1,False,False
burgers,5,32,27,inference_only,1,1,False,0.0,1,False,False
burgers,5,32,28,inference_only,1,1,False,0.0,1,False,False
burgers,5,32,29,inference_only,1,1,False,0.0,1,False,False
burgers,5,32,0,response_only,1,1,False,0.0,1,False,False
burgers,5,32,1,response_only,1,1,False,0.0,1,False,False
burgers,5,32,2,response_only,1,1,False,0.0,1,False,False
burgers,5,32,3,response_only,1,1,False,0.0,1,False,False
burgers,5,32,4,response_only,1,1,False,0.0,1,False,False
burgers,5,32,5,response_only,1,1,False,0.0,1,False,False
burgers,5,32,6,response_only,2,2,False,0.0,1,True,True
burgers,5,32,7,response_only,1,1,False,0.0,1,False,False
burgers,5,32,8,response_only,2,2,False,0.0,1,True,True
burgers,5,32,9,response_only,1,1,False,0.0,1,False,False
burgers,5,32,10,response_only,1,1,False,0.0,1,False,False
burgers,5,32,11,response_only,1,1,False,0.0,1,False,False
burgers,5,32,12,response_only,1,1,False,0.0,1,False,False
burgers,5,32,13,response_only,1,1,False,0.0,1,False,False
burgers,5,32,14,response_only,1,1,False,0.0,1,False,False
burgers,5,32,15,response_only,2,2,False,0.0,1,True,True
burgers,5,32,16,response_only,2,2,False,0.0,1,True,True
burgers,5,32,17,response_only,2,2,False,0.0,1,True,True
burgers,5,32,18,response_only,2,2,False,0.0,1,True,True
burgers,5,32,19,response_only,2,2,False,0.0,1,True,True
burgers,5,32,20,response_only,2,2,False,0.0,1,True,True
burgers,5,32,21,response_only,1,1,False,0.0,1,False,False
burgers,5,32,22,response_only,1,1,False,0.0,1,False,False
burgers,5,32,23,response_only,1,1,False,0.0,1,False,False
burgers,5,32,24,response_only,1,1,False,0.0,1,False,False
burgers,5,32,25,response_only,1,1,False,0.0,1,False,False
burgers,5,32,26,response_only,1,1,False,0.0,1,False,False
burgers,5,32,27,response_only,1,1,False,0.0,1,False,False
burgers,5,32,28,response_only,1,1,False,0.0,1,False,False
burgers,5,32,29,response_only,1,1,False,0.0,1,False,False
burgers,5,32,0,combined,1,1,False,0.0,1,False,False
burgers,5,32,1,combined,1,1,False,0.0,1,False,False
burgers,5,32,2,combined,1,1,False,0.0,1,False,False
burgers,5,32,3,combined,1,1,False,0.0,1,False,False
burgers,5,32,4,combined,1,1,False,0.0,1,False,False
burgers,5,32,5,combined,1,1,False,0.0,1,False,False
burgers,5,32,6,combined,2,2,False,0.0,1,True,True
burgers,5,32,7,combined,1,1,False,0.0,1,False,False
burgers,5,32,8,combined,2,2,False,0.0,1,True,True
burgers,5,32,9,combined,1,1,False,0.0,1,False,False
burgers,5,32,10,combined,1,1,False,0.0,1,False,False
burgers,5,32,11,combined,1,1,False,0.0,1,False,False
burgers,5,32,12,combined,1,1,False,0.0,1,False,False
burgers,5,32,13,combined,1,1,False,0.0,1,False,False
burgers,5,32,14,combined,1,1,False,0.0,1,False,False
burgers,5,32,15,combined,2,2,False,0.0,1,True,True
burgers,5,32,16,combined,2,2,False,0.0,1,True,True
burgers,5,32,17,combined,2,2,False,0.0,1,True,True
burgers,5,32,18,combined,2,2,False,0.0,1,True,True
burgers,5,32,19,combined,2,2,False,0.0,1,True,True
burgers,5,32,20,combined,2,2,False,0.0,1,True,True
burgers,5,32,21,combined,1,1,False,0.0,1,False,False
burgers,5,32,22,combined,1,1,False,0.0,1,False,False
burgers,5,32,23,combined,1,1,False,0.0,1,False,False
burgers,5,32,24,combined,1,1,False,0.0,1,False,False
burgers,5,32,25,combined,1,1,False,0.0,1,False,False
burgers,5,32,26,combined,1,1,False,0.0,1,False,False
burgers,5,32,27,combined,1,1,False,0.0,1,False,False
burgers,5,32,28,combined,1,1,False,0.0,1,False,False
burgers,5,32,29,combined,1,1,False,0.0,1,False,False
burgers,5,64,0,inference_only,1,1,False,0.0,1,False,False
burgers,5,64,1,inference_only,1,1,False,0.0,1,False,False
burgers,5,64,2,inference_only,1,1,False,0.0,1,False,False
burgers,5,64,3,inference_only,1,1,False,0.0,1,False,False
burgers,5,64,4,inference_only,1,1,False,0.0,1,False,False
burgers,5,64,5,inference_only,1,1,False,0.0,1,False,False
burgers,5,64,6,inference_only,2,2,False,0.0,1,True,True
burgers,5,64,7,inference_only,1,1,False,0.0,1,False,False
burgers,5,64,8,inference_only,2,2,False,0.0,1,True,True
burgers,5,64,9,inference_only,1,1,False,0.0,1,False,False
burgers,5,64,10,inference_only,1,1,False,0.0,1,False,False
burgers,5,64,11,inference_only,1,1,False,0.0,1,False,False
burgers,5,64,12,inference_only,1,1,False,0.0,1,False,False
burgers,5,64,13,inference_only,1,1,False,0.0,1,False,False
burgers,5,64,14,inference_only,1,1,False,0.0,1,False,False
burgers,5,64,15,inference_only,2,2,False,0.0,1,True,True
burgers,5,64,16,inference_only,2,2,False,0.0,1,True,True
burgers,5,64,17,inference_only,2,2,False,0.0,1,True,True
burgers,5,64,18,inference_only,2,2,False,0.0,1,True,True
burgers,5,64,19,inference_only,2,2,False,0.0,1,True,True
burgers,5,64,20,inference_only,2,2,False,0.0,1,True,True
burgers,5,64,21,inference_only,1,1,False,0.0,1,False,False
burgers,5,64,22,inference_only,1,1,False,0.0,1,False,False
burgers,5,64,23,inference_only,1,1,False,0.0,1,False,False
burgers,5,64,24,inference_only,1,1,False,0.0,1,False,False
burgers,5,64,25,inference_only,1,1,False,0.0,1,False,False
burgers,5,64,26,inference_only,1,1,False,0.0,1,False,False
burgers,5,64,27,inference_only,1,1,False,0.0,1,False,False
burgers,5,64,28,inference_only,1,1,False,0.0,1,False,False
burgers,5,64,29,inference_only,1,1,False,0.0,1,False,False
burgers,5,64,0,response_only,1,1,False,0.0,1,False,False
burgers,5,64,1,response_only,1,1,False,0.0,1,False,False
burgers,5,64,2,response_only,1,1,False,0.0,1,False,False
burgers,5,64,3,response_only,1,1,False,0.0,1,False,False
burgers,5,64,4,response_only,1,1,False,0.0,1,False,False
burgers,5,64,5,response_only,1,1,False,0.0,1,False,False
burgers,5,64,6,response_only,2,2,False,0.0,1,True,True
burgers,5,64,7,response_only,1,1,False,0.0,1,False,False
burgers,5,64,8,response_only,2,2,False,0.0,1,True,True
burgers,5,64,9,response_only,1,1,False,0.0,1,False,False
burgers,5,64,10,response_only,1,1,False,0.0,1,False,False
burgers,5,64,11,response_only,1,1,False,0.0,1,False,False
burgers,5,64,12,response_only,1,1,False,0.0,1,False,False
burgers,5,64,13,response_only,1,1,False,0.0,1,False,False
burgers,5,64,14,response_only,1,1,False,0.0,1,False,False
burgers,5,64,15,response_only,2,2,False,0.0,1,True,True
burgers,5,64,16,response_only,2,2,False,0.0,1,True,True
burgers,5,64,17,response_only,2,2,False,0.0,1,True,True
burgers,5,64,18,response_only,2,2,False,0.0,1,True,True
burgers,5,64,19,response_only,2,2,False,0.0,1,True,True
burgers,5,64,20,response_only,2,2,False,0.0,1,True,True
burgers,5,64,21,response_only,1,1,False,0.0,1,False,False
burgers,5,64,22,response_only,1,1,False,0.0,1,False,False
burgers,5,64,23,response_only,1,1,False,0.0,1,False,False
burgers,5,64,24,response_only,1,1,False,0.0,1,False,False
burgers,5,64,25,response_only,1,1,False,0.0,1,False,False
burgers,5,64,26,response_only,1,1,False,0.0,1,False,False
burgers,5,64,27,response_only,1,1,False,0.0,1,False,False
burgers,5,64,28,response_only,1,1,False,0.0,1,False,False
burgers,5,64,29,response_only,1,1,False,0.0,1,False,False
burgers,5,64,0,combined,1,1,False,0.0,1,False,False
burgers,5,64,1,combined,1,1,False,0.0,1,False,False
burgers,5,64,2,combined,1,1,False,0.0,1,False,False
burgers,5,64,3,combined,1,1,False,0.0,1,False,False
burgers,5,64,4,combined,1,1,False,0.0,1,False,False
burgers,5,64,5,combined,1,1,False,0.0,1,False,False
burgers,5,64,6,combined,2,2,False,0.0,1,True,True
burgers,5,64,7,combined,1,1,False,0.0,1,False,False
burgers,5,64,8,combined,2,2,False,0.0,1,True,True
burgers,5,64,9,combined,1,1,False,0.0,1,False,False
burgers,5,64,10,combined,1,1,False,0.0,1,False,False
burgers,5,64,11,combined,1,1,False,0.0,1,False,False
burgers,5,64,12,combined,1,1,False,0.0,1,False,False
burgers,5,64,13,combined,1,1,False,0.0,1,False,False
burgers,5,64,14,combined,1,1,False,0.0,1,False,False
burgers,5,64,15,combined,2,2,False,0.0,1,True,True
burgers,5,64,16,combined,2,2,False,0.0,1,True,True
burgers,5,64,17,combined,2,2,False,0.0,1,True,True
burgers,5,64,18,combined,2,2,False,0.0,1,True,True
burgers,5,64,19,combined,2,2,False,0.0,1,True,True
burgers,5,64,20,combined,2,2,False,0.0,1,True,True
burgers,5,64,21,combined,1,1,False,0.0,1,False,False
burgers,5,64,22,combined,1,1,False,0.0,1,False,False
burgers,5,64,23,combined,1,1,False,0.0,1,False,False
burgers,5,64,24,combined,1,1,False,0.0,1,False,False
burgers,5,64,25,combined,1,1,False,0.0,1,False,False
burgers,5,64,26,combined,1,1,False,0.0,1,False,False
burgers,5,64,27,combined,1,1,False,0.0,1,False,False
burgers,5,64,28,combined,1,1,False,0.0,1,False,False
burgers,5,64,29,combined,1,1,False,0.0,1,False,False
burgers,6,2,0,inference_only,2,2,False,0.0,2,False,False
burgers,6,2,1,inference_only,2,2,False,0.0,2,False,False
burgers,6,2,2,inference_only,2,2,False,0.0,2,False,False
burgers,6,2,3,inference_only,2,2,False,0.0,2,False,False
burgers,6,2,4,inference_only,2,2,False,0.0,2,False,False
burgers,6,2,5,inference_only,2,2,False,0.0,2,False,False
burgers,6,2,6,inference_only,2,2,False,0.0,2,False,False
burgers,6,2,7,inference_only,2,2,False,0.0,2,False,False
burgers,6,2,8,inference_only,2,2,False,0.0,2,False,False
burgers,6,2,9,inference_only,2,2,False,0.0,2,False,False
burgers,6,2,10,inference_only,2,2,False,0.0,2,False,False
burgers,6,2,11,inference_only,2,2,False,0.0,2,False,False
burgers,6,2,12,inference_only,2,2,False,0.0,2,False,False
burgers,6,2,13,inference_only,2,2,False,0.0,2,False,False
burgers,6,2,14,inference_only,2,2,False,0.0,2,False,False
burgers,6,2,15,inference_only,2,2,False,0.0,2,False,False
burgers,6,2,16,inference_only,2,2,False,0.0,2,False,False
burgers,6,2,17,inference_only,2,2,False,0.0,2,False,False
burgers,6,2,18,inference_only,2,2,False,0.0,2,False,False
burgers,6,2,19,inference_only,2,2,False,0.0,2,False,False
burgers,6,2,20,inference_only,2,2,False,0.0,2,False,False
burgers,6,2,21,inference_only,2,2,False,0.0,2,False,False
burgers,6,2,22,inference_only,2,2,False,0.0,2,False,False
burgers,6,2,23,inference_only,2,2,False,0.0,2,False,False
burgers,6,2,24,inference_only,2,2,False,0.0,2,False,False
burgers,6,2,25,inference_only,2,2,False,0.0,2,False,False
burgers,6,2,26,inference_only,2,2,False,0.0,2,False,False
burgers,6,2,27,inference_only,2,2,False,0.0,2,False,False
burgers,6,2,28,inference_only,2,2,False,0.0,2,False,False
burgers,6,2,29,inference_only,2,2,False,0.0,2,False,False
burgers,6,2,0,response_only,2,0,True,2.136985402547257,2,False,True
burgers,6,2,1,response_only,2,0,True,2.045615191239682,2,False,True
burgers,6,2,2,response_only,2,0,True,1.9487781299185196,2,False,True
burgers,6,2,3,response_only,2,0,True,2.066729199547628,2,False,True
burgers,6,2,4,response_only,2,0,True,2.2033226733511206,2,False,True
burgers,6,2,5,response_only,2,0,True,2.0604210112519263,2,False,True
burgers,6,2,6,response_only,2,0,True,2.119766907162232,2,False,True
burgers,6,2,7,response_only,2,0,True,1.9037493354013006,2,False,True
burgers,6,2,8,response_only,2,0,True,1.804946720650864,2,False,True
burgers,6,2,9,response_only,2,0,True,2.2144501378018995,2,False,True
burgers,6,2,10,response_only,2,0,True,2.0861600864569576,2,False,True
burgers,6,2,11,response_only,2,0,True,1.7895578336694604,2,False,True
burgers,6,2,12,response_only,2,0,True,1.5868403729883502,2,False,True
burgers,6,2,13,response_only,2,0,True,2.124426101266554,2,False,True
burgers,6,2,14,response_only,2,0,True,2.048917688554884,2,False,True
burgers,6,2,15,response_only,2,0,True,2.2279091215109426,2,False,True
burgers,6,2,16,response_only,2,0,True,2.0391898625972793,2,False,True
burgers,6,2,17,response_only,2,0,True,2.1716320406330056,2,False,True
burgers,6,2,18,response_only,2,0,True,2.1865928952207474,2,False,True
burgers,6,2,19,response_only,2,0,True,1.9419747471292852,2,False,True
burgers,6,2,20,response_only,2,0,True,2.0983797411094978,2,False,True
burgers,6,2,21,response_only,2,0,True,2.2080913353335085,2,False,True
burgers,6,2,22,response_only,2,0,True,2.094476704252972,2,False,True
burgers,6,2,23,response_only,2,0,True,2.1640912482877215,2,False,True
burgers,6,2,24,response_only,2,0,True,2.1613122088523427,2,False,True
burgers,6,2,25,response_only,2,0,True,2.2155917338914177,2,False,True
burgers,6,2,26,response_only,2,0,True,2.1871009740336453,2,False,True
burgers,6,2,27,response_only,2,0,True,2.070502272263137,2,False,True
burgers,6,2,28,response_only,2,0,True,2.1767468347354715,2,False,True
burgers,6,2,29,response_only,2,0,True,1.788165013758874,2,False,True
burgers,6,2,0,combined,2,0,True,2.136985402547257,2,False,True
burgers,6,2,1,combined,2,0,True,2.045615191239682,2,False,True
burgers,6,2,2,combined,2,0,True,1.9487781299185196,2,False,True
burgers,6,2,3,combined,2,0,True,2.066729199547628,2,False,True
burgers,6,2,4,combined,2,0,True,2.2033226733511206,2,False,True
burgers,6,2,5,combined,2,0,True,2.0604210112519263,2,False,True
burgers,6,2,6,combined,2,0,True,2.119766907162232,2,False,True
burgers,6,2,7,combined,2,0,True,1.9037493354013006,2,False,True
burgers,6,2,8,combined,2,0,True,1.804946720650864,2,False,True
burgers,6,2,9,combined,2,0,True,2.2144501378018995,2,False,True
burgers,6,2,10,combined,2,0,True,2.0861600864569576,2,False,True
burgers,6,2,11,combined,2,0,True,1.7895578336694604,2,False,True
burgers,6,2,12,combined,2,0,True,1.5868403729883502,2,False,True
burgers,6,2,13,combined,2,0,True,2.124426101266554,2,False,True
burgers,6,2,14,combined,2,0,True,2.048917688554884,2,False,True
burgers,6,2,15,combined,2,0,True,2.2279091215109426,2,False,True
burgers,6,2,16,combined,2,0,True,2.0391898625972793,2,False,True
burgers,6,2,17,combined,2,0,True,2.1716320406330056,2,False,True
burgers,6,2,18,combined,2,0,True,2.1865928952207474,2,False,True
burgers,6,2,19,combined,2,0,True,1.9419747471292852,2,False,True
burgers,6,2,20,combined,2,0,True,2.0983797411094978,2,False,True
burgers,6,2,21,combined,2,0,True,2.2080913353335085,2,False,True
burgers,6,2,22,combined,2,0,True,2.094476704252972,2,False,True
burgers,6,2,23,combined,2,0,True,2.1640912482877215,2,False,True
burgers,6,2,24,combined,2,0,True,2.1613122088523427,2,False,True
burgers,6,2,25,combined,2,0,True,2.2155917338914177,2,False,True
burgers,6,2,26,combined,2,0,True,2.1871009740336453,2,False,True
burgers,6,2,27,combined,2,0,True,2.070502272263137,2,False,True
burgers,6,2,28,combined,2,0,True,2.1767468347354715,2,False,True
burgers,6,2,29,combined,2,0,True,1.788165013758874,2,False,True
burgers,6,4,0,inference_only,2,2,False,0.0,2,False,False
burgers,6,4,1,inference_only,2,2,False,0.0,2,False,False
burgers,6,4,2,inference_only,2,2,False,0.0,2,False,False
burgers,6,4,3,inference_only,2,2,False,0.0,2,False,False
burgers,6,4,4,inference_only,2,2,False,0.0,2,False,False
burgers,6,4,5,inference_only,2,2,False,0.0,2,False,False
burgers,6,4,6,inference_only,2,2,False,0.0,2,False,False
burgers,6,4,7,inference_only,2,2,False,0.0,2,False,False
burgers,6,4,8,inference_only,2,2,False,0.0,2,False,False
burgers,6,4,9,inference_only,2,2,False,0.0,2,False,False
burgers,6,4,10,inference_only,2,2,False,0.0,2,False,False
burgers,6,4,11,inference_only,2,2,False,0.0,2,False,False
burgers,6,4,12,inference_only,2,2,False,0.0,2,False,False
burgers,6,4,13,inference_only,2,2,False,0.0,2,False,False
burgers,6,4,14,inference_only,2,2,False,0.0,2,False,False
burgers,6,4,15,inference_only,2,2,False,0.0,2,False,False
burgers,6,4,16,inference_only,2,2,False,0.0,2,False,False
burgers,6,4,17,inference_only,2,2,False,0.0,2,False,False
burgers,6,4,18,inference_only,2,2,False,0.0,2,False,False
burgers,6,4,19,inference_only,2,2,False,0.0,2,False,False
burgers,6,4,20,inference_only,2,2,False,0.0,2,False,False
burgers,6,4,21,inference_only,2,2,False,0.0,2,False,False
burgers,6,4,22,inference_only,2,2,False,0.0,2,False,False
burgers,6,4,23,inference_only,2,2,False,0.0,2,False,False
burgers,6,4,24,inference_only,2,2,False,0.0,2,False,False
burgers,6,4,25,inference_only,2,2,False,0.0,2,False,False
burgers,6,4,26,inference_only,2,2,False,0.0,2,False,False
burgers,6,4,27,inference_only,2,2,False,0.0,2,False,False
burgers,6,4,28,inference_only,2,2,False,0.0,2,False,False
burgers,6,4,29,inference_only,2,2,False,0.0,2,False,False
burgers,6,4,0,response_only,2,0,True,2.136985402547257,2,False,True
burgers,6,4,1,response_only,2,0,True,2.045615191239682,2,False,True
burgers,6,4,2,response_only,2,0,True,1.9487781299185196,2,False,True
burgers,6,4,3,response_only,2,0,True,2.066729199547628,2,False,True
burgers,6,4,4,response_only,2,0,True,2.2033226733511206,2,False,True
burgers,6,4,5,response_only,2,0,True,2.0604210112519263,2,False,True
burgers,6,4,6,response_only,2,0,True,2.119766907162232,2,False,True
burgers,6,4,7,response_only,2,0,True,1.9037493354013006,2,False,True
burgers,6,4,8,response_only,2,0,True,1.804946720650864,2,False,True
burgers,6,4,9,response_only,2,0,True,2.2144501378018995,2,False,True
burgers,6,4,10,response_only,2,0,True,2.0861600864569576,2,False,True
burgers,6,4,11,response_only,2,0,True,1.7895578336694604,2,False,True
burgers,6,4,12,response_only,2,0,True,1.5868403729883502,2,False,True
burgers,6,4,13,response_only,2,0,True,2.124426101266554,2,False,True
burgers,6,4,14,response_only,2,0,True,2.048917688554884,2,False,True
burgers,6,4,15,response_only,2,0,True,2.2279091215109426,2,False,True
burgers,6,4,16,response_only,2,0,True,2.0391898625972793,2,False,True
burgers,6,4,17,response_only,2,0,True,2.1716320406330056,2,False,True
burgers,6,4,18,response_only,2,0,True,2.1865928952207474,2,False,True
burgers,6,4,19,response_only,2,0,True,1.9419747471292852,2,False,True
burgers,6,4,20,response_only,2,0,True,2.0983797411094978,2,False,True
burgers,6,4,21,response_only,2,0,True,2.2080913353335085,2,False,True
burgers,6,4,22,response_only,2,0,True,2.094476704252972,2,False,True
burgers,6,4,23,response_only,2,0,True,2.1640912482877215,2,False,True
burgers,6,4,24,response_only,2,0,True,2.1613122088523427,2,False,True
burgers,6,4,25,response_only,2,0,True,2.2155917338914177,2,False,True
burgers,6,4,26,response_only,2,0,True,2.1871009740336453,2,False,True
burgers,6,4,27,response_only,2,0,True,2.070502272263137,2,False,True
burgers,6,4,28,response_only,2,0,True,2.1767468347354715,2,False,True
burgers,6,4,29,response_only,2,0,True,1.788165013758874,2,False,True
burgers,6,4,0,combined,2,0,True,2.136985402547257,2,False,True
burgers,6,4,1,combined,2,0,True,2.045615191239682,2,False,True
burgers,6,4,2,combined,2,0,True,1.9487781299185196,2,False,True
burgers,6,4,3,combined,2,0,True,2.066729199547628,2,False,True
burgers,6,4,4,combined,2,0,True,2.2033226733511206,2,False,True
burgers,6,4,5,combined,2,0,True,2.0604210112519263,2,False,True
burgers,6,4,6,combined,2,0,True,2.119766907162232,2,False,True
burgers,6,4,7,combined,2,0,True,1.9037493354013006,2,False,True
burgers,6,4,8,combined,2,0,True,1.804946720650864,2,False,True
burgers,6,4,9,combined,2,0,True,2.2144501378018995,2,False,True
burgers,6,4,10,combined,2,0,True,2.0861600864569576,2,False,True
burgers,6,4,11,combined,2,0,True,1.7895578336694604,2,False,True
burgers,6,4,12,combined,2,0,True,1.5868403729883502,2,False,True
burgers,6,4,13,combined,2,0,True,2.124426101266554,2,False,True
burgers,6,4,14,combined,2,0,True,2.048917688554884,2,False,True
burgers,6,4,15,combined,2,0,True,2.2279091215109426,2,False,True
burgers,6,4,16,combined,2,0,True,2.0391898625972793,2,False,True
burgers,6,4,17,combined,2,0,True,2.1716320406330056,2,False,True
burgers,6,4,18,combined,2,0,True,2.1865928952207474,2,False,True
burgers,6,4,19,combined,2,0,True,1.9419747471292852,2,False,True
burgers,6,4,20,combined,2,0,True,2.0983797411094978,2,False,True
burgers,6,4,21,combined,2,0,True,2.2080913353335085,2,False,True
burgers,6,4,22,combined,2,0,True,2.094476704252972,2,False,True
burgers,6,4,23,combined,2,0,True,2.1640912482877215,2,False,True
burgers,6,4,24,combined,2,0,True,2.1613122088523427,2,False,True
burgers,6,4,25,combined,2,0,True,2.2155917338914177,2,False,True
burgers,6,4,26,combined,2,0,True,2.1871009740336453,2,False,True
burgers,6,4,27,combined,2,0,True,2.070502272263137,2,False,True
burgers,6,4,28,combined,2,0,True,2.1767468347354715,2,False,True
burgers,6,4,29,combined,2,0,True,1.788165013758874,2,False,True
burgers,6,8,0,inference_only,2,2,False,0.0,2,False,False
burgers,6,8,1,inference_only,2,2,False,0.0,2,False,False
burgers,6,8,2,inference_only,2,2,False,0.0,2,False,False
burgers,6,8,3,inference_only,2,2,False,0.0,2,False,False
burgers,6,8,4,inference_only,2,2,False,0.0,2,False,False
burgers,6,8,5,inference_only,2,2,False,0.0,2,False,False
burgers,6,8,6,inference_only,2,2,False,0.0,2,False,False
burgers,6,8,7,inference_only,2,2,False,0.0,2,False,False
burgers,6,8,8,inference_only,2,2,False,0.0,2,False,False
burgers,6,8,9,inference_only,2,2,False,0.0,2,False,False
burgers,6,8,10,inference_only,2,2,False,0.0,2,False,False
burgers,6,8,11,inference_only,2,2,False,0.0,2,False,False
burgers,6,8,12,inference_only,2,2,False,0.0,2,False,False
burgers,6,8,13,inference_only,2,2,False,0.0,2,False,False
burgers,6,8,14,inference_only,2,2,False,0.0,2,False,False
burgers,6,8,15,inference_only,2,2,False,0.0,2,False,False
burgers,6,8,16,inference_only,2,2,False,0.0,2,False,False
burgers,6,8,17,inference_only,2,2,False,0.0,2,False,False
burgers,6,8,18,inference_only,2,2,False,0.0,2,False,False
burgers,6,8,19,inference_only,2,2,False,0.0,2,False,False
burgers,6,8,20,inference_only,2,2,False,0.0,2,False,False
burgers,6,8,21,inference_only,2,2,False,0.0,2,False,False
burgers,6,8,22,inference_only,2,2,False,0.0,2,False,False
burgers,6,8,23,inference_only,2,2,False,0.0,2,False,False
burgers,6,8,24,inference_only,2,2,False,0.0,2,False,False
burgers,6,8,25,inference_only,2,2,False,0.0,2,False,False
burgers,6,8,26,inference_only,2,2,False,0.0,2,False,False
burgers,6,8,27,inference_only,2,2,False,0.0,2,False,False
burgers,6,8,28,inference_only,2,2,False,0.0,2,False,False
burgers,6,8,29,inference_only,2,2,False,0.0,2,False,False
burgers,6,8,0,response_only,2,2,False,0.0,2,False,False
burgers,6,8,1,response_only,2,1,True,0.5962112837592393,2,False,True
burgers,6,8,2,response_only,2,1,True,0.5593014654062616,2,False,True
burgers,6,8,3,response_only,2,2,False,0.0,2,False,False
burgers,6,8,4,response_only,2,2,False,0.0,2,False,False
burgers,6,8,5,response_only,2,1,True,0.6018561726977201,2,False,True
burgers,6,8,6,response_only,2,2,False,0.0,2,False,False
burgers,6,8,7,response_only,2,1,True,0.5421453598248558,2,False,True
burgers,6,8,8,response_only,2,1,True,0.5045202609961983,2,False,True
burgers,6,8,9,response_only,2,2,False,0.0,2,False,False
burgers,6,8,10,response_only,2,2,False,0.0,2,False,False
burgers,6,8,11,response_only,2,1,True,0.4986634686420379,2,False,True
burgers,6,8,12,response_only,2,1,True,0.4215723951632569,2,False,True
burgers,6,8,13,response_only,2,2,False,0.0,2,False,False
burgers,6,8,14,response_only,2,1,True,0.597470234021952,2,False,True
burgers,6,8,15,response_only,2,2,False,0.0,2,False,False
burgers,6,8,16,response_only,2,1,True,0.5937613550874019,2,False,True
burgers,6,8,17,response_only,2,2,False,0.0,2,False,False
burgers,6,8,18,response_only,2,2,False,0.0,2,False,False
burgers,6,8,19,response_only,2,1,True,0.5567087370293209,2,False,True
burgers,6,8,20,response_only,2,2,False,0.0,2,False,False
burgers,6,8,21,response_only,2,2,False,0.0,2,False,False
burgers,6,8,22,response_only,2,2,False,0.0,2,False,False
burgers,6,8,23,response_only,2,2,False,0.0,2,False,False
burgers,6,8,24,response_only,2,2,False,0.0,2,False,False
burgers,6,8,25,response_only,2,2,False,0.0,2,False,False
burgers,6,8,26,response_only,2,2,False,0.0,2,False,False
burgers,6,8,27,response_only,2,2,False,0.0,2,False,False
burgers,6,8,28,response_only,2,2,False,0.0,2,False,False
burgers,6,8,29,response_only,2,1,True,0.498132412168689,2,False,True
burgers,6,8,0,combined,2,2,False,0.0,2,False,False
burgers,6,8,1,combined,2,1,True,0.5962112837592393,2,False,True
burgers,6,8,2,combined,2,1,True,0.5593014654062616,2,False,True
burgers,6,8,3,combined,2,1,True,0.6042613791923324,2,False,True
burgers,6,8,4,combined,2,2,False,0.0,2,False,False
burgers,6,8,5,combined,2,1,True,0.6018561726977201,2,False,True
burgers,6,8,6,combined,2,1,True,0.6244874297431611,2,False,True
burgers,6,8,7,combined,2,1,True,0.5421453598248558,2,False,True
burgers,6,8,8,combined,2,1,True,0.5045202609961983,2,False,True
burgers,6,8,9,combined,2,2,False,0.0,2,False,False
burgers,6,8,10,combined,2,1,True,0.6116708746046124,2,False,True
burgers,6,8,11,combined,2,1,True,0.4986634686420379,2,False,True
burgers,6,8,12,combined,2,1,True,0.4215723951632569,2,False,True
burgers,6,8,13,combined,2,2,False,0.0,2,False,False
burgers,6,8,14,combined,2,1,True,0.597470234021952,2,False,True
burgers,6,8,15,combined,2,2,False,0.0,2,False,False
burgers,6,8,16,combined,2,1,True,0.5937613550874019,2,False,True
burgers,6,8,17,combined,2,1,True,0.6442715685139071,2,False,True
burgers,6,8,18,combined,2,2,False,0.0,2,False,False
burgers,6,8,19,combined,2,1,True,0.5567087370293209,2,False,True
burgers,6,8,20,combined,2,2,False,0.0,2,False,False
burgers,6,8,21,combined,2,1,True,0.6581820136979344,2,False,True
burgers,6,8,22,combined,2,1,True,0.614842314543725,2,False,True
burgers,6,8,23,combined,2,1,True,0.6413947736737279,2,False,True
burgers,6,8,24,combined,2,1,True,0.6403346308694595,2,False,True
burgers,6,8,25,combined,2,1,True,0.6610439521515945,2,False,True
burgers,6,8,26,combined,2,2,False,0.0,2,False,False
burgers,6,8,27,combined,2,1,True,0.6057000721695176,2,False,True
burgers,6,8,28,combined,2,1,True,0.6462229026773065,2,False,True
burgers,6,8,29,combined,2,1,True,0.498132412168689,2,False,True
burgers,6,16,0,inference_only,2,2,False,0.0,2,False,False
burgers,6,16,1,inference_only,2,2,False,0.0,2,False,False
burgers,6,16,2,inference_only,2,2,False,0.0,2,False,False
burgers,6,16,3,inference_only,2,2,False,0.0,2,False,False
burgers,6,16,4,inference_only,2,2,False,0.0,2,False,False
burgers,6,16,5,inference_only,2,2,False,0.0,2,False,False
burgers,6,16,6,inference_only,2,2,False,0.0,2,False,False
burgers,6,16,7,inference_only,2,2,False,0.0,2,False,False
burgers,6,16,8,inference_only,2,2,False,0.0,2,False,False
burgers,6,16,9,inference_only,2,2,False,0.0,2,False,False
burgers,6,16,10,inference_only,2,2,False,0.0,2,False,False
burgers,6,16,11,inference_only,2,2,False,0.0,2,False,False
burgers,6,16,12,inference_only,2,2,False,0.0,2,False,False
burgers,6,16,13,inference_only,2,2,False,0.0,2,False,False
burgers,6,16,14,inference_only,2,2,False,0.0,2,False,False
burgers,6,16,15,inference_only,2,2,False,0.0,2,False,False
burgers,6,16,16,inference_only,2,2,False,0.0,2,False,False
burgers,6,16,17,inference_only,2,2,False,0.0,2,False,False
burgers,6,16,18,inference_only,2,2,False,0.0,2,False,False
burgers,6,16,19,inference_only,2,2,False,0.0,2,False,False
burgers,6,16,20,inference_only,2,2,False,0.0,2,False,False
burgers,6,16,21,inference_only,2,2,False,0.0,2,False,False
burgers,6,16,22,inference_only,2,2,False,0.0,2,False,False
burgers,6,16,23,inference_only,2,2,False,0.0,2,False,False
burgers,6,16,24,inference_only,2,2,False,0.0,2,False,False
burgers,6,16,25,inference_only,2,2,False,0.0,2,False,False
burgers,6,16,26,inference_only,2,2,False,0.0,2,False,False
burgers,6,16,27,inference_only,2,2,False,0.0,2,False,False
burgers,6,16,28,inference_only,2,2,False,0.0,2,False,False
burgers,6,16,29,inference_only,2,2,False,0.0,2,False,False
burgers,6,16,0,response_only,2,2,False,0.0,2,False,False
burgers,6,16,1,response_only,2,2,False,0.0,2,False,False
burgers,6,16,2,response_only,2,2,False,0.0,2,False,False
burgers,6,16,3,response_only,2,2,False,0.0,2,False,False
burgers,6,16,4,response_only,2,2,False,0.0,2,False,False
burgers,6,16,5,response_only,2,2,False,0.0,2,False,False
burgers,6,16,6,response_only,2,2,False,0.0,2,False,False
burgers,6,16,7,response_only,2,2,False,0.0,2,False,False
burgers,6,16,8,response_only,2,2,False,0.0,2,False,False
burgers,6,16,9,response_only,2,2,False,0.0,2,False,False
burgers,6,16,10,response_only,2,2,False,0.0,2,False,False
burgers,6,16,11,response_only,2,2,False,0.0,2,False,False
burgers,6,16,12,response_only,2,2,False,0.0,2,False,False
burgers,6,16,13,response_only,2,2,False,0.0,2,False,False
burgers,6,16,14,response_only,2,2,False,0.0,2,False,False
burgers,6,16,15,response_only,2,2,False,0.0,2,False,False
burgers,6,16,16,response_only,2,2,False,0.0,2,False,False
burgers,6,16,17,response_only,2,2,False,0.0,2,False,False
burgers,6,16,18,response_only,2,2,False,0.0,2,False,False
burgers,6,16,19,response_only,2,2,False,0.0,2,False,False
burgers,6,16,20,response_only,2,2,False,0.0,2,False,False
burgers,6,16,21,response_only,2,2,False,0.0,2,False,False
burgers,6,16,22,response_only,2,2,False,0.0,2,False,False
burgers,6,16,23,response_only,2,2,False,0.0,2,False,False
burgers,6,16,24,response_only,2,2,False,0.0,2,False,False
burgers,6,16,25,response_only,2,2,False,0.0,2,False,False
burgers,6,16,26,response_only,2,2,False,0.0,2,False,False
burgers,6,16,27,response_only,2,2,False,0.0,2,False,False
burgers,6,16,28,response_only,2,2,False,0.0,2,False,False
burgers,6,16,29,response_only,2,2,False,0.0,2,False,False
burgers,6,16,0,combined,2,2,False,0.0,2,False,False
burgers,6,16,1,combined,2,2,False,0.0,2,False,False
burgers,6,16,2,combined,2,2,False,0.0,2,False,False
burgers,6,16,3,combined,2,2,False,0.0,2,False,False
burgers,6,16,4,combined,2,2,False,0.0,2,False,False
burgers,6,16,5,combined,2,2,False,0.0,2,False,False
burgers,6,16,6,combined,2,2,False,0.0,2,False,False
burgers,6,16,7,combined,2,2,False,0.0,2,False,False
burgers,6,16,8,combined,2,2,False,0.0,2,False,False
burgers,6,16,9,combined,2,2,False,0.0,2,False,False
burgers,6,16,10,combined,2,2,False,0.0,2,False,False
burgers,6,16,11,combined,2,2,False,0.0,2,False,False
burgers,6,16,12,combined,2,2,False,0.0,2,False,False
burgers,6,16,13,combined,2,2,False,0.0,2,False,False
burgers,6,16,14,combined,2,2,False,0.0,2,False,False
burgers,6,16,15,combined,2,2,False,0.0,2,False,False
burgers,6,16,16,combined,2,2,False,0.0,2,False,False
burgers,6,16,17,combined,2,2,False,0.0,2,False,False
burgers,6,16,18,combined,2,2,False,0.0,2,False,False
burgers,6,16,19,combined,2,2,False,0.0,2,False,False
burgers,6,16,20,combined,2,2,False,0.0,2,False,False
burgers,6,16,21,combined,2,2,False,0.0,2,False,False
burgers,6,16,22,combined,2,2,False,0.0,2,False,False
burgers,6,16,23,combined,2,2,False,0.0,2,False,False
burgers,6,16,24,combined,2,2,False,0.0,2,False,False
burgers,6,16,25,combined,2,2,False,0.0,2,False,False
burgers,6,16,26,combined,2,2,False,0.0,2,False,False
burgers,6,16,27,combined,2,2,False,0.0,2,False,False
burgers,6,16,28,combined,2,2,False,0.0,2,False,False
burgers,6,16,29,combined,2,2,False,0.0,2,False,False
burgers,6,32,0,inference_only,2,2,False,0.0,2,False,False
burgers,6,32,1,inference_only,2,2,False,0.0,2,False,False
burgers,6,32,2,inference_only,2,2,False,0.0,2,False,False
burgers,6,32,3,inference_only,2,2,False,0.0,2,False,False
burgers,6,32,4,inference_only,2,2,False,0.0,2,False,False
burgers,6,32,5,inference_only,2,2,False,0.0,2,False,False
burgers,6,32,6,inference_only,2,2,False,0.0,2,False,False
burgers,6,32,7,inference_only,2,2,False,0.0,2,False,False
burgers,6,32,8,inference_only,2,2,False,0.0,2,False,False
burgers,6,32,9,inference_only,2,2,False,0.0,2,False,False
burgers,6,32,10,inference_only,2,2,False,0.0,2,False,False
burgers,6,32,11,inference_only,2,2,False,0.0,2,False,False
burgers,6,32,12,inference_only,2,2,False,0.0,2,False,False
burgers,6,32,13,inference_only,2,2,False,0.0,2,False,False
burgers,6,32,14,inference_only,2,2,False,0.0,2,False,False
burgers,6,32,15,inference_only,2,2,False,0.0,2,False,False
burgers,6,32,16,inference_only,2,2,False,0.0,2,False,False
burgers,6,32,17,inference_only,2,2,False,0.0,2,False,False
burgers,6,32,18,inference_only,2,2,False,0.0,2,False,False
burgers,6,32,19,inference_only,2,2,False,0.0,2,False,False
burgers,6,32,20,inference_only,2,2,False,0.0,2,False,False
burgers,6,32,21,inference_only,2,2,False,0.0,2,False,False
burgers,6,32,22,inference_only,2,2,False,0.0,2,False,False
burgers,6,32,23,inference_only,2,2,False,0.0,2,False,False
burgers,6,32,24,inference_only,2,2,False,0.0,2,False,False
burgers,6,32,25,inference_only,2,2,False,0.0,2,False,False
burgers,6,32,26,inference_only,2,2,False,0.0,2,False,False
burgers,6,32,27,inference_only,2,2,False,0.0,2,False,False
burgers,6,32,28,inference_only,2,2,False,0.0,2,False,False
burgers,6,32,29,inference_only,2,2,False,0.0,2,False,False
burgers,6,32,0,response_only,2,2,False,0.0,2,False,False
burgers,6,32,1,response_only,2,2,False,0.0,2,False,False
burgers,6,32,2,response_only,2,2,False,0.0,2,False,False
burgers,6,32,3,response_only,2,2,False,0.0,2,False,False
burgers,6,32,4,response_only,2,2,False,0.0,2,False,False
burgers,6,32,5,response_only,2,2,False,0.0,2,False,False
burgers,6,32,6,response_only,2,2,False,0.0,2,False,False
burgers,6,32,7,response_only,2,2,False,0.0,2,False,False
burgers,6,32,8,response_only,2,2,False,0.0,2,False,False
burgers,6,32,9,response_only,2,2,False,0.0,2,False,False
burgers,6,32,10,response_only,2,2,False,0.0,2,False,False
burgers,6,32,11,response_only,2,2,False,0.0,2,False,False
burgers,6,32,12,response_only,2,2,False,0.0,2,False,False
burgers,6,32,13,response_only,2,2,False,0.0,2,False,False
burgers,6,32,14,response_only,2,2,False,0.0,2,False,False
burgers,6,32,15,response_only,2,2,False,0.0,2,False,False
burgers,6,32,16,response_only,2,2,False,0.0,2,False,False
burgers,6,32,17,response_only,2,2,False,0.0,2,False,False
burgers,6,32,18,response_only,2,2,False,0.0,2,False,False
burgers,6,32,19,response_only,2,2,False,0.0,2,False,False
burgers,6,32,20,response_only,2,2,False,0.0,2,False,False
burgers,6,32,21,response_only,2,2,False,0.0,2,False,False
burgers,6,32,22,response_only,2,2,False,0.0,2,False,False
burgers,6,32,23,response_only,2,2,False,0.0,2,False,False
burgers,6,32,24,response_only,2,2,False,0.0,2,False,False
burgers,6,32,25,response_only,2,2,False,0.0,2,False,False
burgers,6,32,26,response_only,2,2,False,0.0,2,False,False
burgers,6,32,27,response_only,2,2,False,0.0,2,False,False
burgers,6,32,28,response_only,2,2,False,0.0,2,False,False
burgers,6,32,29,response_only,2,2,False,0.0,2,False,False
burgers,6,32,0,combined,2,2,False,0.0,2,False,False
burgers,6,32,1,combined,2,2,False,0.0,2,False,False
burgers,6,32,2,combined,2,2,False,0.0,2,False,False
burgers,6,32,3,combined,2,2,False,0.0,2,False,False
burgers,6,32,4,combined,2,2,False,0.0,2,False,False
burgers,6,32,5,combined,2,2,False,0.0,2,False,False
burgers,6,32,6,combined,2,2,False,0.0,2,False,False
burgers,6,32,7,combined,2,2,False,0.0,2,False,False
burgers,6,32,8,combined,2,2,False,0.0,2,False,False
burgers,6,32,9,combined,2,2,False,0.0,2,False,False
burgers,6,32,10,combined,2,2,False,0.0,2,False,False
burgers,6,32,11,combined,2,2,False,0.0,2,False,False
burgers,6,32,12,combined,2,2,False,0.0,2,False,False
burgers,6,32,13,combined,2,2,False,0.0,2,False,False
burgers,6,32,14,combined,2,2,False,0.0,2,False,False
burgers,6,32,15,combined,2,2,False,0.0,2,False,False
burgers,6,32,16,combined,2,2,False,0.0,2,False,False
burgers,6,32,17,combined,2,2,False,0.0,2,False,False
burgers,6,32,18,combined,2,2,False,0.0,2,False,False
burgers,6,32,19,combined,2,2,False,0.0,2,False,False
burgers,6,32,20,combined,2,2,False,0.0,2,False,False
burgers,6,32,21,combined,2,2,False,0.0,2,False,False
burgers,6,32,22,combined,2,2,False,0.0,2,False,False
burgers,6,32,23,combined,2,2,False,0.0,2,False,False
burgers,6,32,24,combined,2,2,False,0.0,2,False,False
burgers,6,32,25,combined,2,2,False,0.0,2,False,False
burgers,6,32,26,combined,2,2,False,0.0,2,False,False
burgers,6,32,27,combined,2,2,False,0.0,2,False,False
burgers,6,32,28,combined,2,2,False,0.0,2,False,False
burgers,6,32,29,combined,2,2,False,0.0,2,False,False
burgers,6,64,0,inference_only,2,2,False,0.0,2,False,False
burgers,6,64,1,inference_only,2,2,False,0.0,2,False,False
burgers,6,64,2,inference_only,2,2,False,0.0,2,False,False
burgers,6,64,3,inference_only,2,2,False,0.0,2,False,False
burgers,6,64,4,inference_only,2,2,False,0.0,2,False,False
burgers,6,64,5,inference_only,2,2,False,0.0,2,False,False
burgers,6,64,6,inference_only,2,2,False,0.0,2,False,False
burgers,6,64,7,inference_only,2,2,False,0.0,2,False,False
burgers,6,64,8,inference_only,2,2,False,0.0,2,False,False
burgers,6,64,9,inference_only,2,2,False,0.0,2,False,False
burgers,6,64,10,inference_only,2,2,False,0.0,2,False,False
burgers,6,64,11,inference_only,2,2,False,0.0,2,False,False
burgers,6,64,12,inference_only,2,2,False,0.0,2,False,False
burgers,6,64,13,inference_only,2,2,False,0.0,2,False,False
burgers,6,64,14,inference_only,2,2,False,0.0,2,False,False
burgers,6,64,15,inference_only,2,2,False,0.0,2,False,False
burgers,6,64,16,inference_only,2,2,False,0.0,2,False,False
burgers,6,64,17,inference_only,2,2,False,0.0,2,False,False
burgers,6,64,18,inference_only,2,2,False,0.0,2,False,False
burgers,6,64,19,inference_only,2,2,False,0.0,2,False,False
burgers,6,64,20,inference_only,2,2,False,0.0,2,False,False
burgers,6,64,21,inference_only,2,2,False,0.0,2,False,False
burgers,6,64,22,inference_only,2,2,False,0.0,2,False,False
burgers,6,64,23,inference_only,2,2,False,0.0,2,False,False
burgers,6,64,24,inference_only,2,2,False,0.0,2,False,False
burgers,6,64,25,inference_only,2,2,False,0.0,2,False,False
burgers,6,64,26,inference_only,2,2,False,0.0,2,False,False
burgers,6,64,27,inference_only,2,2,False,0.0,2,False,False
burgers,6,64,28,inference_only,2,2,False,0.0,2,False,False
burgers,6,64,29,inference_only,2,2,False,0.0,2,False,False
burgers,6,64,0,response_only,2,2,False,0.0,2,False,False
burgers,6,64,1,response_only,2,2,False,0.0,2,False,False
burgers,6,64,2,response_only,2,2,False,0.0,2,False,False
burgers,6,64,3,response_only,2,2,False,0.0,2,False,False
burgers,6,64,4,response_only,2,2,False,0.0,2,False,False
burgers,6,64,5,response_only,2,2,False,0.0,2,False,False
burgers,6,64,6,response_only,2,2,False,0.0,2,False,False
burgers,6,64,7,response_only,2,2,False,0.0,2,False,False
burgers,6,64,8,response_only,2,2,False,0.0,2,False,False
burgers,6,64,9,response_only,2,2,False,0.0,2,False,False
burgers,6,64,10,response_only,2,2,False,0.0,2,False,False
burgers,6,64,11,response_only,2,2,False,0.0,2,False,False
burgers,6,64,12,response_only,2,2,False,0.0,2,False,False
burgers,6,64,13,response_only,2,2,False,0.0,2,False,False
burgers,6,64,14,response_only,2,2,False,0.0,2,False,False
burgers,6,64,15,response_only,2,2,False,0.0,2,False,False
burgers,6,64,16,response_only,2,2,False,0.0,2,False,False
burgers,6,64,17,response_only,2,2,False,0.0,2,False,False
burgers,6,64,18,response_only,2,2,False,0.0,2,False,False
burgers,6,64,19,response_only,2,2,False,0.0,2,False,False
burgers,6,64,20,response_only,2,2,False,0.0,2,False,False
burgers,6,64,21,response_only,2,2,False,0.0,2,False,False
burgers,6,64,22,response_only,2,2,False,0.0,2,False,False
burgers,6,64,23,response_only,2,2,False,0.0,2,False,False
burgers,6,64,24,response_only,2,2,False,0.0,2,False,False
burgers,6,64,25,response_only,2,2,False,0.0,2,False,False
burgers,6,64,26,response_only,2,2,False,0.0,2,False,False
burgers,6,64,27,response_only,2,2,False,0.0,2,False,False
burgers,6,64,28,response_only,2,2,False,0.0,2,False,False
burgers,6,64,29,response_only,2,2,False,0.0,2,False,False
burgers,6,64,0,combined,2,2,False,0.0,2,False,False
burgers,6,64,1,combined,2,2,False,0.0,2,False,False
burgers,6,64,2,combined,2,2,False,0.0,2,False,False
burgers,6,64,3,combined,2,2,False,0.0,2,False,False
burgers,6,64,4,combined,2,2,False,0.0,2,False,False
burgers,6,64,5,combined,2,2,False,0.0,2,False,False
burgers,6,64,6,combined,2,2,False,0.0,2,False,False
burgers,6,64,7,combined,2,2,False,0.0,2,False,False
burgers,6,64,8,combined,2,2,False,0.0,2,False,False
burgers,6,64,9,combined,2,2,False,0.0,2,False,False
burgers,6,64,10,combined,2,2,False,0.0,2,False,False
burgers,6,64,11,combined,2,2,False,0.0,2,False,False
burgers,6,64,12,combined,2,2,False,0.0,2,False,False
burgers,6,64,13,combined,2,2,False,0.0,2,False,False
burgers,6,64,14,combined,2,2,False,0.0,2,False,False
burgers,6,64,15,combined,2,2,False,0.0,2,False,False
burgers,6,64,16,combined,2,2,False,0.0,2,False,False
burgers,6,64,17,combined,2,2,False,0.0,2,False,False
burgers,6,64,18,combined,2,2,False,0.0,2,False,False
burgers,6,64,19,combined,2,2,False,0.0,2,False,False
burgers,6,64,20,combined,2,2,False,0.0,2,False,False
burgers,6,64,21,combined,2,2,False,0.0,2,False,False
burgers,6,64,22,combined,2,2,False,0.0,2,False,False
burgers,6,64,23,combined,2,2,False,0.0,2,False,False
burgers,6,64,24,combined,2,2,False,0.0,2,False,False
burgers,6,64,25,combined,2,2,False,0.0,2,False,False
burgers,6,64,26,combined,2,2,False,0.0,2,False,False
burgers,6,64,27,combined,2,2,False,0.0,2,False,False
burgers,6,64,28,combined,2,2,False,0.0,2,False,False
burgers,6,64,29,combined,2,2,False,0.0,2,False,False
burgers,7,2,0,inference_only,2,2,False,0.0,2,False,False
burgers,7,2,1,inference_only,2,2,False,0.0,2,False,False
burgers,7,2,2,inference_only,2,2,False,0.0,2,False,False
burgers,7,2,3,inference_only,2,2,False,0.0,2,False,False
burgers,7,2,4,inference_only,2,2,False,0.0,2,False,False
burgers,7,2,5,inference_only,2,2,False,0.0,2,False,False
burgers,7,2,6,inference_only,2,2,False,0.0,2,False,False
burgers,7,2,7,inference_only,2,2,False,0.0,2,False,False
burgers,7,2,8,inference_only,2,2,False,0.0,2,False,False
burgers,7,2,9,inference_only,2,2,False,0.0,2,False,False
burgers,7,2,10,inference_only,2,2,False,0.0,2,False,False
burgers,7,2,11,inference_only,2,2,False,0.0,2,False,False
burgers,7,2,12,inference_only,2,2,False,0.0,2,False,False
burgers,7,2,13,inference_only,2,2,False,0.0,2,False,False
burgers,7,2,14,inference_only,2,2,False,0.0,2,False,False
burgers,7,2,15,inference_only,2,2,False,0.0,2,False,False
burgers,7,2,16,inference_only,2,2,False,0.0,2,False,False
burgers,7,2,17,inference_only,2,2,False,0.0,2,False,False
burgers,7,2,18,inference_only,2,2,False,0.0,2,False,False
burgers,7,2,19,inference_only,2,2,False,0.0,2,False,False
burgers,7,2,20,inference_only,2,2,False,0.0,2,False,False
burgers,7,2,21,inference_only,2,2,False,0.0,2,False,False
burgers,7,2,22,inference_only,2,2,False,0.0,2,False,False
burgers,7,2,23,inference_only,2,2,False,0.0,2,False,False
burgers,7,2,24,inference_only,2,2,False,0.0,2,False,False
burgers,7,2,25,inference_only,2,2,False,0.0,2,False,False
burgers,7,2,26,inference_only,2,2,False,0.0,2,False,False
burgers,7,2,27,inference_only,2,2,False,0.0,2,False,False
burgers,7,2,28,inference_only,2,2,False,0.0,2,False,False
burgers,7,2,29,inference_only,2,2,False,0.0,2,False,False
burgers,7,2,0,response_only,2,1,True,0.5702220379077976,2,False,True
burgers,7,2,1,response_only,2,1,True,0.44937866002584104,2,False,True
burgers,7,2,2,response_only,2,1,True,0.6693565963865565,2,False,True
burgers,7,2,3,response_only,2,1,True,0.5240540115381658,2,False,True
burgers,7,2,4,response_only,2,1,True,0.4835233618372174,2,False,True
burgers,7,2,5,response_only,2,1,True,0.6548286417735725,2,False,True
burgers,7,2,6,response_only,2,1,True,0.5258298948497528,2,False,True
burgers,7,2,7,response_only,2,1,True,0.5368638713506872,2,False,True
burgers,7,2,8,response_only,2,1,True,0.6012421526404709,2,False,True
burgers,7,2,9,response_only,2,1,True,0.49783864536876365,2,False,True
burgers,7,2,10,response_only,2,1,True,0.44191243706353117,2,False,True
burgers,7,2,11,response_only,2,1,True,0.5602970611293103,2,False,True
burgers,7,2,12,response_only,2,1,True,0.5377730705831083,2,False,True
burgers,7,2,13,response_only,2,1,True,0.47710342215535567,2,False,True
burgers,7,2,14,response_only,2,1,True,0.5798147347292493,2,False,True
burgers,7,2,15,response_only,2,1,True,0.5047291222091688,2,False,True
burgers,7,2,16,response_only,2,1,True,0.5526837384409095,2,False,True
burgers,7,2,17,response_only,2,1,True,0.6226033354364804,2,False,True
burgers,7,2,18,response_only,2,1,True,0.630146687037979,2,False,True
burgers,7,2,19,response_only,2,1,True,0.6108152734342134,2,False,True
burgers,7,2,20,response_only,2,1,True,0.5906022357703831,2,False,True
burgers,7,2,21,response_only,2,1,True,0.5223254071908536,2,False,True
burgers,7,2,22,response_only,2,1,True,0.43036077392016076,2,False,True
burgers,7,2,23,response_only,2,1,True,0.4947123990098496,2,False,True
burgers,7,2,24,response_only,2,1,True,0.6395401946121209,2,False,True
burgers,7,2,25,response_only,2,1,True,0.4134701852069577,2,False,True
burgers,7,2,26,response_only,2,1,True,0.6290583153598113,2,False,True
burgers,7,2,27,response_only,2,1,True,0.5947877102680974,2,False,True
burgers,7,2,28,response_only,2,1,True,0.6351906553958364,2,False,True
burgers,7,2,29,response_only,2,1,True,0.49755652552660135,2,False,True
burgers,7,2,0,combined,2,1,True,0.5702220379077976,2,False,True
burgers,7,2,1,combined,2,1,True,0.44937866002584104,2,False,True
burgers,7,2,2,combined,2,1,True,0.6693565963865565,2,False,True
burgers,7,2,3,combined,2,1,True,0.5240540115381658,2,False,True
burgers,7,2,4,combined,2,1,True,0.4835233618372174,2,False,True
burgers,7,2,5,combined,2,1,True,0.6548286417735725,2,False,True
burgers,7,2,6,combined,2,1,True,0.5258298948497528,2,False,True
burgers,7,2,7,combined,2,1,True,0.5368638713506872,2,False,True
burgers,7,2,8,combined,2,1,True,0.6012421526404709,2,False,True
burgers,7,2,9,combined,2,1,True,0.49783864536876365,2,False,True
burgers,7,2,10,combined,2,1,True,0.44191243706353117,2,False,True
burgers,7,2,11,combined,2,1,True,0.5602970611293103,2,False,True
burgers,7,2,12,combined,2,1,True,0.5377730705831083,2,False,True
burgers,7,2,13,combined,2,1,True,0.47710342215535567,2,False,True
burgers,7,2,14,combined,2,1,True,0.5798147347292493,2,False,True
burgers,7,2,15,combined,2,1,True,0.5047291222091688,2,False,True
burgers,7,2,16,combined,2,1,True,0.5526837384409095,2,False,True
burgers,7,2,17,combined,2,1,True,0.6226033354364804,2,False,True
burgers,7,2,18,combined,2,1,True,0.630146687037979,2,False,True
burgers,7,2,19,combined,2,1,True,0.6108152734342134,2,False,True
burgers,7,2,20,combined,2,1,True,0.5906022357703831,2,False,True
burgers,7,2,21,combined,2,1,True,0.5223254071908536,2,False,True
burgers,7,2,22,combined,2,1,True,0.43036077392016076,2,False,True
burgers,7,2,23,combined,2,1,True,0.4947123990098496,2,False,True
burgers,7,2,24,combined,2,1,True,0.6395401946121209,2,False,True
burgers,7,2,25,combined,2,1,True,0.4134701852069577,2,False,True
burgers,7,2,26,combined,2,1,True,0.6290583153598113,2,False,True
burgers,7,2,27,combined,2,1,True,0.5947877102680974,2,False,True
burgers,7,2,28,combined,2,1,True,0.6351906553958364,2,False,True
burgers,7,2,29,combined,2,1,True,0.49755652552660135,2,False,True
burgers,7,4,0,inference_only,2,2,False,0.0,2,False,False
burgers,7,4,1,inference_only,2,2,False,0.0,2,False,False
burgers,7,4,2,inference_only,2,2,False,0.0,2,False,False
burgers,7,4,3,inference_only,2,2,False,0.0,2,False,False
burgers,7,4,4,inference_only,2,2,False,0.0,2,False,False
burgers,7,4,5,inference_only,2,2,False,0.0,2,False,False
burgers,7,4,6,inference_only,2,2,False,0.0,2,False,False
burgers,7,4,7,inference_only,2,2,False,0.0,2,False,False
burgers,7,4,8,inference_only,2,2,False,0.0,2,False,False
burgers,7,4,9,inference_only,2,2,False,0.0,2,False,False
burgers,7,4,10,inference_only,2,2,False,0.0,2,False,False
burgers,7,4,11,inference_only,2,2,False,0.0,2,False,False
burgers,7,4,12,inference_only,2,2,False,0.0,2,False,False
burgers,7,4,13,inference_only,2,2,False,0.0,2,False,False
burgers,7,4,14,inference_only,2,2,False,0.0,2,False,False
burgers,7,4,15,inference_only,2,2,False,0.0,2,False,False
burgers,7,4,16,inference_only,2,2,False,0.0,2,False,False
burgers,7,4,17,inference_only,2,2,False,0.0,2,False,False
burgers,7,4,18,inference_only,2,2,False,0.0,2,False,False
burgers,7,4,19,inference_only,2,2,False,0.0,2,False,False
burgers,7,4,20,inference_only,2,2,False,0.0,2,False,False
burgers,7,4,21,inference_only,2,2,False,0.0,2,False,False
burgers,7,4,22,inference_only,2,2,False,0.0,2,False,False
burgers,7,4,23,inference_only,2,2,False,0.0,2,False,False
burgers,7,4,24,inference_only,2,2,False,0.0,2,False,False
burgers,7,4,25,inference_only,2,2,False,0.0,2,False,False
burgers,7,4,26,inference_only,2,2,False,0.0,2,False,False
burgers,7,4,27,inference_only,2,2,False,0.0,2,False,False
burgers,7,4,28,inference_only,2,2,False,0.0,2,False,False
burgers,7,4,29,inference_only,2,2,False,0.0,2,False,False
burgers,7,4,0,response_only,2,1,True,0.5702220379077976,2,False,True
burgers,7,4,1,response_only,2,1,True,0.44937866002584104,2,False,True
burgers,7,4,2,response_only,2,1,True,0.6693565963865565,2,False,True
burgers,7,4,3,response_only,2,1,True,0.5240540115381658,2,False,True
burgers,7,4,4,response_only,2,1,True,0.4835233618372174,2,False,True
burgers,7,4,5,response_only,2,1,True,0.6548286417735725,2,False,True
burgers,7,4,6,response_only,2,1,True,0.5258298948497528,2,False,True
burgers,7,4,7,response_only,2,1,True,0.5368638713506872,2,False,True
burgers,7,4,8,response_only,2,1,True,0.6012421526404709,2,False,True
burgers,7,4,9,response_only,2,1,True,0.49783864536876365,2,False,True
burgers,7,4,10,response_only,2,1,True,0.44191243706353117,2,False,True
burgers,7,4,11,response_only,2,1,True,0.5602970611293103,2,False,True
burgers,7,4,12,response_only,2,1,True,0.5377730705831083,2,False,True
burgers,7,4,13,response_only,2,1,True,0.47710342215535567,2,False,True
burgers,7,4,14,response_only,2,1,True,0.5798147347292493,2,False,True
burgers,7,4,15,response_only,2,1,True,0.5047291222091688,2,False,True
burgers,7,4,16,response_only,2,1,True,0.5526837384409095,2,False,True
burgers,7,4,17,response_only,2,1,True,0.6226033354364804,2,False,True
burgers,7,4,18,response_only,2,1,True,0.630146687037979,2,False,True
burgers,7,4,19,response_only,2,1,True,0.6108152734342134,2,False,True
burgers,7,4,20,response_only,2,1,True,0.5906022357703831,2,False,True
burgers,7,4,21,response_only,2,1,True,0.5223254071908536,2,False,True
burgers,7,4,22,response_only,2,1,True,0.43036077392016076,2,False,True
burgers,7,4,23,response_only,2,1,True,0.4947123990098496,2,False,True
burgers,7,4,24,response_only,2,1,True,0.6395401946121209,2,False,True
burgers,7,4,25,response_only,2,1,True,0.4134701852069577,2,False,True
burgers,7,4,26,response_only,2,1,True,0.6290583153598113,2,False,True
burgers,7,4,27,response_only,2,1,True,0.5947877102680974,2,False,True
burgers,7,4,28,response_only,2,1,True,0.6351906553958364,2,False,True
burgers,7,4,29,response_only,2,1,True,0.49755652552660135,2,False,True
burgers,7,4,0,combined,2,1,True,0.5702220379077976,2,False,True
burgers,7,4,1,combined,2,1,True,0.44937866002584104,2,False,True
burgers,7,4,2,combined,2,1,True,0.6693565963865565,2,False,True
burgers,7,4,3,combined,2,1,True,0.5240540115381658,2,False,True
burgers,7,4,4,combined,2,1,True,0.4835233618372174,2,False,True
burgers,7,4,5,combined,2,1,True,0.6548286417735725,2,False,True
burgers,7,4,6,combined,2,1,True,0.5258298948497528,2,False,True
burgers,7,4,7,combined,2,1,True,0.5368638713506872,2,False,True
burgers,7,4,8,combined,2,1,True,0.6012421526404709,2,False,True
burgers,7,4,9,combined,2,1,True,0.49783864536876365,2,False,True
burgers,7,4,10,combined,2,1,True,0.44191243706353117,2,False,True
burgers,7,4,11,combined,2,1,True,0.5602970611293103,2,False,True
burgers,7,4,12,combined,2,1,True,0.5377730705831083,2,False,True
burgers,7,4,13,combined,2,1,True,0.47710342215535567,2,False,True
burgers,7,4,14,combined,2,1,True,0.5798147347292493,2,False,True
burgers,7,4,15,combined,2,1,True,0.5047291222091688,2,False,True
burgers,7,4,16,combined,2,1,True,0.5526837384409095,2,False,True
burgers,7,4,17,combined,2,1,True,0.6226033354364804,2,False,True
burgers,7,4,18,combined,2,1,True,0.630146687037979,2,False,True
burgers,7,4,19,combined,2,1,True,0.6108152734342134,2,False,True
burgers,7,4,20,combined,2,1,True,0.5906022357703831,2,False,True
burgers,7,4,21,combined,2,1,True,0.5223254071908536,2,False,True
burgers,7,4,22,combined,2,1,True,0.43036077392016076,2,False,True
burgers,7,4,23,combined,2,1,True,0.4947123990098496,2,False,True
burgers,7,4,24,combined,2,1,True,0.6395401946121209,2,False,True
burgers,7,4,25,combined,2,1,True,0.4134701852069577,2,False,True
burgers,7,4,26,combined,2,1,True,0.6290583153598113,2,False,True
burgers,7,4,27,combined,2,1,True,0.5947877102680974,2,False,True
burgers,7,4,28,combined,2,1,True,0.6351906553958364,2,False,True
burgers,7,4,29,combined,2,1,True,0.49755652552660135,2,False,True
burgers,7,8,0,inference_only,2,2,False,0.0,2,False,False
burgers,7,8,1,inference_only,2,2,False,0.0,2,False,False
burgers,7,8,2,inference_only,2,2,False,0.0,2,False,False
burgers,7,8,3,inference_only,2,2,False,0.0,2,False,False
burgers,7,8,4,inference_only,2,2,False,0.0,2,False,False
burgers,7,8,5,inference_only,2,2,False,0.0,2,False,False
burgers,7,8,6,inference_only,2,2,False,0.0,2,False,False
burgers,7,8,7,inference_only,2,2,False,0.0,2,False,False
burgers,7,8,8,inference_only,2,2,False,0.0,2,False,False
burgers,7,8,9,inference_only,2,2,False,0.0,2,False,False
burgers,7,8,10,inference_only,2,2,False,0.0,2,False,False
burgers,7,8,11,inference_only,2,2,False,0.0,2,False,False
burgers,7,8,12,inference_only,2,2,False,0.0,2,False,False
burgers,7,8,13,inference_only,2,2,False,0.0,2,False,False
burgers,7,8,14,inference_only,2,2,False,0.0,2,False,False
burgers,7,8,15,inference_only,2,2,False,0.0,2,False,False
burgers,7,8,16,inference_only,2,2,False,0.0,2,False,False
burgers,7,8,17,inference_only,2,2,False,0.0,2,False,False
burgers,7,8,18,inference_only,2,2,False,0.0,2,False,False
burgers,7,8,19,inference_only,2,2,False,0.0,2,False,False
burgers,7,8,20,inference_only,2,2,False,0.0,2,False,False
burgers,7,8,21,inference_only,2,2,False,0.0,2,False,False
burgers,7,8,22,inference_only,2,2,False,0.0,2,False,False
burgers,7,8,23,inference_only,2,2,False,0.0,2,False,False
burgers,7,8,24,inference_only,2,2,False,0.0,2,False,False
burgers,7,8,25,inference_only,2,2,False,0.0,2,False,False
burgers,7,8,26,inference_only,2,2,False,0.0,2,False,False
burgers,7,8,27,inference_only,2,2,False,0.0,2,False,False
burgers,7,8,28,inference_only,2,2,False,0.0,2,False,False
burgers,7,8,29,inference_only,2,2,False,0.0,2,False,False
burgers,7,8,0,response_only,2,2,False,0.0,2,False,False
burgers,7,8,1,response_only,2,1,True,0.44937866002584104,2,False,True
burgers,7,8,2,response_only,2,2,False,0.0,2,False,False
burgers,7,8,3,response_only,2,2,False,0.0,2,False,False
burgers,7,8,4,response_only,2,1,True,0.4835233618372174,2,False,True
burgers,7,8,5,response_only,2,2,False,0.0,2,False,False
burgers,7,8,6,response_only,2,2,False,0.0,2,False,False
burgers,7,8,7,response_only,2,2,False,0.0,2,False,False
burgers,7,8,8,response_only,2,2,False,0.0,2,False,False
burgers,7,8,9,response_only,2,2,False,0.0,2,False,False
burgers,7,8,10,response_only,2,1,True,0.44191243706353117,2,False,True
burgers,7,8,11,response_only,2,2,False,0.0,2,False,False
burgers,7,8,12,response_only,2,2,False,0.0,2,False,False
burgers,7,8,13,response_only,2,1,True,0.47710342215535567,2,False,True
burgers,7,8,14,response_only,2,2,False,0.0,2,False,False
burgers,7,8,15,response_only,2,2,False,0.0,2,False,False
burgers,7,8,16,response_only,2,2,False,0.0,2,False,False
burgers,7,8,17,response_only,2,2,False,0.0,2,False,False
burgers,7,8,18,response_only,2,2,False,0.0,2,False,False
burgers,7,8,19,response_only,2,2,False,0.0,2,False,False
burgers,7,8,20,response_only,2,2,False,0.0,2,False,False
burgers,7,8,21,response_only,2,2,False,0.0,2,False,False
burgers,7,8,22,response_only,2,1,True,0.43036077392016076,2,False,True
burgers,7,8,23,response_only,2,2,False,0.0,2,False,False
burgers,7,8,24,response_only,2,2,False,0.0,2,False,False
burgers,7,8,25,response_only,2,1,True,0.4134701852069577,2,False,True
burgers,7,8,26,response_only,2,2,False,0.0,2,False,False
burgers,7,8,27,response_only,2,2,False,0.0,2,False,False
burgers,7,8,28,response_only,2,2,False,0.0,2,False,False
burgers,7,8,29,response_only,2,2,False,0.0,2,False,False
burgers,7,8,0,combined,2,1,True,0.5702220379077976,2,False,True
burgers,7,8,1,combined,2,1,True,0.44937866002584104,2,False,True
burgers,7,8,2,combined,2,2,False,0.0,2,False,False
burgers,7,8,3,combined,2,1,True,0.5240540115381658,2,False,True
burgers,7,8,4,combined,2,1,True,0.4835233618372174,2,False,True
burgers,7,8,5,combined,2,2,False,0.0,2,False,False
burgers,7,8,6,combined,2,1,True,0.5258298948497528,2,False,True
burgers,7,8,7,combined,2,1,True,0.5368638713506872,2,False,True
burgers,7,8,8,combined,2,2,False,0.0,2,False,False
burgers,7,8,9,combined,2,1,True,0.49783864536876365,2,False,True
burgers,7,8,10,combined,2,2,False,0.0,2,False,False
burgers,7,8,11,combined,2,1,True,0.5602970611293103,2,False,True
burgers,7,8,12,combined,2,2,False,0.0,2,False,False
burgers,7,8,13,combined,2,1,True,0.47710342215535567,2,False,True
burgers,7,8,14,combined,2,1,True,0.5798147347292493,2,False,True
burgers,7,8,15,combined,2,1,True,0.5047291222091688,2,False,True
burgers,7,8,16,combined,2,2,False,0.0,2,False,False
burgers,7,8,17,combined,2,2,False,0.0,2,False,False
burgers,7,8,18,combined,2,2,False,0.0,2,False,False
burgers,7,8,19,combined,2,2,False,0.0,2,False,False
burgers,7,8,20,combined,2,1,True,0.5906022357703831,2,False,True
burgers,7,8,21,combined,2,1,True,0.5223254071908536,2,False,True
burgers,7,8,22,combined,2,1,True,0.43036077392016076,2,False,True
burgers,7,8,23,combined,2,1,True,0.4947123990098496,2,False,True
burgers,7,8,24,combined,2,2,False,0.0,2,False,False
burgers,7,8,25,combined,2,1,True,0.4134701852069577,2,False,True
burgers,7,8,26,combined,2,2,False,0.0,2,False,False
burgers,7,8,27,combined,2,2,False,0.0,2,False,False
burgers,7,8,28,combined,2,2,False,0.0,2,False,False
burgers,7,8,29,combined,2,2,False,0.0,2,False,False
burgers,7,16,0,inference_only,2,2,False,0.0,2,False,False
burgers,7,16,1,inference_only,2,2,False,0.0,2,False,False
burgers,7,16,2,inference_only,2,2,False,0.0,2,False,False
burgers,7,16,3,inference_only,2,2,False,0.0,2,False,False
burgers,7,16,4,inference_only,2,2,False,0.0,2,False,False
burgers,7,16,5,inference_only,2,2,False,0.0,2,False,False
burgers,7,16,6,inference_only,2,2,False,0.0,2,False,False
burgers,7,16,7,inference_only,2,2,False,0.0,2,False,False
burgers,7,16,8,inference_only,2,2,False,0.0,2,False,False
burgers,7,16,9,inference_only,2,2,False,0.0,2,False,False
burgers,7,16,10,inference_only,2,2,False,0.0,2,False,False
burgers,7,16,11,inference_only,2,2,False,0.0,2,False,False
burgers,7,16,12,inference_only,2,2,False,0.0,2,False,False
burgers,7,16,13,inference_only,2,2,False,0.0,2,False,False
burgers,7,16,14,inference_only,2,2,False,0.0,2,False,False
burgers,7,16,15,inference_only,2,2,False,0.0,2,False,False
burgers,7,16,16,inference_only,2,2,False,0.0,2,False,False
burgers,7,16,17,inference_only,2,2,False,0.0,2,False,False
burgers,7,16,18,inference_only,2,2,False,0.0,2,False,False
burgers,7,16,19,inference_only,2,2,False,0.0,2,False,False
burgers,7,16,20,inference_only,2,2,False,0.0,2,False,False
burgers,7,16,21,inference_only,2,2,False,0.0,2,False,False
burgers,7,16,22,inference_only,2,2,False,0.0,2,False,False
burgers,7,16,23,inference_only,2,2,False,0.0,2,False,False
burgers,7,16,24,inference_only,2,2,False,0.0,2,False,False
burgers,7,16,25,inference_only,2,2,False,0.0,2,False,False
burgers,7,16,26,inference_only,2,2,False,0.0,2,False,False
burgers,7,16,27,inference_only,2,2,False,0.0,2,False,False
burgers,7,16,28,inference_only,2,2,False,0.0,2,False,False
burgers,7,16,29,inference_only,2,2,False,0.0,2,False,False
burgers,7,16,0,response_only,2,2,False,0.0,2,False,False
burgers,7,16,1,response_only,2,2,False,0.0,2,False,False
burgers,7,16,2,response_only,2,2,False,0.0,2,False,False
burgers,7,16,3,response_only,2,2,False,0.0,2,False,False
burgers,7,16,4,response_only,2,2,False,0.0,2,False,False
burgers,7,16,5,response_only,2,2,False,0.0,2,False,False
burgers,7,16,6,response_only,2,2,False,0.0,2,False,False
burgers,7,16,7,response_only,2,2,False,0.0,2,False,False
burgers,7,16,8,response_only,2,2,False,0.0,2,False,False
burgers,7,16,9,response_only,2,2,False,0.0,2,False,False
burgers,7,16,10,response_only,2,2,False,0.0,2,False,False
burgers,7,16,11,response_only,2,2,False,0.0,2,False,False
burgers,7,16,12,response_only,2,2,False,0.0,2,False,False
burgers,7,16,13,response_only,2,2,False,0.0,2,False,False
burgers,7,16,14,response_only,2,2,False,0.0,2,False,False
burgers,7,16,15,response_only,2,2,False,0.0,2,False,False
burgers,7,16,16,response_only,2,2,False,0.0,2,False,False
burgers,7,16,17,response_only,2,2,False,0.0,2,False,False
burgers,7,16,18,response_only,2,2,False,0.0,2,False,False
burgers,7,16,19,response_only,2,2,False,0.0,2,False,False
burgers,7,16,20,response_only,2,2,False,0.0,2,False,False
burgers,7,16,21,response_only,2,2,False,0.0,2,False,False
burgers,7,16,22,response_only,2,2,False,0.0,2,False,False
burgers,7,16,23,response_only,2,2,False,0.0,2,False,False
burgers,7,16,24,response_only,2,2,False,0.0,2,False,False
burgers,7,16,25,response_only,2,2,False,0.0,2,False,False
burgers,7,16,26,response_only,2,2,False,0.0,2,False,False
burgers,7,16,27,response_only,2,2,False,0.0,2,False,False
burgers,7,16,28,response_only,2,2,False,0.0,2,False,False
burgers,7,16,29,response_only,2,2,False,0.0,2,False,False
burgers,7,16,0,combined,2,2,False,0.0,2,False,False
burgers,7,16,1,combined,2,2,False,0.0,2,False,False
burgers,7,16,2,combined,2,2,False,0.0,2,False,False
burgers,7,16,3,combined,2,2,False,0.0,2,False,False
burgers,7,16,4,combined,2,2,False,0.0,2,False,False
burgers,7,16,5,combined,2,2,False,0.0,2,False,False
burgers,7,16,6,combined,2,2,False,0.0,2,False,False
burgers,7,16,7,combined,2,2,False,0.0,2,False,False
burgers,7,16,8,combined,2,2,False,0.0,2,False,False
burgers,7,16,9,combined,2,2,False,0.0,2,False,False
burgers,7,16,10,combined,2,2,False,0.0,2,False,False
burgers,7,16,11,combined,2,2,False,0.0,2,False,False
burgers,7,16,12,combined,2,2,False,0.0,2,False,False
burgers,7,16,13,combined,2,2,False,0.0,2,False,False
burgers,7,16,14,combined,2,2,False,0.0,2,False,False
burgers,7,16,15,combined,2,2,False,0.0,2,False,False
burgers,7,16,16,combined,2,2,False,0.0,2,False,False
burgers,7,16,17,combined,2,2,False,0.0,2,False,False
burgers,7,16,18,combined,2,2,False,0.0,2,False,False
burgers,7,16,19,combined,2,2,False,0.0,2,False,False
burgers,7,16,20,combined,2,2,False,0.0,2,False,False
burgers,7,16,21,combined,2,2,False,0.0,2,False,False
burgers,7,16,22,combined,2,2,False,0.0,2,False,False
burgers,7,16,23,combined,2,2,False,0.0,2,False,False
burgers,7,16,24,combined,2,2,False,0.0,2,False,False
burgers,7,16,25,combined,2,2,False,0.0,2,False,False
burgers,7,16,26,combined,2,2,False,0.0,2,False,False
burgers,7,16,27,combined,2,2,False,0.0,2,False,False
burgers,7,16,28,combined,2,2,False,0.0,2,False,False
burgers,7,16,29,combined,2,2,False,0.0,2,False,False
burgers,7,32,0,inference_only,2,2,False,0.0,2,False,False
burgers,7,32,1,inference_only,2,2,False,0.0,2,False,False
burgers,7,32,2,inference_only,2,2,False,0.0,2,False,False
burgers,7,32,3,inference_only,2,2,False,0.0,2,False,False
burgers,7,32,4,inference_only,2,2,False,0.0,2,False,False
burgers,7,32,5,inference_only,2,2,False,0.0,2,False,False
burgers,7,32,6,inference_only,2,2,False,0.0,2,False,False
burgers,7,32,7,inference_only,2,2,False,0.0,2,False,False
burgers,7,32,8,inference_only,2,2,False,0.0,2,False,False
burgers,7,32,9,inference_only,2,2,False,0.0,2,False,False
burgers,7,32,10,inference_only,2,2,False,0.0,2,False,False
burgers,7,32,11,inference_only,2,2,False,0.0,2,False,False
burgers,7,32,12,inference_only,2,2,False,0.0,2,False,False
burgers,7,32,13,inference_only,2,2,False,0.0,2,False,False
burgers,7,32,14,inference_only,2,2,False,0.0,2,False,False
burgers,7,32,15,inference_only,2,2,False,0.0,2,False,False
burgers,7,32,16,inference_only,2,2,False,0.0,2,False,False
burgers,7,32,17,inference_only,2,2,False,0.0,2,False,False
burgers,7,32,18,inference_only,2,2,False,0.0,2,False,False
burgers,7,32,19,inference_only,2,2,False,0.0,2,False,False
burgers,7,32,20,inference_only,2,2,False,0.0,2,False,False
burgers,7,32,21,inference_only,2,2,False,0.0,2,False,False
burgers,7,32,22,inference_only,2,2,False,0.0,2,False,False
burgers,7,32,23,inference_only,2,2,False,0.0,2,False,False
burgers,7,32,24,inference_only,2,2,False,0.0,2,False,False
burgers,7,32,25,inference_only,2,2,False,0.0,2,False,False
burgers,7,32,26,inference_only,2,2,False,0.0,2,False,False
burgers,7,32,27,inference_only,2,2,False,0.0,2,False,False
burgers,7,32,28,inference_only,2,2,False,0.0,2,False,False
burgers,7,32,29,inference_only,2,2,False,0.0,2,False,False
burgers,7,32,0,response_only,2,2,False,0.0,2,False,False
burgers,7,32,1,response_only,2,2,False,0.0,2,False,False
burgers,7,32,2,response_only,2,2,False,0.0,2,False,False
burgers,7,32,3,response_only,2,2,False,0.0,2,False,False
burgers,7,32,4,response_only,2,2,False,0.0,2,False,False
burgers,7,32,5,response_only,2,2,False,0.0,2,False,False
burgers,7,32,6,response_only,2,2,False,0.0,2,False,False
burgers,7,32,7,response_only,2,2,False,0.0,2,False,False
burgers,7,32,8,response_only,2,2,False,0.0,2,False,False
burgers,7,32,9,response_only,2,2,False,0.0,2,False,False
burgers,7,32,10,response_only,2,2,False,0.0,2,False,False
burgers,7,32,11,response_only,2,2,False,0.0,2,False,False
burgers,7,32,12,response_only,2,2,False,0.0,2,False,False
burgers,7,32,13,response_only,2,2,False,0.0,2,False,False
burgers,7,32,14,response_only,2,2,False,0.0,2,False,False
burgers,7,32,15,response_only,2,2,False,0.0,2,False,False
burgers,7,32,16,response_only,2,2,False,0.0,2,False,False
burgers,7,32,17,response_only,2,2,False,0.0,2,False,False
burgers,7,32,18,response_only,2,2,False,0.0,2,False,False
burgers,7,32,19,response_only,2,2,False,0.0,2,False,False
burgers,7,32,20,response_only,2,2,False,0.0,2,False,False
burgers,7,32,21,response_only,2,2,False,0.0,2,False,False
burgers,7,32,22,response_only,2,2,False,0.0,2,False,False
burgers,7,32,23,response_only,2,2,False,0.0,2,False,False
burgers,7,32,24,response_only,2,2,False,0.0,2,False,False
burgers,7,32,25,response_only,2,2,False,0.0,2,False,False
burgers,7,32,26,response_only,2,2,False,0.0,2,False,False
burgers,7,32,27,response_only,2,2,False,0.0,2,False,False
burgers,7,32,28,response_only,2,2,False,0.0,2,False,False
burgers,7,32,29,response_only,2,2,False,0.0,2,False,False
burgers,7,32,0,combined,2,2,False,0.0,2,False,False
burgers,7,32,1,combined,2,2,False,0.0,2,False,False
burgers,7,32,2,combined,2,2,False,0.0,2,False,False
burgers,7,32,3,combined,2,2,False,0.0,2,False,False
burgers,7,32,4,combined,2,2,False,0.0,2,False,False
burgers,7,32,5,combined,2,2,False,0.0,2,False,False
burgers,7,32,6,combined,2,2,False,0.0,2,False,False
burgers,7,32,7,combined,2,2,False,0.0,2,False,False
burgers,7,32,8,combined,2,2,False,0.0,2,False,False
burgers,7,32,9,combined,2,2,False,0.0,2,False,False
burgers,7,32,10,combined,2,2,False,0.0,2,False,False
burgers,7,32,11,combined,2,2,False,0.0,2,False,False
burgers,7,32,12,combined,2,2,False,0.0,2,False,False
burgers,7,32,13,combined,2,2,False,0.0,2,False,False
burgers,7,32,14,combined,2,2,False,0.0,2,False,False
burgers,7,32,15,combined,2,2,False,0.0,2,False,False
burgers,7,32,16,combined,2,2,False,0.0,2,False,False
burgers,7,32,17,combined,2,2,False,0.0,2,False,False
burgers,7,32,18,combined,2,2,False,0.0,2,False,False
burgers,7,32,19,combined,2,2,False,0.0,2,False,False
burgers,7,32,20,combined,2,2,False,0.0,2,False,False
burgers,7,32,21,combined,2,2,False,0.0,2,False,False
burgers,7,32,22,combined,2,2,False,0.0,2,False,False
burgers,7,32,23,combined,2,2,False,0.0,2,False,False
burgers,7,32,24,combined,2,2,False,0.0,2,False,False
burgers,7,32,25,combined,2,2,False,0.0,2,False,False
burgers,7,32,26,combined,2,2,False,0.0,2,False,False
burgers,7,32,27,combined,2,2,False,0.0,2,False,False
burgers,7,32,28,combined,2,2,False,0.0,2,False,False
burgers,7,32,29,combined,2,2,False,0.0,2,False,False
burgers,7,64,0,inference_only,2,2,False,0.0,2,False,False
burgers,7,64,1,inference_only,2,2,False,0.0,2,False,False
burgers,7,64,2,inference_only,2,2,False,0.0,2,False,False
burgers,7,64,3,inference_only,2,2,False,0.0,2,False,False
burgers,7,64,4,inference_only,2,2,False,0.0,2,False,False
burgers,7,64,5,inference_only,2,2,False,0.0,2,False,False
burgers,7,64,6,inference_only,2,2,False,0.0,2,False,False
burgers,7,64,7,inference_only,2,2,False,0.0,2,False,False
burgers,7,64,8,inference_only,2,2,False,0.0,2,False,False
burgers,7,64,9,inference_only,2,2,False,0.0,2,False,False
burgers,7,64,10,inference_only,2,2,False,0.0,2,False,False
burgers,7,64,11,inference_only,2,2,False,0.0,2,False,False
burgers,7,64,12,inference_only,2,2,False,0.0,2,False,False
burgers,7,64,13,inference_only,2,2,False,0.0,2,False,False
burgers,7,64,14,inference_only,2,2,False,0.0,2,False,False
burgers,7,64,15,inference_only,2,2,False,0.0,2,False,False
burgers,7,64,16,inference_only,2,2,False,0.0,2,False,False
burgers,7,64,17,inference_only,2,2,False,0.0,2,False,False
burgers,7,64,18,inference_only,2,2,False,0.0,2,False,False
burgers,7,64,19,inference_only,2,2,False,0.0,2,False,False
burgers,7,64,20,inference_only,2,2,False,0.0,2,False,False
burgers,7,64,21,inference_only,2,2,False,0.0,2,False,False
burgers,7,64,22,inference_only,2,2,False,0.0,2,False,False
burgers,7,64,23,inference_only,2,2,False,0.0,2,False,False
burgers,7,64,24,inference_only,2,2,False,0.0,2,False,False
burgers,7,64,25,inference_only,2,2,False,0.0,2,False,False
burgers,7,64,26,inference_only,2,2,False,0.0,2,False,False
burgers,7,64,27,inference_only,2,2,False,0.0,2,False,False
burgers,7,64,28,inference_only,2,2,False,0.0,2,False,False
burgers,7,64,29,inference_only,2,2,False,0.0,2,False,False
burgers,7,64,0,response_only,2,2,False,0.0,2,False,False
burgers,7,64,1,response_only,2,2,False,0.0,2,False,False
burgers,7,64,2,response_only,2,2,False,0.0,2,False,False
burgers,7,64,3,response_only,2,2,False,0.0,2,False,False
burgers,7,64,4,response_only,2,2,False,0.0,2,False,False
burgers,7,64,5,response_only,2,2,False,0.0,2,False,False
burgers,7,64,6,response_only,2,2,False,0.0,2,False,False
burgers,7,64,7,response_only,2,2,False,0.0,2,False,False
burgers,7,64,8,response_only,2,2,False,0.0,2,False,False
burgers,7,64,9,response_only,2,2,False,0.0,2,False,False
burgers,7,64,10,response_only,2,2,False,0.0,2,False,False
burgers,7,64,11,response_only,2,2,False,0.0,2,False,False
burgers,7,64,12,response_only,2,2,False,0.0,2,False,False
burgers,7,64,13,response_only,2,2,False,0.0,2,False,False
burgers,7,64,14,response_only,2,2,False,0.0,2,False,False
burgers,7,64,15,response_only,2,2,False,0.0,2,False,False
burgers,7,64,16,response_only,2,2,False,0.0,2,False,False
burgers,7,64,17,response_only,2,2,False,0.0,2,False,False
burgers,7,64,18,response_only,2,2,False,0.0,2,False,False
burgers,7,64,19,response_only,2,2,False,0.0,2,False,False
burgers,7,64,20,response_only,2,2,False,0.0,2,False,False
burgers,7,64,21,response_only,2,2,False,0.0,2,False,False
burgers,7,64,22,response_only,2,2,False,0.0,2,False,False
burgers,7,64,23,response_only,2,2,False,0.0,2,False,False
burgers,7,64,24,response_only,2,2,False,0.0,2,False,False
burgers,7,64,25,response_only,2,2,False,0.0,2,False,False
burgers,7,64,26,response_only,2,2,False,0.0,2,False,False
burgers,7,64,27,response_only,2,2,False,0.0,2,False,False
burgers,7,64,28,response_only,2,2,False,0.0,2,False,False
burgers,7,64,29,response_only,2,2,False,0.0,2,False,False
burgers,7,64,0,combined,2,2,False,0.0,2,False,False
burgers,7,64,1,combined,2,2,False,0.0,2,False,False
burgers,7,64,2,combined,2,2,False,0.0,2,False,False
burgers,7,64,3,combined,2,2,False,0.0,2,False,False
burgers,7,64,4,combined,2,2,False,0.0,2,False,False
burgers,7,64,5,combined,2,2,False,0.0,2,False,False
burgers,7,64,6,combined,2,2,False,0.0,2,False,False
burgers,7,64,7,combined,2,2,False,0.0,2,False,False
burgers,7,64,8,combined,2,2,False,0.0,2,False,False
burgers,7,64,9,combined,2,2,False,0.0,2,False,False
burgers,7,64,10,combined,2,2,False,0.0,2,False,False
burgers,7,64,11,combined,2,2,False,0.0,2,False,False
burgers,7,64,12,combined,2,2,False,0.0,2,False,False
burgers,7,64,13,combined,2,2,False,0.0,2,False,False
burgers,7,64,14,combined,2,2,False,0.0,2,False,False
burgers,7,64,15,combined,2,2,False,0.0,2,False,False
burgers,7,64,16,combined,2,2,False,0.0,2,False,False
burgers,7,64,17,combined,2,2,False,0.0,2,False,False
burgers,7,64,18,combined,2,2,False,0.0,2,False,False
burgers,7,64,19,combined,2,2,False,0.0,2,False,False
burgers,7,64,20,combined,2,2,False,0.0,2,False,False
burgers,7,64,21,combined,2,2,False,0.0,2,False,False
burgers,7,64,22,combined,2,2,False,0.0,2,False,False
burgers,7,64,23,combined,2,2,False,0.0,2,False,False
burgers,7,64,24,combined,2,2,False,0.0,2,False,False
burgers,7,64,25,combined,2,2,False,0.0,2,False,False
burgers,7,64,26,combined,2,2,False,0.0,2,False,False
burgers,7,64,27,combined,2,2,False,0.0,2,False,False
burgers,7,64,28,combined,2,2,False,0.0,2,False,False
burgers,7,64,29,combined,2,2,False,0.0,2,False,False
burgers,8,2,0,inference_only,2,2,False,0.0,2,False,False
burgers,8,2,1,inference_only,2,2,False,0.0,2,False,False
burgers,8,2,2,inference_only,2,2,False,0.0,2,False,False
burgers,8,2,3,inference_only,2,2,False,0.0,2,False,False
burgers,8,2,4,inference_only,2,2,False,0.0,2,False,False
burgers,8,2,5,inference_only,2,2,False,0.0,2,False,False
burgers,8,2,6,inference_only,2,2,False,0.0,2,False,False
burgers,8,2,7,inference_only,2,2,False,0.0,2,False,False
burgers,8,2,8,inference_only,2,2,False,0.0,2,False,False
burgers,8,2,9,inference_only,2,2,False,0.0,2,False,False
burgers,8,2,10,inference_only,2,2,False,0.0,2,False,False
burgers,8,2,11,inference_only,2,2,False,0.0,2,False,False
burgers,8,2,12,inference_only,2,2,False,0.0,2,False,False
burgers,8,2,13,inference_only,2,2,False,0.0,2,False,False
burgers,8,2,14,inference_only,2,2,False,0.0,2,False,False
burgers,8,2,15,inference_only,2,2,False,0.0,2,False,False
burgers,8,2,16,inference_only,2,2,False,0.0,2,False,False
burgers,8,2,17,inference_only,2,2,False,0.0,2,False,False
burgers,8,2,18,inference_only,2,2,False,0.0,2,False,False
burgers,8,2,19,inference_only,2,2,False,0.0,2,False,False
burgers,8,2,20,inference_only,2,2,False,0.0,2,False,False
burgers,8,2,21,inference_only,2,2,False,0.0,2,False,False
burgers,8,2,22,inference_only,2,2,False,0.0,2,False,False
burgers,8,2,23,inference_only,2,2,False,0.0,2,False,False
burgers,8,2,24,inference_only,2,2,False,0.0,2,False,False
burgers,8,2,25,inference_only,2,2,False,0.0,2,False,False
burgers,8,2,26,inference_only,2,2,False,0.0,2,False,False
burgers,8,2,27,inference_only,2,2,False,0.0,2,False,False
burgers,8,2,28,inference_only,2,2,False,0.0,2,False,False
burgers,8,2,29,inference_only,2,2,False,0.0,2,False,False
burgers,8,2,0,response_only,2,0,True,11.532746263056222,2,False,True
burgers,8,2,1,response_only,2,0,True,12.68223716190796,2,False,True
burgers,8,2,2,response_only,2,0,True,13.161046689190329,2,False,True
burgers,8,2,3,response_only,2,0,True,11.738642137593926,2,False,True
burgers,8,2,4,response_only,2,0,True,11.388710174550365,2,False,True
burgers,8,2,5,response_only,2,0,True,12.736436182007326,2,False,True
burgers,8,2,6,response_only,2,0,True,12.125463423211205,2,False,True
burgers,8,2,7,response_only,2,0,True,12.413579557040945,2,False,True
burgers,8,2,8,response_only,2,0,True,12.040387300910755,2,False,True
burgers,8,2,9,response_only,2,0,True,12.767269481610713,2,False,True
burgers,8,2,10,response_only,2,0,True,13.585850103719762,2,False,True
burgers,8,2,11,response_only,2,0,True,11.807304798865118,2,False,True
burgers,8,2,12,response_only,2,0,True,13.610467513204746,2,False,True
burgers,8,2,13,response_only,2,0,True,11.851145753496704,2,False,True
burgers,8,2,14,response_only,2,0,True,10.312373859536192,2,False,True
burgers,8,2,15,response_only,2,0,True,11.630327289389287,2,False,True
burgers,8,2,16,response_only,2,0,True,12.29758698313682,2,False,True
burgers,8,2,17,response_only,2,0,True,12.18586499534173,2,False,True
burgers,8,2,18,response_only,2,0,True,11.90241527228148,2,False,True
burgers,8,2,19,response_only,2,0,True,12.07624881450863,2,False,True
burgers,8,2,20,response_only,2,0,True,12.977738128816346,2,False,True
burgers,8,2,21,response_only,2,0,True,12.954710967447294,2,False,True
burgers,8,2,22,response_only,2,0,True,13.571382521946978,2,False,True
burgers,8,2,23,response_only,2,0,True,12.10491341680644,2,False,True
burgers,8,2,24,response_only,2,0,True,11.926485679553311,2,False,True
burgers,8,2,25,response_only,2,0,True,11.741260810947397,2,False,True
burgers,8,2,26,response_only,2,0,True,11.684393367745184,2,False,True
burgers,8,2,27,response_only,2,0,True,11.295938624012688,2,False,True
burgers,8,2,28,response_only,2,0,True,11.477104873782546,2,False,True
burgers,8,2,29,response_only,2,0,True,11.867572550752303,2,False,True
burgers,8,2,0,combined,2,0,True,11.532746263056222,2,False,True
burgers,8,2,1,combined,2,0,True,12.68223716190796,2,False,True
burgers,8,2,2,combined,2,0,True,13.161046689190329,2,False,True
burgers,8,2,3,combined,2,0,True,11.738642137593926,2,False,True
burgers,8,2,4,combined,2,0,True,11.388710174550365,2,False,True
burgers,8,2,5,combined,2,0,True,12.736436182007326,2,False,True
burgers,8,2,6,combined,2,0,True,12.125463423211205,2,False,True
burgers,8,2,7,combined,2,0,True,12.413579557040945,2,False,True
burgers,8,2,8,combined,2,0,True,12.040387300910755,2,False,True
burgers,8,2,9,combined,2,0,True,12.767269481610713,2,False,True
burgers,8,2,10,combined,2,0,True,13.585850103719762,2,False,True
burgers,8,2,11,combined,2,0,True,11.807304798865118,2,False,True
burgers,8,2,12,combined,2,0,True,13.610467513204746,2,False,True
burgers,8,2,13,combined,2,0,True,11.851145753496704,2,False,True
burgers,8,2,14,combined,2,0,True,10.312373859536192,2,False,True
burgers,8,2,15,combined,2,0,True,11.630327289389287,2,False,True
burgers,8,2,16,combined,2,0,True,12.29758698313682,2,False,True
burgers,8,2,17,combined,2,0,True,12.18586499534173,2,False,True
burgers,8,2,18,combined,2,0,True,11.90241527228148,2,False,True
burgers,8,2,19,combined,2,0,True,12.07624881450863,2,False,True
burgers,8,2,20,combined,2,0,True,12.977738128816346,2,False,True
burgers,8,2,21,combined,2,0,True,12.954710967447294,2,False,True
burgers,8,2,22,combined,2,0,True,13.571382521946978,2,False,True
burgers,8,2,23,combined,2,0,True,12.10491341680644,2,False,True
burgers,8,2,24,combined,2,0,True,11.926485679553311,2,False,True
burgers,8,2,25,combined,2,0,True,11.741260810947397,2,False,True
burgers,8,2,26,combined,2,0,True,11.684393367745184,2,False,True
burgers,8,2,27,combined,2,0,True,11.295938624012688,2,False,True
burgers,8,2,28,combined,2,0,True,11.477104873782546,2,False,True
burgers,8,2,29,combined,2,0,True,11.867572550752303,2,False,True
burgers,8,4,0,inference_only,2,2,False,0.0,2,False,False
burgers,8,4,1,inference_only,2,2,False,0.0,2,False,False
burgers,8,4,2,inference_only,2,2,False,0.0,2,False,False
burgers,8,4,3,inference_only,2,2,False,0.0,2,False,False
burgers,8,4,4,inference_only,2,2,False,0.0,2,False,False
burgers,8,4,5,inference_only,2,2,False,0.0,2,False,False
burgers,8,4,6,inference_only,2,2,False,0.0,2,False,False
burgers,8,4,7,inference_only,2,2,False,0.0,2,False,False
burgers,8,4,8,inference_only,2,2,False,0.0,2,False,False
burgers,8,4,9,inference_only,2,2,False,0.0,2,False,False
burgers,8,4,10,inference_only,2,2,False,0.0,2,False,False
burgers,8,4,11,inference_only,2,2,False,0.0,2,False,False
burgers,8,4,12,inference_only,2,2,False,0.0,2,False,False
burgers,8,4,13,inference_only,2,2,False,0.0,2,False,False
burgers,8,4,14,inference_only,2,2,False,0.0,2,False,False
burgers,8,4,15,inference_only,2,2,False,0.0,2,False,False
burgers,8,4,16,inference_only,2,2,False,0.0,2,False,False
burgers,8,4,17,inference_only,2,2,False,0.0,2,False,False
burgers,8,4,18,inference_only,2,2,False,0.0,2,False,False
burgers,8,4,19,inference_only,2,2,False,0.0,2,False,False
burgers,8,4,20,inference_only,2,2,False,0.0,2,False,False
burgers,8,4,21,inference_only,2,2,False,0.0,2,False,False
burgers,8,4,22,inference_only,2,2,False,0.0,2,False,False
burgers,8,4,23,inference_only,2,2,False,0.0,2,False,False
burgers,8,4,24,inference_only,2,2,False,0.0,2,False,False
burgers,8,4,25,inference_only,2,2,False,0.0,2,False,False
burgers,8,4,26,inference_only,2,2,False,0.0,2,False,False
burgers,8,4,27,inference_only,2,2,False,0.0,2,False,False
burgers,8,4,28,inference_only,2,2,False,0.0,2,False,False
burgers,8,4,29,inference_only,2,2,False,0.0,2,False,False
burgers,8,4,0,response_only,2,2,False,0.0,2,False,False
burgers,8,4,1,response_only,2,2,False,0.0,2,False,False
burgers,8,4,2,response_only,2,2,False,0.0,2,False,False
burgers,8,4,3,response_only,2,2,False,0.0,2,False,False
burgers,8,4,4,response_only,2,2,False,0.0,2,False,False
burgers,8,4,5,response_only,2,2,False,0.0,2,False,False
burgers,8,4,6,response_only,2,2,False,0.0,2,False,False
burgers,8,4,7,response_only,2,2,False,0.0,2,False,False
burgers,8,4,8,response_only,2,2,False,0.0,2,False,False
burgers,8,4,9,response_only,2,2,False,0.0,2,False,False
burgers,8,4,10,response_only,2,2,False,0.0,2,False,False
burgers,8,4,11,response_only,2,2,False,0.0,2,False,False
burgers,8,4,12,response_only,2,2,False,0.0,2,False,False
burgers,8,4,13,response_only,2,2,False,0.0,2,False,False
burgers,8,4,14,response_only,2,2,False,0.0,2,False,False
burgers,8,4,15,response_only,2,2,False,0.0,2,False,False
burgers,8,4,16,response_only,2,2,False,0.0,2,False,False
burgers,8,4,17,response_only,2,2,False,0.0,2,False,False
burgers,8,4,18,response_only,2,2,False,0.0,2,False,False
burgers,8,4,19,response_only,2,2,False,0.0,2,False,False
burgers,8,4,20,response_only,2,2,False,0.0,2,False,False
burgers,8,4,21,response_only,2,2,False,0.0,2,False,False
burgers,8,4,22,response_only,2,2,False,0.0,2,False,False
burgers,8,4,23,response_only,2,2,False,0.0,2,False,False
burgers,8,4,24,response_only,2,2,False,0.0,2,False,False
burgers,8,4,25,response_only,2,2,False,0.0,2,False,False
burgers,8,4,26,response_only,2,2,False,0.0,2,False,False
burgers,8,4,27,response_only,2,2,False,0.0,2,False,False
burgers,8,4,28,response_only,2,2,False,0.0,2,False,False
burgers,8,4,29,response_only,2,2,False,0.0,2,False,False
burgers,8,4,0,combined,2,2,False,0.0,2,False,False
burgers,8,4,1,combined,2,2,False,0.0,2,False,False
burgers,8,4,2,combined,2,2,False,0.0,2,False,False
burgers,8,4,3,combined,2,2,False,0.0,2,False,False
burgers,8,4,4,combined,2,2,False,0.0,2,False,False
burgers,8,4,5,combined,2,2,False,0.0,2,False,False
burgers,8,4,6,combined,2,2,False,0.0,2,False,False
burgers,8,4,7,combined,2,2,False,0.0,2,False,False
burgers,8,4,8,combined,2,2,False,0.0,2,False,False
burgers,8,4,9,combined,2,2,False,0.0,2,False,False
burgers,8,4,10,combined,2,2,False,0.0,2,False,False
burgers,8,4,11,combined,2,2,False,0.0,2,False,False
burgers,8,4,12,combined,2,2,False,0.0,2,False,False
burgers,8,4,13,combined,2,2,False,0.0,2,False,False
burgers,8,4,14,combined,2,2,False,0.0,2,False,False
burgers,8,4,15,combined,2,2,False,0.0,2,False,False
burgers,8,4,16,combined,2,2,False,0.0,2,False,False
burgers,8,4,17,combined,2,2,False,0.0,2,False,False
burgers,8,4,18,combined,2,2,False,0.0,2,False,False
burgers,8,4,19,combined,2,2,False,0.0,2,False,False
burgers,8,4,20,combined,2,2,False,0.0,2,False,False
burgers,8,4,21,combined,2,2,False,0.0,2,False,False
burgers,8,4,22,combined,2,2,False,0.0,2,False,False
burgers,8,4,23,combined,2,2,False,0.0,2,False,False
burgers,8,4,24,combined,2,2,False,0.0,2,False,False
burgers,8,4,25,combined,2,2,False,0.0,2,False,False
burgers,8,4,26,combined,2,2,False,0.0,2,False,False
burgers,8,4,27,combined,2,2,False,0.0,2,False,False
burgers,8,4,28,combined,2,2,False,0.0,2,False,False
burgers,8,4,29,combined,2,2,False,0.0,2,False,False
burgers,8,8,0,inference_only,2,2,False,0.0,2,False,False
burgers,8,8,1,inference_only,2,2,False,0.0,2,False,False
burgers,8,8,2,inference_only,2,2,False,0.0,2,False,False
burgers,8,8,3,inference_only,2,2,False,0.0,2,False,False
burgers,8,8,4,inference_only,2,2,False,0.0,2,False,False
burgers,8,8,5,inference_only,2,2,False,0.0,2,False,False
burgers,8,8,6,inference_only,2,2,False,0.0,2,False,False
burgers,8,8,7,inference_only,2,2,False,0.0,2,False,False
burgers,8,8,8,inference_only,2,2,False,0.0,2,False,False
burgers,8,8,9,inference_only,2,2,False,0.0,2,False,False
burgers,8,8,10,inference_only,2,2,False,0.0,2,False,False
burgers,8,8,11,inference_only,2,2,False,0.0,2,False,False
burgers,8,8,12,inference_only,2,2,False,0.0,2,False,False
burgers,8,8,13,inference_only,2,2,False,0.0,2,False,False
burgers,8,8,14,inference_only,2,2,False,0.0,2,False,False
burgers,8,8,15,inference_only,2,2,False,0.0,2,False,False
burgers,8,8,16,inference_only,2,2,False,0.0,2,False,False
burgers,8,8,17,inference_only,2,2,False,0.0,2,False,False
burgers,8,8,18,inference_only,2,2,False,0.0,2,False,False
burgers,8,8,19,inference_only,2,2,False,0.0,2,False,False
burgers,8,8,20,inference_only,2,2,False,0.0,2,False,False
burgers,8,8,21,inference_only,2,2,False,0.0,2,False,False
burgers,8,8,22,inference_only,2,2,False,0.0,2,False,False
burgers,8,8,23,inference_only,2,2,False,0.0,2,False,False
burgers,8,8,24,inference_only,2,2,False,0.0,2,False,False
burgers,8,8,25,inference_only,2,2,False,0.0,2,False,False
burgers,8,8,26,inference_only,2,2,False,0.0,2,False,False
burgers,8,8,27,inference_only,2,2,False,0.0,2,False,False
burgers,8,8,28,inference_only,2,2,False,0.0,2,False,False
burgers,8,8,29,inference_only,2,2,False,0.0,2,False,False
burgers,8,8,0,response_only,2,2,False,0.0,2,False,False
burgers,8,8,1,response_only,2,2,False,0.0,2,False,False
burgers,8,8,2,response_only,2,2,False,0.0,2,False,False
burgers,8,8,3,response_only,2,2,False,0.0,2,False,False
burgers,8,8,4,response_only,2,2,False,0.0,2,False,False
burgers,8,8,5,response_only,2,2,False,0.0,2,False,False
burgers,8,8,6,response_only,2,2,False,0.0,2,False,False
burgers,8,8,7,response_only,2,2,False,0.0,2,False,False
burgers,8,8,8,response_only,2,2,False,0.0,2,False,False
burgers,8,8,9,response_only,2,2,False,0.0,2,False,False
burgers,8,8,10,response_only,2,2,False,0.0,2,False,False
burgers,8,8,11,response_only,2,2,False,0.0,2,False,False
burgers,8,8,12,response_only,2,2,False,0.0,2,False,False
burgers,8,8,13,response_only,2,2,False,0.0,2,False,False
burgers,8,8,14,response_only,2,2,False,0.0,2,False,False
burgers,8,8,15,response_only,2,2,False,0.0,2,False,False
burgers,8,8,16,response_only,2,2,False,0.0,2,False,False
burgers,8,8,17,response_only,2,2,False,0.0,2,False,False
burgers,8,8,18,response_only,2,2,False,0.0,2,False,False
burgers,8,8,19,response_only,2,2,False,0.0,2,False,False
burgers,8,8,20,response_only,2,2,False,0.0,2,False,False
burgers,8,8,21,response_only,2,2,False,0.0,2,False,False
burgers,8,8,22,response_only,2,2,False,0.0,2,False,False
burgers,8,8,23,response_only,2,2,False,0.0,2,False,False
burgers,8,8,24,response_only,2,2,False,0.0,2,False,False
burgers,8,8,25,response_only,2,2,False,0.0,2,False,False
burgers,8,8,26,response_only,2,2,False,0.0,2,False,False
burgers,8,8,27,response_only,2,2,False,0.0,2,False,False
burgers,8,8,28,response_only,2,2,False,0.0,2,False,False
burgers,8,8,29,response_only,2,2,False,0.0,2,False,False
burgers,8,8,0,combined,2,2,False,0.0,2,False,False
burgers,8,8,1,combined,2,2,False,0.0,2,False,False
burgers,8,8,2,combined,2,2,False,0.0,2,False,False
burgers,8,8,3,combined,2,2,False,0.0,2,False,False
burgers,8,8,4,combined,2,2,False,0.0,2,False,False
burgers,8,8,5,combined,2,2,False,0.0,2,False,False
burgers,8,8,6,combined,2,2,False,0.0,2,False,False
burgers,8,8,7,combined,2,2,False,0.0,2,False,False
burgers,8,8,8,combined,2,2,False,0.0,2,False,False
burgers,8,8,9,combined,2,2,False,0.0,2,False,False
burgers,8,8,10,combined,2,2,False,0.0,2,False,False
burgers,8,8,11,combined,2,2,False,0.0,2,False,False
burgers,8,8,12,combined,2,2,False,0.0,2,False,False
burgers,8,8,13,combined,2,2,False,0.0,2,False,False
burgers,8,8,14,combined,2,2,False,0.0,2,False,False
burgers,8,8,15,combined,2,2,False,0.0,2,False,False
burgers,8,8,16,combined,2,2,False,0.0,2,False,False
burgers,8,8,17,combined,2,2,False,0.0,2,False,False
burgers,8,8,18,combined,2,2,False,0.0,2,False,False
burgers,8,8,19,combined,2,2,False,0.0,2,False,False
burgers,8,8,20,combined,2,2,False,0.0,2,False,False
burgers,8,8,21,combined,2,2,False,0.0,2,False,False
burgers,8,8,22,combined,2,2,False,0.0,2,False,False
burgers,8,8,23,combined,2,2,False,0.0,2,False,False
burgers,8,8,24,combined,2,2,False,0.0,2,False,False
burgers,8,8,25,combined,2,2,False,0.0,2,False,False
burgers,8,8,26,combined,2,2,False,0.0,2,False,False
burgers,8,8,27,combined,2,2,False,0.0,2,False,False
burgers,8,8,28,combined,2,2,False,0.0,2,False,False
burgers,8,8,29,combined,2,2,False,0.0,2,False,False
burgers,8,16,0,inference_only,2,2,False,0.0,2,False,False
burgers,8,16,1,inference_only,2,2,False,0.0,2,False,False
burgers,8,16,2,inference_only,2,2,False,0.0,2,False,False
burgers,8,16,3,inference_only,2,2,False,0.0,2,False,False
burgers,8,16,4,inference_only,2,2,False,0.0,2,False,False
burgers,8,16,5,inference_only,2,2,False,0.0,2,False,False
burgers,8,16,6,inference_only,2,2,False,0.0,2,False,False
burgers,8,16,7,inference_only,2,2,False,0.0,2,False,False
burgers,8,16,8,inference_only,2,2,False,0.0,2,False,False
burgers,8,16,9,inference_only,2,2,False,0.0,2,False,False
burgers,8,16,10,inference_only,2,2,False,0.0,2,False,False
burgers,8,16,11,inference_only,2,2,False,0.0,2,False,False
burgers,8,16,12,inference_only,2,2,False,0.0,2,False,False
burgers,8,16,13,inference_only,2,2,False,0.0,2,False,False
burgers,8,16,14,inference_only,2,2,False,0.0,2,False,False
burgers,8,16,15,inference_only,2,2,False,0.0,2,False,False
burgers,8,16,16,inference_only,2,2,False,0.0,2,False,False
burgers,8,16,17,inference_only,2,2,False,0.0,2,False,False
burgers,8,16,18,inference_only,2,2,False,0.0,2,False,False
burgers,8,16,19,inference_only,2,2,False,0.0,2,False,False
burgers,8,16,20,inference_only,2,2,False,0.0,2,False,False
burgers,8,16,21,inference_only,2,2,False,0.0,2,False,False
burgers,8,16,22,inference_only,2,2,False,0.0,2,False,False
burgers,8,16,23,inference_only,2,2,False,0.0,2,False,False
burgers,8,16,24,inference_only,2,2,False,0.0,2,False,False
burgers,8,16,25,inference_only,2,2,False,0.0,2,False,False
burgers,8,16,26,inference_only,2,2,False,0.0,2,False,False
burgers,8,16,27,inference_only,2,2,False,0.0,2,False,False
burgers,8,16,28,inference_only,2,2,False,0.0,2,False,False
burgers,8,16,29,inference_only,2,2,False,0.0,2,False,False
burgers,8,16,0,response_only,2,2,False,0.0,2,False,False
burgers,8,16,1,response_only,2,2,False,0.0,2,False,False
burgers,8,16,2,response_only,2,2,False,0.0,2,False,False
burgers,8,16,3,response_only,2,2,False,0.0,2,False,False
burgers,8,16,4,response_only,2,2,False,0.0,2,False,False
burgers,8,16,5,response_only,2,2,False,0.0,2,False,False
burgers,8,16,6,response_only,2,2,False,0.0,2,False,False
burgers,8,16,7,response_only,2,2,False,0.0,2,False,False
burgers,8,16,8,response_only,2,2,False,0.0,2,False,False
burgers,8,16,9,response_only,2,2,False,0.0,2,False,False
burgers,8,16,10,response_only,2,2,False,0.0,2,False,False
burgers,8,16,11,response_only,2,2,False,0.0,2,False,False
burgers,8,16,12,response_only,2,2,False,0.0,2,False,False
burgers,8,16,13,response_only,2,2,False,0.0,2,False,False
burgers,8,16,14,response_only,2,2,False,0.0,2,False,False
burgers,8,16,15,response_only,2,2,False,0.0,2,False,False
burgers,8,16,16,response_only,2,2,False,0.0,2,False,False
burgers,8,16,17,response_only,2,2,False,0.0,2,False,False
burgers,8,16,18,response_only,2,2,False,0.0,2,False,False
burgers,8,16,19,response_only,2,2,False,0.0,2,False,False
burgers,8,16,20,response_only,2,2,False,0.0,2,False,False
burgers,8,16,21,response_only,2,2,False,0.0,2,False,False
burgers,8,16,22,response_only,2,2,False,0.0,2,False,False
burgers,8,16,23,response_only,2,2,False,0.0,2,False,False
burgers,8,16,24,response_only,2,2,False,0.0,2,False,False
burgers,8,16,25,response_only,2,2,False,0.0,2,False,False
burgers,8,16,26,response_only,2,2,False,0.0,2,False,False
burgers,8,16,27,response_only,2,2,False,0.0,2,False,False
burgers,8,16,28,response_only,2,2,False,0.0,2,False,False
burgers,8,16,29,response_only,2,2,False,0.0,2,False,False
burgers,8,16,0,combined,2,2,False,0.0,2,False,False
burgers,8,16,1,combined,2,2,False,0.0,2,False,False
burgers,8,16,2,combined,2,2,False,0.0,2,False,False
burgers,8,16,3,combined,2,2,False,0.0,2,False,False
burgers,8,16,4,combined,2,2,False,0.0,2,False,False
burgers,8,16,5,combined,2,2,False,0.0,2,False,False
burgers,8,16,6,combined,2,2,False,0.0,2,False,False
burgers,8,16,7,combined,2,2,False,0.0,2,False,False
burgers,8,16,8,combined,2,2,False,0.0,2,False,False
burgers,8,16,9,combined,2,2,False,0.0,2,False,False
burgers,8,16,10,combined,2,2,False,0.0,2,False,False
burgers,8,16,11,combined,2,2,False,0.0,2,False,False
burgers,8,16,12,combined,2,2,False,0.0,2,False,False
burgers,8,16,13,combined,2,2,False,0.0,2,False,False
burgers,8,16,14,combined,2,2,False,0.0,2,False,False
burgers,8,16,15,combined,2,2,False,0.0,2,False,False
burgers,8,16,16,combined,2,2,False,0.0,2,False,False
burgers,8,16,17,combined,2,2,False,0.0,2,False,False
burgers,8,16,18,combined,2,2,False,0.0,2,False,False
burgers,8,16,19,combined,2,2,False,0.0,2,False,False
burgers,8,16,20,combined,2,2,False,0.0,2,False,False
burgers,8,16,21,combined,2,2,False,0.0,2,False,False
burgers,8,16,22,combined,2,2,False,0.0,2,False,False
burgers,8,16,23,combined,2,2,False,0.0,2,False,False
burgers,8,16,24,combined,2,2,False,0.0,2,False,False
burgers,8,16,25,combined,2,2,False,0.0,2,False,False
burgers,8,16,26,combined,2,2,False,0.0,2,False,False
burgers,8,16,27,combined,2,2,False,0.0,2,False,False
burgers,8,16,28,combined,2,2,False,0.0,2,False,False
burgers,8,16,29,combined,2,2,False,0.0,2,False,False
burgers,8,32,0,inference_only,2,2,False,0.0,2,False,False
burgers,8,32,1,inference_only,2,2,False,0.0,2,False,False
burgers,8,32,2,inference_only,2,2,False,0.0,2,False,False
burgers,8,32,3,inference_only,2,2,False,0.0,2,False,False
burgers,8,32,4,inference_only,2,2,False,0.0,2,False,False
burgers,8,32,5,inference_only,2,2,False,0.0,2,False,False
burgers,8,32,6,inference_only,2,2,False,0.0,2,False,False
burgers,8,32,7,inference_only,2,2,False,0.0,2,False,False
burgers,8,32,8,inference_only,2,2,False,0.0,2,False,False
burgers,8,32,9,inference_only,2,2,False,0.0,2,False,False
burgers,8,32,10,inference_only,2,2,False,0.0,2,False,False
burgers,8,32,11,inference_only,2,2,False,0.0,2,False,False
burgers,8,32,12,inference_only,2,2,False,0.0,2,False,False
burgers,8,32,13,inference_only,2,2,False,0.0,2,False,False
burgers,8,32,14,inference_only,2,2,False,0.0,2,False,False
burgers,8,32,15,inference_only,2,2,False,0.0,2,False,False
burgers,8,32,16,inference_only,2,2,False,0.0,2,False,False
burgers,8,32,17,inference_only,2,2,False,0.0,2,False,False
burgers,8,32,18,inference_only,2,2,False,0.0,2,False,False
burgers,8,32,19,inference_only,2,2,False,0.0,2,False,False
burgers,8,32,20,inference_only,2,2,False,0.0,2,False,False
burgers,8,32,21,inference_only,2,2,False,0.0,2,False,False
burgers,8,32,22,inference_only,2,2,False,0.0,2,False,False
burgers,8,32,23,inference_only,2,2,False,0.0,2,False,False
burgers,8,32,24,inference_only,2,2,False,0.0,2,False,False
burgers,8,32,25,inference_only,2,2,False,0.0,2,False,False
burgers,8,32,26,inference_only,2,2,False,0.0,2,False,False
burgers,8,32,27,inference_only,2,2,False,0.0,2,False,False
burgers,8,32,28,inference_only,2,2,False,0.0,2,False,False
burgers,8,32,29,inference_only,2,2,False,0.0,2,False,False
burgers,8,32,0,response_only,2,2,False,0.0,2,False,False
burgers,8,32,1,response_only,2,2,False,0.0,2,False,False
burgers,8,32,2,response_only,2,2,False,0.0,2,False,False
burgers,8,32,3,response_only,2,2,False,0.0,2,False,False
burgers,8,32,4,response_only,2,2,False,0.0,2,False,False
burgers,8,32,5,response_only,2,2,False,0.0,2,False,False
burgers,8,32,6,response_only,2,2,False,0.0,2,False,False
burgers,8,32,7,response_only,2,2,False,0.0,2,False,False
burgers,8,32,8,response_only,2,2,False,0.0,2,False,False
burgers,8,32,9,response_only,2,2,False,0.0,2,False,False
burgers,8,32,10,response_only,2,2,False,0.0,2,False,False
burgers,8,32,11,response_only,2,2,False,0.0,2,False,False
burgers,8,32,12,response_only,2,2,False,0.0,2,False,False
burgers,8,32,13,response_only,2,2,False,0.0,2,False,False
burgers,8,32,14,response_only,2,2,False,0.0,2,False,False
burgers,8,32,15,response_only,2,2,False,0.0,2,False,False
burgers,8,32,16,response_only,2,2,False,0.0,2,False,False
burgers,8,32,17,response_only,2,2,False,0.0,2,False,False
burgers,8,32,18,response_only,2,2,False,0.0,2,False,False
burgers,8,32,19,response_only,2,2,False,0.0,2,False,False
burgers,8,32,20,response_only,2,2,False,0.0,2,False,False
burgers,8,32,21,response_only,2,2,False,0.0,2,False,False
burgers,8,32,22,response_only,2,2,False,0.0,2,False,False
burgers,8,32,23,response_only,2,2,False,0.0,2,False,False
burgers,8,32,24,response_only,2,2,False,0.0,2,False,False
burgers,8,32,25,response_only,2,2,False,0.0,2,False,False
burgers,8,32,26,response_only,2,2,False,0.0,2,False,False
burgers,8,32,27,response_only,2,2,False,0.0,2,False,False
burgers,8,32,28,response_only,2,2,False,0.0,2,False,False
burgers,8,32,29,response_only,2,2,False,0.0,2,False,False
burgers,8,32,0,combined,2,2,False,0.0,2,False,False
burgers,8,32,1,combined,2,2,False,0.0,2,False,False
burgers,8,32,2,combined,2,2,False,0.0,2,False,False
burgers,8,32,3,combined,2,2,False,0.0,2,False,False
burgers,8,32,4,combined,2,2,False,0.0,2,False,False
burgers,8,32,5,combined,2,2,False,0.0,2,False,False
burgers,8,32,6,combined,2,2,False,0.0,2,False,False
burgers,8,32,7,combined,2,2,False,0.0,2,False,False
burgers,8,32,8,combined,2,2,False,0.0,2,False,False
burgers,8,32,9,combined,2,2,False,0.0,2,False,False
burgers,8,32,10,combined,2,2,False,0.0,2,False,False
burgers,8,32,11,combined,2,2,False,0.0,2,False,False
burgers,8,32,12,combined,2,2,False,0.0,2,False,False
burgers,8,32,13,combined,2,2,False,0.0,2,False,False
burgers,8,32,14,combined,2,2,False,0.0,2,False,False
burgers,8,32,15,combined,2,2,False,0.0,2,False,False
burgers,8,32,16,combined,2,2,False,0.0,2,False,False
burgers,8,32,17,combined,2,2,False,0.0,2,False,False
burgers,8,32,18,combined,2,2,False,0.0,2,False,False
burgers,8,32,19,combined,2,2,False,0.0,2,False,False
burgers,8,32,20,combined,2,2,False,0.0,2,False,False
burgers,8,32,21,combined,2,2,False,0.0,2,False,False
burgers,8,32,22,combined,2,2,False,0.0,2,False,False
burgers,8,32,23,combined,2,2,False,0.0,2,False,False
burgers,8,32,24,combined,2,2,False,0.0,2,False,False
burgers,8,32,25,combined,2,2,False,0.0,2,False,False
burgers,8,32,26,combined,2,2,False,0.0,2,False,False
burgers,8,32,27,combined,2,2,False,0.0,2,False,False
burgers,8,32,28,combined,2,2,False,0.0,2,False,False
burgers,8,32,29,combined,2,2,False,0.0,2,False,False
burgers,8,64,0,inference_only,2,2,False,0.0,2,False,False
burgers,8,64,1,inference_only,2,2,False,0.0,2,False,False
burgers,8,64,2,inference_only,2,2,False,0.0,2,False,False
burgers,8,64,3,inference_only,2,2,False,0.0,2,False,False
burgers,8,64,4,inference_only,2,2,False,0.0,2,False,False
burgers,8,64,5,inference_only,2,2,False,0.0,2,False,False
burgers,8,64,6,inference_only,2,2,False,0.0,2,False,False
burgers,8,64,7,inference_only,2,2,False,0.0,2,False,False
burgers,8,64,8,inference_only,2,2,False,0.0,2,False,False
burgers,8,64,9,inference_only,2,2,False,0.0,2,False,False
burgers,8,64,10,inference_only,2,2,False,0.0,2,False,False
burgers,8,64,11,inference_only,2,2,False,0.0,2,False,False
burgers,8,64,12,inference_only,2,2,False,0.0,2,False,False
burgers,8,64,13,inference_only,2,2,False,0.0,2,False,False
burgers,8,64,14,inference_only,2,2,False,0.0,2,False,False
burgers,8,64,15,inference_only,2,2,False,0.0,2,False,False
burgers,8,64,16,inference_only,2,2,False,0.0,2,False,False
burgers,8,64,17,inference_only,2,2,False,0.0,2,False,False
burgers,8,64,18,inference_only,2,2,False,0.0,2,False,False
burgers,8,64,19,inference_only,2,2,False,0.0,2,False,False
burgers,8,64,20,inference_only,2,2,False,0.0,2,False,False
burgers,8,64,21,inference_only,2,2,False,0.0,2,False,False
burgers,8,64,22,inference_only,2,2,False,0.0,2,False,False
burgers,8,64,23,inference_only,2,2,False,0.0,2,False,False
burgers,8,64,24,inference_only,2,2,False,0.0,2,False,False
burgers,8,64,25,inference_only,2,2,False,0.0,2,False,False
burgers,8,64,26,inference_only,2,2,False,0.0,2,False,False
burgers,8,64,27,inference_only,2,2,False,0.0,2,False,False
burgers,8,64,28,inference_only,2,2,False,0.0,2,False,False
burgers,8,64,29,inference_only,2,2,False,0.0,2,False,False
burgers,8,64,0,response_only,2,2,False,0.0,2,False,False
burgers,8,64,1,response_only,2,2,False,0.0,2,False,False
burgers,8,64,2,response_only,2,2,False,0.0,2,False,False
burgers,8,64,3,response_only,2,2,False,0.0,2,False,False
burgers,8,64,4,response_only,2,2,False,0.0,2,False,False
burgers,8,64,5,response_only,2,2,False,0.0,2,False,False
burgers,8,64,6,response_only,2,2,False,0.0,2,False,False
burgers,8,64,7,response_only,2,2,False,0.0,2,False,False
burgers,8,64,8,response_only,2,2,False,0.0,2,False,False
burgers,8,64,9,response_only,2,2,False,0.0,2,False,False
burgers,8,64,10,response_only,2,2,False,0.0,2,False,False
burgers,8,64,11,response_only,2,2,False,0.0,2,False,False
burgers,8,64,12,response_only,2,2,False,0.0,2,False,False
burgers,8,64,13,response_only,2,2,False,0.0,2,False,False
burgers,8,64,14,response_only,2,2,False,0.0,2,False,False
burgers,8,64,15,response_only,2,2,False,0.0,2,False,False
burgers,8,64,16,response_only,2,2,False,0.0,2,False,False
burgers,8,64,17,response_only,2,2,False,0.0,2,False,False
burgers,8,64,18,response_only,2,2,False,0.0,2,False,False
burgers,8,64,19,response_only,2,2,False,0.0,2,False,False
burgers,8,64,20,response_only,2,2,False,0.0,2,False,False
burgers,8,64,21,response_only,2,2,False,0.0,2,False,False
burgers,8,64,22,response_only,2,2,False,0.0,2,False,False
burgers,8,64,23,response_only,2,2,False,0.0,2,False,False
burgers,8,64,24,response_only,2,2,False,0.0,2,False,False
burgers,8,64,25,response_only,2,2,False,0.0,2,False,False
burgers,8,64,26,response_only,2,2,False,0.0,2,False,False
burgers,8,64,27,response_only,2,2,False,0.0,2,False,False
burgers,8,64,28,response_only,2,2,False,0.0,2,False,False
burgers,8,64,29,response_only,2,2,False,0.0,2,False,False
burgers,8,64,0,combined,2,2,False,0.0,2,False,False
burgers,8,64,1,combined,2,2,False,0.0,2,False,False
burgers,8,64,2,combined,2,2,False,0.0,2,False,False
burgers,8,64,3,combined,2,2,False,0.0,2,False,False
burgers,8,64,4,combined,2,2,False,0.0,2,False,False
burgers,8,64,5,combined,2,2,False,0.0,2,False,False
burgers,8,64,6,combined,2,2,False,0.0,2,False,False
burgers,8,64,7,combined,2,2,False,0.0,2,False,False
burgers,8,64,8,combined,2,2,False,0.0,2,False,False
burgers,8,64,9,combined,2,2,False,0.0,2,False,False
burgers,8,64,10,combined,2,2,False,0.0,2,False,False
burgers,8,64,11,combined,2,2,False,0.0,2,False,False
burgers,8,64,12,combined,2,2,False,0.0,2,False,False
burgers,8,64,13,combined,2,2,False,0.0,2,False,False
burgers,8,64,14,combined,2,2,False,0.0,2,False,False
burgers,8,64,15,combined,2,2,False,0.0,2,False,False
burgers,8,64,16,combined,2,2,False,0.0,2,False,False
burgers,8,64,17,combined,2,2,False,0.0,2,False,False
burgers,8,64,18,combined,2,2,False,0.0,2,False,False
burgers,8,64,19,combined,2,2,False,0.0,2,False,False
burgers,8,64,20,combined,2,2,False,0.0,2,False,False
burgers,8,64,21,combined,2,2,False,0.0,2,False,False
burgers,8,64,22,combined,2,2,False,0.0,2,False,False
burgers,8,64,23,combined,2,2,False,0.0,2,False,False
burgers,8,64,24,combined,2,2,False,0.0,2,False,False
burgers,8,64,25,combined,2,2,False,0.0,2,False,False
burgers,8,64,26,combined,2,2,False,0.0,2,False,False
burgers,8,64,27,combined,2,2,False,0.0,2,False,False
burgers,8,64,28,combined,2,2,False,0.0,2,False,False
burgers,8,64,29,combined,2,2,False,0.0,2,False,False
burgers,9,2,0,inference_only,0,0,False,0.0,0,False,False
burgers,9,2,1,inference_only,0,0,False,0.0,0,False,False
burgers,9,2,2,inference_only,0,0,False,0.0,0,False,False
burgers,9,2,3,inference_only,0,0,False,0.0,0,False,False
burgers,9,2,4,inference_only,0,0,False,0.0,0,False,False
burgers,9,2,5,inference_only,0,0,False,0.0,0,False,False
burgers,9,2,6,inference_only,0,0,False,0.0,0,False,False
burgers,9,2,7,inference_only,0,0,False,0.0,0,False,False
burgers,9,2,8,inference_only,0,0,False,0.0,0,False,False
burgers,9,2,9,inference_only,0,0,False,0.0,0,False,False
burgers,9,2,10,inference_only,0,0,False,0.0,0,False,False
burgers,9,2,11,inference_only,0,0,False,0.0,0,False,False
burgers,9,2,12,inference_only,0,0,False,0.0,0,False,False
burgers,9,2,13,inference_only,0,0,False,0.0,0,False,False
burgers,9,2,14,inference_only,0,0,False,0.0,0,False,False
burgers,9,2,15,inference_only,0,0,False,0.0,0,False,False
burgers,9,2,16,inference_only,0,0,False,0.0,0,False,False
burgers,9,2,17,inference_only,0,0,False,0.0,0,False,False
burgers,9,2,18,inference_only,0,0,False,0.0,0,False,False
burgers,9,2,19,inference_only,0,0,False,0.0,0,False,False
burgers,9,2,20,inference_only,0,0,False,0.0,0,False,False
burgers,9,2,21,inference_only,0,0,False,0.0,0,False,False
burgers,9,2,22,inference_only,0,0,False,0.0,0,False,False
burgers,9,2,23,inference_only,0,0,False,0.0,0,False,False
burgers,9,2,24,inference_only,0,0,False,0.0,0,False,False
burgers,9,2,25,inference_only,0,0,False,0.0,0,False,False
burgers,9,2,26,inference_only,0,0,False,0.0,0,False,False
burgers,9,2,27,inference_only,0,0,False,0.0,0,False,False
burgers,9,2,28,inference_only,0,0,False,0.0,0,False,False
burgers,9,2,29,inference_only,0,0,False,0.0,0,False,False
burgers,9,2,0,response_only,0,0,False,0.0,0,False,False
burgers,9,2,1,response_only,0,0,False,0.0,0,False,False
burgers,9,2,2,response_only,0,0,False,0.0,0,False,False
burgers,9,2,3,response_only,0,0,False,0.0,0,False,False
burgers,9,2,4,response_only,0,0,False,0.0,0,False,False
burgers,9,2,5,response_only,0,0,False,0.0,0,False,False
burgers,9,2,6,response_only,0,0,False,0.0,0,False,False
burgers,9,2,7,response_only,0,0,False,0.0,0,False,False
burgers,9,2,8,response_only,0,0,False,0.0,0,False,False
burgers,9,2,9,response_only,0,0,False,0.0,0,False,False
burgers,9,2,10,response_only,0,0,False,0.0,0,False,False
burgers,9,2,11,response_only,0,0,False,0.0,0,False,False
burgers,9,2,12,response_only,0,0,False,0.0,0,False,False
burgers,9,2,13,response_only,0,0,False,0.0,0,False,False
burgers,9,2,14,response_only,0,0,False,0.0,0,False,False
burgers,9,2,15,response_only,0,0,False,0.0,0,False,False
burgers,9,2,16,response_only,0,0,False,0.0,0,False,False
burgers,9,2,17,response_only,0,0,False,0.0,0,False,False
burgers,9,2,18,response_only,0,0,False,0.0,0,False,False
burgers,9,2,19,response_only,0,0,False,0.0,0,False,False
burgers,9,2,20,response_only,0,0,False,0.0,0,False,False
burgers,9,2,21,response_only,0,0,False,0.0,0,False,False
burgers,9,2,22,response_only,0,0,False,0.0,0,False,False
burgers,9,2,23,response_only,0,0,False,0.0,0,False,False
burgers,9,2,24,response_only,0,0,False,0.0,0,False,False
burgers,9,2,25,response_only,0,0,False,0.0,0,False,False
burgers,9,2,26,response_only,0,0,False,0.0,0,False,False
burgers,9,2,27,response_only,0,0,False,0.0,0,False,False
burgers,9,2,28,response_only,0,0,False,0.0,0,False,False
burgers,9,2,29,response_only,0,0,False,0.0,0,False,False
burgers,9,2,0,combined,0,0,False,0.0,0,False,False
burgers,9,2,1,combined,0,0,False,0.0,0,False,False
burgers,9,2,2,combined,0,0,False,0.0,0,False,False
burgers,9,2,3,combined,0,0,False,0.0,0,False,False
burgers,9,2,4,combined,0,0,False,0.0,0,False,False
burgers,9,2,5,combined,0,0,False,0.0,0,False,False
burgers,9,2,6,combined,0,0,False,0.0,0,False,False
burgers,9,2,7,combined,0,0,False,0.0,0,False,False
burgers,9,2,8,combined,0,0,False,0.0,0,False,False
burgers,9,2,9,combined,0,0,False,0.0,0,False,False
burgers,9,2,10,combined,0,0,False,0.0,0,False,False
burgers,9,2,11,combined,0,0,False,0.0,0,False,False
burgers,9,2,12,combined,0,0,False,0.0,0,False,False
burgers,9,2,13,combined,0,0,False,0.0,0,False,False
burgers,9,2,14,combined,0,0,False,0.0,0,False,False
burgers,9,2,15,combined,0,0,False,0.0,0,False,False
burgers,9,2,16,combined,0,0,False,0.0,0,False,False
burgers,9,2,17,combined,0,0,False,0.0,0,False,False
burgers,9,2,18,combined,0,0,False,0.0,0,False,False
burgers,9,2,19,combined,0,0,False,0.0,0,False,False
burgers,9,2,20,combined,0,0,False,0.0,0,False,False
burgers,9,2,21,combined,0,0,False,0.0,0,False,False
burgers,9,2,22,combined,0,0,False,0.0,0,False,False
burgers,9,2,23,combined,0,0,False,0.0,0,False,False
burgers,9,2,24,combined,0,0,False,0.0,0,False,False
burgers,9,2,25,combined,0,0,False,0.0,0,False,False
burgers,9,2,26,combined,0,0,False,0.0,0,False,False
burgers,9,2,27,combined,0,0,False,0.0,0,False,False
burgers,9,2,28,combined,0,0,False,0.0,0,False,False
burgers,9,2,29,combined,0,0,False,0.0,0,False,False
burgers,9,4,0,inference_only,0,0,False,0.0,0,False,False
burgers,9,4,1,inference_only,0,0,False,0.0,0,False,False
burgers,9,4,2,inference_only,0,0,False,0.0,0,False,False
burgers,9,4,3,inference_only,0,0,False,0.0,0,False,False
burgers,9,4,4,inference_only,0,0,False,0.0,0,False,False
burgers,9,4,5,inference_only,0,0,False,0.0,0,False,False
burgers,9,4,6,inference_only,0,0,False,0.0,0,False,False
burgers,9,4,7,inference_only,0,0,False,0.0,0,False,False
burgers,9,4,8,inference_only,0,0,False,0.0,0,False,False
burgers,9,4,9,inference_only,0,0,False,0.0,0,False,False
burgers,9,4,10,inference_only,0,0,False,0.0,0,False,False
burgers,9,4,11,inference_only,0,0,False,0.0,0,False,False
burgers,9,4,12,inference_only,0,0,False,0.0,0,False,False
burgers,9,4,13,inference_only,0,0,False,0.0,0,False,False
burgers,9,4,14,inference_only,0,0,False,0.0,0,False,False
burgers,9,4,15,inference_only,0,0,False,0.0,0,False,False
burgers,9,4,16,inference_only,0,0,False,0.0,0,False,False
burgers,9,4,17,inference_only,0,0,False,0.0,0,False,False
burgers,9,4,18,inference_only,0,0,False,0.0,0,False,False
burgers,9,4,19,inference_only,0,0,False,0.0,0,False,False
burgers,9,4,20,inference_only,0,0,False,0.0,0,False,False
burgers,9,4,21,inference_only,0,0,False,0.0,0,False,False
burgers,9,4,22,inference_only,0,0,False,0.0,0,False,False
burgers,9,4,23,inference_only,0,0,False,0.0,0,False,False
burgers,9,4,24,inference_only,0,0,False,0.0,0,False,False
burgers,9,4,25,inference_only,0,0,False,0.0,0,False,False
burgers,9,4,26,inference_only,0,0,False,0.0,0,False,False
burgers,9,4,27,inference_only,0,0,False,0.0,0,False,False
burgers,9,4,28,inference_only,0,0,False,0.0,0,False,False
burgers,9,4,29,inference_only,0,0,False,0.0,0,False,False
burgers,9,4,0,response_only,0,0,False,0.0,0,False,False
burgers,9,4,1,response_only,0,1,False,0.07850642375705805,0,False,True
burgers,9,4,2,response_only,0,0,False,0.0,0,False,False
burgers,9,4,3,response_only,0,0,False,0.0,0,False,False
burgers,9,4,4,response_only,0,0,False,0.0,0,False,False
burgers,9,4,5,response_only,0,0,False,0.0,0,False,False
burgers,9,4,6,response_only,0,0,False,0.0,0,False,False
burgers,9,4,7,response_only,0,0,False,0.0,0,False,False
burgers,9,4,8,response_only,0,1,False,0.07819301364879325,0,False,True
burgers,9,4,9,response_only,0,0,False,0.0,0,False,False
burgers,9,4,10,response_only,0,1,False,0.07726621628261539,0,False,True
burgers,9,4,11,response_only,0,0,False,0.0,0,False,False
burgers,9,4,12,response_only,0,0,False,0.0,0,False,False
burgers,9,4,13,response_only,0,0,False,0.0,0,False,False
burgers,9,4,14,response_only,0,0,False,0.0,0,False,False
burgers,9,4,15,response_only,0,0,False,0.0,0,False,False
burgers,9,4,16,response_only,0,0,False,0.0,0,False,False
burgers,9,4,17,response_only,0,0,False,0.0,0,False,False
burgers,9,4,18,response_only,0,0,False,0.0,0,False,False
burgers,9,4,19,response_only,0,0,False,0.0,0,False,False
burgers,9,4,20,response_only,0,0,False,0.0,0,False,False
burgers,9,4,21,response_only,0,0,False,0.0,0,False,False
burgers,9,4,22,response_only,0,0,False,0.0,0,False,False
burgers,9,4,23,response_only,0,0,False,0.0,0,False,False
burgers,9,4,24,response_only,0,0,False,0.0,0,False,False
burgers,9,4,25,response_only,0,0,False,0.0,0,False,False
burgers,9,4,26,response_only,0,0,False,0.0,0,False,False
burgers,9,4,27,response_only,0,0,False,0.0,0,False,False
burgers,9,4,28,response_only,0,0,False,0.0,0,False,False
burgers,9,4,29,response_only,0,1,False,0.07858147881715907,0,False,True
burgers,9,4,0,combined,0,0,False,0.0,0,False,False
burgers,9,4,1,combined,0,0,False,0.0,0,False,False
burgers,9,4,2,combined,0,0,False,0.0,0,False,False
burgers,9,4,3,combined,0,0,False,0.0,0,False,False
burgers,9,4,4,combined,0,0,False,0.0,0,False,False
burgers,9,4,5,combined,0,0,False,0.0,0,False,False
burgers,9,4,6,combined,0,0,False,0.0,0,False,False
burgers,9,4,7,combined,0,0,False,0.0,0,False,False
burgers,9,4,8,combined,0,1,False,0.07819301364879325,0,False,True
burgers,9,4,9,combined,0,0,False,0.0,0,False,False
burgers,9,4,10,combined,0,0,False,0.0,0,False,False
burgers,9,4,11,combined,0,0,False,0.0,0,False,False
burgers,9,4,12,combined,0,0,False,0.0,0,False,False
burgers,9,4,13,combined,0,0,False,0.0,0,False,False
burgers,9,4,14,combined,0,0,False,0.0,0,False,False
burgers,9,4,15,combined,0,0,False,0.0,0,False,False
burgers,9,4,16,combined,0,0,False,0.0,0,False,False
burgers,9,4,17,combined,0,0,False,0.0,0,False,False
burgers,9,4,18,combined,0,0,False,0.0,0,False,False
burgers,9,4,19,combined,0,0,False,0.0,0,False,False
burgers,9,4,20,combined,0,0,False,0.0,0,False,False
burgers,9,4,21,combined,0,0,False,0.0,0,False,False
burgers,9,4,22,combined,0,0,False,0.0,0,False,False
burgers,9,4,23,combined,0,0,False,0.0,0,False,False
burgers,9,4,24,combined,0,0,False,0.0,0,False,False
burgers,9,4,25,combined,0,0,False,0.0,0,False,False
burgers,9,4,26,combined,0,0,False,0.0,0,False,False
burgers,9,4,27,combined,0,0,False,0.0,0,False,False
burgers,9,4,28,combined,0,0,False,0.0,0,False,False
burgers,9,4,29,combined,0,0,False,0.0,0,False,False
burgers,9,8,0,inference_only,0,0,False,0.0,0,False,False
burgers,9,8,1,inference_only,0,0,False,0.0,0,False,False
burgers,9,8,2,inference_only,0,0,False,0.0,0,False,False
burgers,9,8,3,inference_only,0,0,False,0.0,0,False,False
burgers,9,8,4,inference_only,0,0,False,0.0,0,False,False
burgers,9,8,5,inference_only,0,0,False,0.0,0,False,False
burgers,9,8,6,inference_only,0,0,False,0.0,0,False,False
burgers,9,8,7,inference_only,0,0,False,0.0,0,False,False
burgers,9,8,8,inference_only,0,0,False,0.0,0,False,False
burgers,9,8,9,inference_only,0,0,False,0.0,0,False,False
burgers,9,8,10,inference_only,0,0,False,0.0,0,False,False
burgers,9,8,11,inference_only,0,0,False,0.0,0,False,False
burgers,9,8,12,inference_only,0,0,False,0.0,0,False,False
burgers,9,8,13,inference_only,0,0,False,0.0,0,False,False
burgers,9,8,14,inference_only,0,0,False,0.0,0,False,False
burgers,9,8,15,inference_only,0,0,False,0.0,0,False,False
burgers,9,8,16,inference_only,0,0,False,0.0,0,False,False
burgers,9,8,17,inference_only,0,0,False,0.0,0,False,False
burgers,9,8,18,inference_only,0,0,False,0.0,0,False,False
burgers,9,8,19,inference_only,0,0,False,0.0,0,False,False
burgers,9,8,20,inference_only,0,0,False,0.0,0,False,False
burgers,9,8,21,inference_only,0,0,False,0.0,0,False,False
burgers,9,8,22,inference_only,0,0,False,0.0,0,False,False
burgers,9,8,23,inference_only,0,0,False,0.0,0,False,False
burgers,9,8,24,inference_only,0,0,False,0.0,0,False,False
burgers,9,8,25,inference_only,0,0,False,0.0,0,False,False
burgers,9,8,26,inference_only,0,0,False,0.0,0,False,False
burgers,9,8,27,inference_only,0,0,False,0.0,0,False,False
burgers,9,8,28,inference_only,0,0,False,0.0,0,False,False
burgers,9,8,29,inference_only,0,0,False,0.0,0,False,False
burgers,9,8,0,response_only,0,1,False,0.07993982374787577,0,False,True
burgers,9,8,1,response_only,0,1,False,0.07850642375705805,0,False,True
burgers,9,8,2,response_only,0,1,False,0.07979735050223868,0,False,True
burgers,9,8,3,response_only,0,0,False,0.0,0,False,False
burgers,9,8,4,response_only,0,1,False,0.07993618126086442,0,False,True
burgers,9,8,5,response_only,0,1,False,0.0798464128410479,0,False,True
burgers,9,8,6,response_only,0,1,False,0.07903756399200061,0,False,True
burgers,9,8,7,response_only,0,1,False,0.07955418475141221,0,False,True
burgers,9,8,8,response_only,0,1,False,0.07819301364879325,0,False,True
burgers,9,8,9,response_only,0,1,False,0.07992398344958579,0,False,True
burgers,9,8,10,response_only,0,1,False,0.07726621628261539,0,False,True
burgers,9,8,11,response_only,0,1,False,0.07996135125290704,0,False,True
burgers,9,8,12,response_only,0,1,False,0.07968365575429101,0,False,True
burgers,9,8,13,response_only,0,1,False,0.07993275251355059,0,False,True
burgers,9,8,14,response_only,0,1,False,0.07966087632100051,0,False,True
burgers,9,8,15,response_only,0,1,False,0.07984434044293637,0,False,True
burgers,9,8,16,response_only,0,1,False,0.07918225900908289,0,False,True
burgers,9,8,17,response_only,0,1,False,0.07894327138958471,0,False,True
burgers,9,8,18,response_only,0,1,False,0.07957989788334323,0,False,True
burgers,9,8,19,response_only,0,1,False,0.07995631969509946,0,False,True
burgers,9,8,20,response_only,0,1,False,0.07990971421367526,0,False,True
burgers,9,8,21,response_only,0,1,False,0.07951233360446776,0,False,True
burgers,9,8,22,response_only,0,1,False,0.07982822094139981,0,False,True
burgers,9,8,23,response_only,0,1,False,0.07997808347301325,0,False,True
burgers,9,8,24,response_only,0,1,False,0.07954079740123672,0,False,True
burgers,9,8,25,response_only,0,1,False,0.07994957602861645,0,False,True
burgers,9,8,26,response_only,0,1,False,0.07906637309340044,0,False,True
burgers,9,8,27,response_only,0,1,False,0.07981392876402801,0,False,True
burgers,9,8,28,response_only,0,1,False,0.07932767659659558,0,False,True
burgers,9,8,29,response_only,0,1,False,0.07858147881715907,0,False,True
burgers,9,8,0,combined,0,1,False,0.07993982374787577,0,False,True
burgers,9,8,1,combined,0,1,False,0.07850642375705805,0,False,True
burgers,9,8,2,combined,0,1,False,0.07979735050223868,0,False,True
burgers,9,8,3,combined,0,1,False,0.07999607333980618,0,False,True
burgers,9,8,4,combined,0,1,False,0.07993618126086442,0,False,True
burgers,9,8,5,combined,0,1,False,0.0798464128410479,0,False,True
burgers,9,8,6,combined,0,1,False,0.07903756399200061,0,False,True
burgers,9,8,7,combined,0,1,False,0.07955418475141221,0,False,True
burgers,9,8,8,combined,0,1,False,0.07819301364879325,0,False,True
burgers,9,8,9,combined,0,0,False,0.0,0,False,False
burgers,9,8,10,combined,0,1,False,0.07726621628261539,0,False,True
burgers,9,8,11,combined,0,0,False,0.0,0,False,False
burgers,9,8,12,combined,0,1,False,0.07968365575429101,0,False,True
burgers,9,8,13,combined,0,0,False,0.0,0,False,False
burgers,9,8,14,combined,0,1,False,0.07966087632100051,0,False,True
burgers,9,8,15,combined,0,1,False,0.07984434044293637,0,False,True
burgers,9,8,16,combined,0,1,False,0.07918225900908289,0,False,True
burgers,9,8,17,combined,0,1,False,0.07894327138958471,0,False,True
burgers,9,8,18,combined,0,1,False,0.07957989788334323,0,False,True
burgers,9,8,19,combined,0,0,False,0.0,0,False,False
burgers,9,8,20,combined,0,1,False,0.07990971421367526,0,False,True
burgers,9,8,21,combined,0,1,False,0.07951233360446776,0,False,True
burgers,9,8,22,combined,0,1,False,0.07982822094139981,0,False,True
burgers,9,8,23,combined,0,1,False,0.07997808347301325,0,False,True
burgers,9,8,24,combined,0,1,False,0.07954079740123672,0,False,True
burgers,9,8,25,combined,0,1,False,0.07994957602861645,0,False,True
burgers,9,8,26,combined,0,1,False,0.07906637309340044,0,False,True
burgers,9,8,27,combined,0,1,False,0.07981392876402801,0,False,True
burgers,9,8,28,combined,0,1,False,0.07932767659659558,0,False,True
burgers,9,8,29,combined,0,1,False,0.07858147881715907,0,False,True
burgers,9,16,0,inference_only,0,0,False,0.0,0,False,False
burgers,9,16,1,inference_only,0,0,False,0.0,0,False,False
burgers,9,16,2,inference_only,0,0,False,0.0,0,False,False
burgers,9,16,3,inference_only,0,0,False,0.0,0,False,False
burgers,9,16,4,inference_only,0,0,False,0.0,0,False,False
burgers,9,16,5,inference_only,0,0,False,0.0,0,False,False
burgers,9,16,6,inference_only,0,0,False,0.0,0,False,False
burgers,9,16,7,inference_only,0,0,False,0.0,0,False,False
burgers,9,16,8,inference_only,0,0,False,0.0,0,False,False
burgers,9,16,9,inference_only,0,0,False,0.0,0,False,False
burgers,9,16,10,inference_only,0,0,False,0.0,0,False,False
burgers,9,16,11,inference_only,0,0,False,0.0,0,False,False
burgers,9,16,12,inference_only,0,0,False,0.0,0,False,False
burgers,9,16,13,inference_only,0,0,False,0.0,0,False,False
burgers,9,16,14,inference_only,0,0,False,0.0,0,False,False
burgers,9,16,15,inference_only,0,0,False,0.0,0,False,False
burgers,9,16,16,inference_only,0,0,False,0.0,0,False,False
burgers,9,16,17,inference_only,0,0,False,0.0,0,False,False
burgers,9,16,18,inference_only,0,0,False,0.0,0,False,False
burgers,9,16,19,inference_only,0,0,False,0.0,0,False,False
burgers,9,16,20,inference_only,0,0,False,0.0,0,False,False
burgers,9,16,21,inference_only,0,0,False,0.0,0,False,False
burgers,9,16,22,inference_only,0,0,False,0.0,0,False,False
burgers,9,16,23,inference_only,0,0,False,0.0,0,False,False
burgers,9,16,24,inference_only,0,0,False,0.0,0,False,False
burgers,9,16,25,inference_only,0,0,False,0.0,0,False,False
burgers,9,16,26,inference_only,0,0,False,0.0,0,False,False
burgers,9,16,27,inference_only,0,0,False,0.0,0,False,False
burgers,9,16,28,inference_only,0,0,False,0.0,0,False,False
burgers,9,16,29,inference_only,0,0,False,0.0,0,False,False
burgers,9,16,0,response_only,0,0,False,0.0,0,False,False
burgers,9,16,1,response_only,0,0,False,0.0,0,False,False
burgers,9,16,2,response_only,0,0,False,0.0,0,False,False
burgers,9,16,3,response_only,0,0,False,0.0,0,False,False
burgers,9,16,4,response_only,0,0,False,0.0,0,False,False
burgers,9,16,5,response_only,0,0,False,0.0,0,False,False
burgers,9,16,6,response_only,0,0,False,0.0,0,False,False
burgers,9,16,7,response_only,0,0,False,0.0,0,False,False
burgers,9,16,8,response_only,0,0,False,0.0,0,False,False
burgers,9,16,9,response_only,0,0,False,0.0,0,False,False
burgers,9,16,10,response_only,0,0,False,0.0,0,False,False
burgers,9,16,11,response_only,0,0,False,0.0,0,False,False
burgers,9,16,12,response_only,0,0,False,0.0,0,False,False
burgers,9,16,13,response_only,0,0,False,0.0,0,False,False
burgers,9,16,14,response_only,0,0,False,0.0,0,False,False
burgers,9,16,15,response_only,0,0,False,0.0,0,False,False
burgers,9,16,16,response_only,0,0,False,0.0,0,False,False
burgers,9,16,17,response_only,0,0,False,0.0,0,False,False
burgers,9,16,18,response_only,0,0,False,0.0,0,False,False
burgers,9,16,19,response_only,0,0,False,0.0,0,False,False
burgers,9,16,20,response_only,0,0,False,0.0,0,False,False
burgers,9,16,21,response_only,0,0,False,0.0,0,False,False
burgers,9,16,22,response_only,0,0,False,0.0,0,False,False
burgers,9,16,23,response_only,0,0,False,0.0,0,False,False
burgers,9,16,24,response_only,0,0,False,0.0,0,False,False
burgers,9,16,25,response_only,0,0,False,0.0,0,False,False
burgers,9,16,26,response_only,0,0,False,0.0,0,False,False
burgers,9,16,27,response_only,0,0,False,0.0,0,False,False
burgers,9,16,28,response_only,0,0,False,0.0,0,False,False
burgers,9,16,29,response_only,0,0,False,0.0,0,False,False
burgers,9,16,0,combined,0,0,False,0.0,0,False,False
burgers,9,16,1,combined,0,0,False,0.0,0,False,False
burgers,9,16,2,combined,0,0,False,0.0,0,False,False
burgers,9,16,3,combined,0,0,False,0.0,0,False,False
burgers,9,16,4,combined,0,0,False,0.0,0,False,False
burgers,9,16,5,combined,0,0,False,0.0,0,False,False
burgers,9,16,6,combined,0,0,False,0.0,0,False,False
burgers,9,16,7,combined,0,0,False,0.0,0,False,False
burgers,9,16,8,combined,0,0,False,0.0,0,False,False
burgers,9,16,9,combined,0,0,False,0.0,0,False,False
burgers,9,16,10,combined,0,0,False,0.0,0,False,False
burgers,9,16,11,combined,0,0,False,0.0,0,False,False
burgers,9,16,12,combined,0,0,False,0.0,0,False,False
burgers,9,16,13,combined,0,0,False,0.0,0,False,False
burgers,9,16,14,combined,0,0,False,0.0,0,False,False
burgers,9,16,15,combined,0,0,False,0.0,0,False,False
burgers,9,16,16,combined,0,0,False,0.0,0,False,False
burgers,9,16,17,combined,0,0,False,0.0,0,False,False
burgers,9,16,18,combined,0,0,False,0.0,0,False,False
burgers,9,16,19,combined,0,0,False,0.0,0,False,False
burgers,9,16,20,combined,0,0,False,0.0,0,False,False
burgers,9,16,21,combined,0,0,False,0.0,0,False,False
burgers,9,16,22,combined,0,0,False,0.0,0,False,False
burgers,9,16,23,combined,0,0,False,0.0,0,False,False
burgers,9,16,24,combined,0,0,False,0.0,0,False,False
burgers,9,16,25,combined,0,0,False,0.0,0,False,False
burgers,9,16,26,combined,0,0,False,0.0,0,False,False
burgers,9,16,27,combined,0,0,False,0.0,0,False,False
burgers,9,16,28,combined,0,0,False,0.0,0,False,False
burgers,9,16,29,combined,0,0,False,0.0,0,False,False
burgers,9,32,0,inference_only,0,0,False,0.0,0,False,False
burgers,9,32,1,inference_only,0,0,False,0.0,0,False,False
burgers,9,32,2,inference_only,0,0,False,0.0,0,False,False
burgers,9,32,3,inference_only,0,0,False,0.0,0,False,False
burgers,9,32,4,inference_only,0,0,False,0.0,0,False,False
burgers,9,32,5,inference_only,0,0,False,0.0,0,False,False
burgers,9,32,6,inference_only,0,0,False,0.0,0,False,False
burgers,9,32,7,inference_only,0,0,False,0.0,0,False,False
burgers,9,32,8,inference_only,0,0,False,0.0,0,False,False
burgers,9,32,9,inference_only,0,0,False,0.0,0,False,False
burgers,9,32,10,inference_only,0,0,False,0.0,0,False,False
burgers,9,32,11,inference_only,0,0,False,0.0,0,False,False
burgers,9,32,12,inference_only,0,0,False,0.0,0,False,False
burgers,9,32,13,inference_only,0,0,False,0.0,0,False,False
burgers,9,32,14,inference_only,0,0,False,0.0,0,False,False
burgers,9,32,15,inference_only,0,0,False,0.0,0,False,False
burgers,9,32,16,inference_only,0,0,False,0.0,0,False,False
burgers,9,32,17,inference_only,0,0,False,0.0,0,False,False
burgers,9,32,18,inference_only,0,0,False,0.0,0,False,False
burgers,9,32,19,inference_only,0,0,False,0.0,0,False,False
burgers,9,32,20,inference_only,0,0,False,0.0,0,False,False
burgers,9,32,21,inference_only,0,0,False,0.0,0,False,False
burgers,9,32,22,inference_only,0,0,False,0.0,0,False,False
burgers,9,32,23,inference_only,0,0,False,0.0,0,False,False
burgers,9,32,24,inference_only,0,0,False,0.0,0,False,False
burgers,9,32,25,inference_only,0,0,False,0.0,0,False,False
burgers,9,32,26,inference_only,0,0,False,0.0,0,False,False
burgers,9,32,27,inference_only,0,0,False,0.0,0,False,False
burgers,9,32,28,inference_only,0,0,False,0.0,0,False,False
burgers,9,32,29,inference_only,0,0,False,0.0,0,False,False
burgers,9,32,0,response_only,0,0,False,0.0,0,False,False
burgers,9,32,1,response_only,0,0,False,0.0,0,False,False
burgers,9,32,2,response_only,0,0,False,0.0,0,False,False
burgers,9,32,3,response_only,0,0,False,0.0,0,False,False
burgers,9,32,4,response_only,0,0,False,0.0,0,False,False
burgers,9,32,5,response_only,0,0,False,0.0,0,False,False
burgers,9,32,6,response_only,0,0,False,0.0,0,False,False
burgers,9,32,7,response_only,0,0,False,0.0,0,False,False
burgers,9,32,8,response_only,0,0,False,0.0,0,False,False
burgers,9,32,9,response_only,0,0,False,0.0,0,False,False
burgers,9,32,10,response_only,0,0,False,0.0,0,False,False
burgers,9,32,11,response_only,0,0,False,0.0,0,False,False
burgers,9,32,12,response_only,0,0,False,0.0,0,False,False
burgers,9,32,13,response_only,0,0,False,0.0,0,False,False
burgers,9,32,14,response_only,0,0,False,0.0,0,False,False
burgers,9,32,15,response_only,0,0,False,0.0,0,False,False
burgers,9,32,16,response_only,0,0,False,0.0,0,False,False
burgers,9,32,17,response_only,0,0,False,0.0,0,False,False
burgers,9,32,18,response_only,0,0,False,0.0,0,False,False
burgers,9,32,19,response_only,0,0,False,0.0,0,False,False
burgers,9,32,20,response_only,0,0,False,0.0,0,False,False
burgers,9,32,21,response_only,0,0,False,0.0,0,False,False
burgers,9,32,22,response_only,0,0,False,0.0,0,False,False
burgers,9,32,23,response_only,0,0,False,0.0,0,False,False
burgers,9,32,24,response_only,0,0,False,0.0,0,False,False
burgers,9,32,25,response_only,0,0,False,0.0,0,False,False
burgers,9,32,26,response_only,0,0,False,0.0,0,False,False
burgers,9,32,27,response_only,0,0,False,0.0,0,False,False
burgers,9,32,28,response_only,0,0,False,0.0,0,False,False
burgers,9,32,29,response_only,0,0,False,0.0,0,False,False
burgers,9,32,0,combined,0,0,False,0.0,0,False,False
burgers,9,32,1,combined,0,0,False,0.0,0,False,False
burgers,9,32,2,combined,0,0,False,0.0,0,False,False
burgers,9,32,3,combined,0,0,False,0.0,0,False,False
burgers,9,32,4,combined,0,0,False,0.0,0,False,False
burgers,9,32,5,combined,0,0,False,0.0,0,False,False
burgers,9,32,6,combined,0,0,False,0.0,0,False,False
burgers,9,32,7,combined,0,0,False,0.0,0,False,False
burgers,9,32,8,combined,0,0,False,0.0,0,False,False
burgers,9,32,9,combined,0,0,False,0.0,0,False,False
burgers,9,32,10,combined,0,0,False,0.0,0,False,False
burgers,9,32,11,combined,0,0,False,0.0,0,False,False
burgers,9,32,12,combined,0,0,False,0.0,0,False,False
burgers,9,32,13,combined,0,0,False,0.0,0,False,False
burgers,9,32,14,combined,0,0,False,0.0,0,False,False
burgers,9,32,15,combined,0,0,False,0.0,0,False,False
burgers,9,32,16,combined,0,0,False,0.0,0,False,False
burgers,9,32,17,combined,0,0,False,0.0,0,False,False
burgers,9,32,18,combined,0,0,False,0.0,0,False,False
burgers,9,32,19,combined,0,0,False,0.0,0,False,False
burgers,9,32,20,combined,0,0,False,0.0,0,False,False
burgers,9,32,21,combined,0,0,False,0.0,0,False,False
burgers,9,32,22,combined,0,0,False,0.0,0,False,False
burgers,9,32,23,combined,0,0,False,0.0,0,False,False
burgers,9,32,24,combined,0,0,False,0.0,0,False,False
burgers,9,32,25,combined,0,0,False,0.0,0,False,False
burgers,9,32,26,combined,0,0,False,0.0,0,False,False
burgers,9,32,27,combined,0,0,False,0.0,0,False,False
burgers,9,32,28,combined,0,0,False,0.0,0,False,False
burgers,9,32,29,combined,0,0,False,0.0,0,False,False
burgers,9,64,0,inference_only,0,0,False,0.0,0,False,False
burgers,9,64,1,inference_only,0,0,False,0.0,0,False,False
burgers,9,64,2,inference_only,0,0,False,0.0,0,False,False
burgers,9,64,3,inference_only,0,0,False,0.0,0,False,False
burgers,9,64,4,inference_only,0,0,False,0.0,0,False,False
burgers,9,64,5,inference_only,0,0,False,0.0,0,False,False
burgers,9,64,6,inference_only,0,0,False,0.0,0,False,False
burgers,9,64,7,inference_only,0,0,False,0.0,0,False,False
burgers,9,64,8,inference_only,0,0,False,0.0,0,False,False
burgers,9,64,9,inference_only,0,0,False,0.0,0,False,False
burgers,9,64,10,inference_only,0,0,False,0.0,0,False,False
burgers,9,64,11,inference_only,0,0,False,0.0,0,False,False
burgers,9,64,12,inference_only,0,0,False,0.0,0,False,False
burgers,9,64,13,inference_only,0,0,False,0.0,0,False,False
burgers,9,64,14,inference_only,0,0,False,0.0,0,False,False
burgers,9,64,15,inference_only,0,0,False,0.0,0,False,False
burgers,9,64,16,inference_only,0,0,False,0.0,0,False,False
burgers,9,64,17,inference_only,0,0,False,0.0,0,False,False
burgers,9,64,18,inference_only,0,0,False,0.0,0,False,False
burgers,9,64,19,inference_only,0,0,False,0.0,0,False,False
burgers,9,64,20,inference_only,0,0,False,0.0,0,False,False
burgers,9,64,21,inference_only,0,0,False,0.0,0,False,False
burgers,9,64,22,inference_only,0,0,False,0.0,0,False,False
burgers,9,64,23,inference_only,0,0,False,0.0,0,False,False
burgers,9,64,24,inference_only,0,0,False,0.0,0,False,False
burgers,9,64,25,inference_only,0,0,False,0.0,0,False,False
burgers,9,64,26,inference_only,0,0,False,0.0,0,False,False
burgers,9,64,27,inference_only,0,0,False,0.0,0,False,False
burgers,9,64,28,inference_only,0,0,False,0.0,0,False,False
burgers,9,64,29,inference_only,0,0,False,0.0,0,False,False
burgers,9,64,0,response_only,0,0,False,0.0,0,False,False
burgers,9,64,1,response_only,0,0,False,0.0,0,False,False
burgers,9,64,2,response_only,0,0,False,0.0,0,False,False
burgers,9,64,3,response_only,0,0,False,0.0,0,False,False
burgers,9,64,4,response_only,0,0,False,0.0,0,False,False
burgers,9,64,5,response_only,0,0,False,0.0,0,False,False
burgers,9,64,6,response_only,0,0,False,0.0,0,False,False
burgers,9,64,7,response_only,0,0,False,0.0,0,False,False
burgers,9,64,8,response_only,0,0,False,0.0,0,False,False
burgers,9,64,9,response_only,0,0,False,0.0,0,False,False
burgers,9,64,10,response_only,0,0,False,0.0,0,False,False
burgers,9,64,11,response_only,0,0,False,0.0,0,False,False
burgers,9,64,12,response_only,0,0,False,0.0,0,False,False
burgers,9,64,13,response_only,0,0,False,0.0,0,False,False
burgers,9,64,14,response_only,0,0,False,0.0,0,False,False
burgers,9,64,15,response_only,0,0,False,0.0,0,False,False
burgers,9,64,16,response_only,0,0,False,0.0,0,False,False
burgers,9,64,17,response_only,0,0,False,0.0,0,False,False
burgers,9,64,18,response_only,0,0,False,0.0,0,False,False
burgers,9,64,19,response_only,0,0,False,0.0,0,False,False
burgers,9,64,20,response_only,0,0,False,0.0,0,False,False
burgers,9,64,21,response_only,0,0,False,0.0,0,False,False
burgers,9,64,22,response_only,0,0,False,0.0,0,False,False
burgers,9,64,23,response_only,0,0,False,0.0,0,False,False
burgers,9,64,24,response_only,0,0,False,0.0,0,False,False
burgers,9,64,25,response_only,0,0,False,0.0,0,False,False
burgers,9,64,26,response_only,0,0,False,0.0,0,False,False
burgers,9,64,27,response_only,0,0,False,0.0,0,False,False
burgers,9,64,28,response_only,0,0,False,0.0,0,False,False
burgers,9,64,29,response_only,0,0,False,0.0,0,False,False
burgers,9,64,0,combined,0,0,False,0.0,0,False,False
burgers,9,64,1,combined,0,0,False,0.0,0,False,False
burgers,9,64,2,combined,0,0,False,0.0,0,False,False
burgers,9,64,3,combined,0,0,False,0.0,0,False,False
burgers,9,64,4,combined,0,0,False,0.0,0,False,False
burgers,9,64,5,combined,0,0,False,0.0,0,False,False
burgers,9,64,6,combined,0,0,False,0.0,0,False,False
burgers,9,64,7,combined,0,0,False,0.0,0,False,False
burgers,9,64,8,combined,0,0,False,0.0,0,False,False
burgers,9,64,9,combined,0,0,False,0.0,0,False,False
burgers,9,64,10,combined,0,0,False,0.0,0,False,False
burgers,9,64,11,combined,0,0,False,0.0,0,False,False
burgers,9,64,12,combined,0,0,False,0.0,0,False,False
burgers,9,64,13,combined,0,0,False,0.0,0,False,False
burgers,9,64,14,combined,0,0,False,0.0,0,False,False
burgers,9,64,15,combined,0,0,False,0.0,0,False,False
burgers,9,64,16,combined,0,0,False,0.0,0,False,False
burgers,9,64,17,combined,0,0,False,0.0,0,False,False
burgers,9,64,18,combined,0,0,False,0.0,0,False,False
burgers,9,64,19,combined,0,0,False,0.0,0,False,False
burgers,9,64,20,combined,0,0,False,0.0,0,False,False
burgers,9,64,21,combined,0,0,False,0.0,0,False,False
burgers,9,64,22,combined,0,0,False,0.0,0,False,False
burgers,9,64,23,combined,0,0,False,0.0,0,False,False
burgers,9,64,24,combined,0,0,False,0.0,0,False,False
burgers,9,64,25,combined,0,0,False,0.0,0,False,False
burgers,9,64,26,combined,0,0,False,0.0,0,False,False
burgers,9,64,27,combined,0,0,False,0.0,0,False,False
burgers,9,64,28,combined,0,0,False,0.0,0,False,False
burgers,9,64,29,combined,0,0,False,0.0,0,False,False
damped_wave,0,2,0,inference_only,1,1,False,0.0,0,True,True
damped_wave,0,2,1,inference_only,0,0,False,0.0,0,False,False
damped_wave,0,2,2,inference_only,0,0,False,0.0,0,False,False
damped_wave,0,2,3,inference_only,0,0,False,0.0,0,False,False
damped_wave,0,2,4,inference_only,0,1,False,0.005096216657610489,0,False,True
damped_wave,0,2,5,inference_only,0,0,False,0.0,0,False,False
damped_wave,0,2,6,inference_only,1,1,False,0.0,0,True,True
damped_wave,0,2,7,inference_only,1,0,True,0.00272215254116729,0,True,False
damped_wave,0,2,8,inference_only,1,1,False,0.0,0,True,True
damped_wave,0,2,9,inference_only,1,0,True,0.0018237671595366378,0,True,False
damped_wave,0,2,10,inference_only,0,0,False,0.0,0,False,False
damped_wave,0,2,11,inference_only,0,0,False,0.0,0,False,False
damped_wave,0,2,12,inference_only,0,0,False,0.0,0,False,False
damped_wave,0,2,13,inference_only,0,0,False,0.0,0,False,False
damped_wave,0,2,14,inference_only,0,0,False,0.0,0,False,False
damped_wave,0,2,15,inference_only,1,1,False,0.0,0,True,True
damped_wave,0,2,16,inference_only,0,0,False,0.0,0,False,False
damped_wave,0,2,17,inference_only,0,0,False,0.0,0,False,False
damped_wave,0,2,18,inference_only,0,1,False,0.000305870326394897,0,False,True
damped_wave,0,2,19,inference_only,0,0,False,0.0,0,False,False
damped_wave,0,2,20,inference_only,0,0,False,0.0,0,False,False
damped_wave,0,2,21,inference_only,0,0,False,0.0,0,False,False
damped_wave,0,2,22,inference_only,0,0,False,0.0,0,False,False
damped_wave,0,2,23,inference_only,1,0,True,0.0027523891408822634,0,True,False
damped_wave,0,2,24,inference_only,1,1,False,0.0,0,True,True
damped_wave,0,2,25,inference_only,0,0,False,0.0,0,False,False
damped_wave,0,2,26,inference_only,0,0,False,0.0,0,False,False
damped_wave,0,2,27,inference_only,0,0,False,0.0,0,False,False
damped_wave,0,2,28,inference_only,1,0,True,0.004803321323202396,0,True,False
damped_wave,0,2,29,inference_only,0,0,False,0.0,0,False,False
damped_wave,0,2,0,response_only,1,0,True,0.0005376590370100662,0,True,False
damped_wave,0,2,1,response_only,0,0,False,0.0,0,False,False
damped_wave,0,2,2,response_only,0,0,False,0.0,0,False,False
damped_wave,0,2,3,response_only,0,0,False,0.0,0,False,False
damped_wave,0,2,4,response_only,0,0,False,0.0,0,False,False
damped_wave,0,2,5,response_only,0,0,False,0.0,0,False,False
damped_wave,0,2,6,response_only,1,0,True,0.003554140929672555,0,True,False
damped_wave,0,2,7,response_only,1,0,True,0.00272215254116729,0,True,False
damped_wave,0,2,8,response_only,1,0,True,0.004153723203474659,0,True,False
damped_wave,0,2,9,response_only,1,0,True,0.0018237671595366378,0,True,False
damped_wave,0,2,10,response_only,0,0,False,0.0,0,False,False
damped_wave,0,2,11,response_only,0,0,False,0.0,0,False,False
damped_wave,0,2,12,response_only,0,0,False,0.0,0,False,False
damped_wave,0,2,13,response_only,0,0,False,0.0,0,False,False
damped_wave,0,2,14,response_only,0,0,False,0.0,0,False,False
damped_wave,0,2,15,response_only,1,0,True,0.0017260617365204255,0,True,False
damped_wave,0,2,16,response_only,0,0,False,0.0,0,False,False
damped_wave,0,2,17,response_only,0,0,False,0.0,0,False,False
damped_wave,0,2,18,response_only,0,0,False,0.0,0,False,False
damped_wave,0,2,19,response_only,0,0,False,0.0,0,False,False
damped_wave,0,2,20,response_only,0,0,False,0.0,0,False,False
damped_wave,0,2,21,response_only,0,0,False,0.0,0,False,False
damped_wave,0,2,22,response_only,0,0,False,0.0,0,False,False
damped_wave,0,2,23,response_only,1,0,True,0.0027523891408822634,0,True,False
damped_wave,0,2,24,response_only,1,0,True,0.0037026298845339225,0,True,False
damped_wave,0,2,25,response_only,0,0,False,0.0,0,False,False
damped_wave,0,2,26,response_only,0,0,False,0.0,0,False,False
damped_wave,0,2,27,response_only,0,0,False,0.0,0,False,False
damped_wave,0,2,28,response_only,1,0,True,0.004803321323202396,0,True,False
damped_wave,0,2,29,response_only,0,0,False,0.0,0,False,False
damped_wave,0,2,0,combined,1,0,True,0.0005376590370100662,0,True,False
damped_wave,0,2,1,combined,0,0,False,0.0,0,False,False
damped_wave,0,2,2,combined,0,0,False,0.0,0,False,False
damped_wave,0,2,3,combined,0,0,False,0.0,0,False,False
damped_wave,0,2,4,combined,0,0,False,0.0,0,False,False
damped_wave,0,2,5,combined,0,0,False,0.0,0,False,False
damped_wave,0,2,6,combined,1,0,True,0.003554140929672555,0,True,False
damped_wave,0,2,7,combined,1,0,True,0.00272215254116729,0,True,False
damped_wave,0,2,8,combined,1,0,True,0.004153723203474659,0,True,False
damped_wave,0,2,9,combined,1,0,True,0.0018237671595366378,0,True,False
damped_wave,0,2,10,combined,0,0,False,0.0,0,False,False
damped_wave,0,2,11,combined,0,0,False,0.0,0,False,False
damped_wave,0,2,12,combined,0,0,False,0.0,0,False,False
damped_wave,0,2,13,combined,0,0,False,0.0,0,False,False
damped_wave,0,2,14,combined,0,0,False,0.0,0,False,False
damped_wave,0,2,15,combined,1,0,True,0.0017260617365204255,0,True,False
damped_wave,0,2,16,combined,0,0,False,0.0,0,False,False
damped_wave,0,2,17,combined,0,0,False,0.0,0,False,False
damped_wave,0,2,18,combined,0,0,False,0.0,0,False,False
damped_wave,0,2,19,combined,0,0,False,0.0,0,False,False
damped_wave,0,2,20,combined,0,0,False,0.0,0,False,False
damped_wave,0,2,21,combined,0,0,False,0.0,0,False,False
damped_wave,0,2,22,combined,0,0,False,0.0,0,False,False
damped_wave,0,2,23,combined,1,0,True,0.0027523891408822634,0,True,False
damped_wave,0,2,24,combined,1,0,True,0.0037026298845339225,0,True,False
damped_wave,0,2,25,combined,0,0,False,0.0,0,False,False
damped_wave,0,2,26,combined,0,0,False,0.0,0,False,False
damped_wave,0,2,27,combined,0,0,False,0.0,0,False,False
damped_wave,0,2,28,combined,1,0,True,0.004803321323202396,0,True,False
damped_wave,0,2,29,combined,0,0,False,0.0,0,False,False
damped_wave,0,4,0,inference_only,1,1,False,0.0,0,True,True
damped_wave,0,4,1,inference_only,0,0,False,0.0,0,False,False
damped_wave,0,4,2,inference_only,0,0,False,0.0,0,False,False
damped_wave,0,4,3,inference_only,0,0,False,0.0,0,False,False
damped_wave,0,4,4,inference_only,0,0,False,0.0,0,False,False
damped_wave,0,4,5,inference_only,0,0,False,0.0,0,False,False
damped_wave,0,4,6,inference_only,1,1,False,0.0,0,True,True
damped_wave,0,4,7,inference_only,1,0,True,0.00272215254116729,0,True,False
damped_wave,0,4,8,inference_only,1,1,False,0.0,0,True,True
damped_wave,0,4,9,inference_only,1,0,True,0.0018237671595366378,0,True,False
damped_wave,0,4,10,inference_only,0,0,False,0.0,0,False,False
damped_wave,0,4,11,inference_only,0,0,False,0.0,0,False,False
damped_wave,0,4,12,inference_only,0,0,False,0.0,0,False,False
damped_wave,0,4,13,inference_only,0,0,False,0.0,0,False,False
damped_wave,0,4,14,inference_only,0,0,False,0.0,0,False,False
damped_wave,0,4,15,inference_only,1,1,False,0.0,0,True,True
damped_wave,0,4,16,inference_only,0,0,False,0.0,0,False,False
damped_wave,0,4,17,inference_only,0,0,False,0.0,0,False,False
damped_wave,0,4,18,inference_only,0,1,False,0.000305870326394897,0,False,True
damped_wave,0,4,19,inference_only,0,0,False,0.0,0,False,False
damped_wave,0,4,20,inference_only,0,0,False,0.0,0,False,False
damped_wave,0,4,21,inference_only,0,0,False,0.0,0,False,False
damped_wave,0,4,22,inference_only,0,0,False,0.0,0,False,False
damped_wave,0,4,23,inference_only,1,0,True,0.0027523891408822634,0,True,False
damped_wave,0,4,24,inference_only,1,1,False,0.0,0,True,True
damped_wave,0,4,25,inference_only,0,0,False,0.0,0,False,False
damped_wave,0,4,26,inference_only,0,0,False,0.0,0,False,False
damped_wave,0,4,27,inference_only,0,0,False,0.0,0,False,False
damped_wave,0,4,28,inference_only,1,1,False,0.0,0,True,True
damped_wave,0,4,29,inference_only,0,1,False,0.0038372087423422527,0,False,True
damped_wave,0,4,0,response_only,1,0,True,0.0005376590370100662,0,True,False
damped_wave,0,4,1,response_only,0,0,False,0.0,0,False,False
damped_wave,0,4,2,response_only,0,0,False,0.0,0,False,False
damped_wave,0,4,3,response_only,0,0,False,0.0,0,False,False
damped_wave,0,4,4,response_only,0,0,False,0.0,0,False,False
damped_wave,0,4,5,response_only,0,0,False,0.0,0,False,False
damped_wave,0,4,6,response_only,1,0,True,0.003554140929672555,0,True,False
damped_wave,0,4,7,response_only,1,0,True,0.00272215254116729,0,True,False
damped_wave,0,4,8,response_only,1,0,True,0.004153723203474659,0,True,False
damped_wave,0,4,9,response_only,1,0,True,0.0018237671595366378,0,True,False
damped_wave,0,4,10,response_only,0,0,False,0.0,0,False,False
damped_wave,0,4,11,response_only,0,0,False,0.0,0,False,False
damped_wave,0,4,12,response_only,0,0,False,0.0,0,False,False
damped_wave,0,4,13,response_only,0,0,False,0.0,0,False,False
damped_wave,0,4,14,response_only,0,0,False,0.0,0,False,False
damped_wave,0,4,15,response_only,1,0,True,0.0017260617365204255,0,True,False
damped_wave,0,4,16,response_only,0,0,False,0.0,0,False,False
damped_wave,0,4,17,response_only,0,0,False,0.0,0,False,False
damped_wave,0,4,18,response_only,0,0,False,0.0,0,False,False
damped_wave,0,4,19,response_only,0,0,False,0.0,0,False,False
damped_wave,0,4,20,response_only,0,0,False,0.0,0,False,False
damped_wave,0,4,21,response_only,0,0,False,0.0,0,False,False
damped_wave,0,4,22,response_only,0,0,False,0.0,0,False,False
damped_wave,0,4,23,response_only,1,0,True,0.0027523891408822634,0,True,False
damped_wave,0,4,24,response_only,1,0,True,0.0037026298845339225,0,True,False
damped_wave,0,4,25,response_only,0,0,False,0.0,0,False,False
damped_wave,0,4,26,response_only,0,0,False,0.0,0,False,False
damped_wave,0,4,27,response_only,0,0,False,0.0,0,False,False
damped_wave,0,4,28,response_only,1,0,True,0.004803321323202396,0,True,False
damped_wave,0,4,29,response_only,0,0,False,0.0,0,False,False
damped_wave,0,4,0,combined,1,0,True,0.0005376590370100662,0,True,False
damped_wave,0,4,1,combined,0,0,False,0.0,0,False,False
damped_wave,0,4,2,combined,0,0,False,0.0,0,False,False
damped_wave,0,4,3,combined,0,0,False,0.0,0,False,False
damped_wave,0,4,4,combined,0,0,False,0.0,0,False,False
damped_wave,0,4,5,combined,0,0,False,0.0,0,False,False
damped_wave,0,4,6,combined,1,0,True,0.003554140929672555,0,True,False
damped_wave,0,4,7,combined,1,0,True,0.00272215254116729,0,True,False
damped_wave,0,4,8,combined,1,0,True,0.004153723203474659,0,True,False
damped_wave,0,4,9,combined,1,0,True,0.0018237671595366378,0,True,False
damped_wave,0,4,10,combined,0,0,False,0.0,0,False,False
damped_wave,0,4,11,combined,0,0,False,0.0,0,False,False
damped_wave,0,4,12,combined,0,0,False,0.0,0,False,False
damped_wave,0,4,13,combined,0,0,False,0.0,0,False,False
damped_wave,0,4,14,combined,0,0,False,0.0,0,False,False
damped_wave,0,4,15,combined,1,0,True,0.0017260617365204255,0,True,False
damped_wave,0,4,16,combined,0,0,False,0.0,0,False,False
damped_wave,0,4,17,combined,0,0,False,0.0,0,False,False
damped_wave,0,4,18,combined,0,0,False,0.0,0,False,False
damped_wave,0,4,19,combined,0,0,False,0.0,0,False,False
damped_wave,0,4,20,combined,0,0,False,0.0,0,False,False
damped_wave,0,4,21,combined,0,0,False,0.0,0,False,False
damped_wave,0,4,22,combined,0,0,False,0.0,0,False,False
damped_wave,0,4,23,combined,1,0,True,0.0027523891408822634,0,True,False
damped_wave,0,4,24,combined,1,0,True,0.0037026298845339225,0,True,False
damped_wave,0,4,25,combined,0,0,False,0.0,0,False,False
damped_wave,0,4,26,combined,0,0,False,0.0,0,False,False
damped_wave,0,4,27,combined,0,0,False,0.0,0,False,False
damped_wave,0,4,28,combined,1,0,True,0.004803321323202396,0,True,False
damped_wave,0,4,29,combined,0,0,False,0.0,0,False,False
damped_wave,0,8,0,inference_only,1,1,False,0.0,0,True,True
damped_wave,0,8,1,inference_only,0,0,False,0.0,0,False,False
damped_wave,0,8,2,inference_only,0,0,False,0.0,0,False,False
damped_wave,0,8,3,inference_only,0,0,False,0.0,0,False,False
damped_wave,0,8,4,inference_only,0,0,False,0.0,0,False,False
damped_wave,0,8,5,inference_only,0,0,False,0.0,0,False,False
damped_wave,0,8,6,inference_only,1,1,False,0.0,0,True,True
damped_wave,0,8,7,inference_only,1,1,False,0.0,0,True,True
damped_wave,0,8,8,inference_only,1,1,False,0.0,0,True,True
damped_wave,0,8,9,inference_only,1,0,True,0.0018237671595366378,0,True,False
damped_wave,0,8,10,inference_only,0,0,False,0.0,0,False,False
damped_wave,0,8,11,inference_only,0,0,False,0.0,0,False,False
damped_wave,0,8,12,inference_only,0,0,False,0.0,0,False,False
damped_wave,0,8,13,inference_only,0,0,False,0.0,0,False,False
damped_wave,0,8,14,inference_only,0,1,False,0.001993097557178126,0,False,True
damped_wave,0,8,15,inference_only,1,1,False,0.0,0,True,True
damped_wave,0,8,16,inference_only,0,0,False,0.0,0,False,False
damped_wave,0,8,17,inference_only,0,0,False,0.0,0,False,False
damped_wave,0,8,18,inference_only,0,1,False,0.000305870326394897,0,False,True
damped_wave,0,8,19,inference_only,0,0,False,0.0,0,False,False
damped_wave,0,8,20,inference_only,0,0,False,0.0,0,False,False
damped_wave,0,8,21,inference_only,0,0,False,0.0,0,False,False
damped_wave,0,8,22,inference_only,0,0,False,0.0,0,False,False
damped_wave,0,8,23,inference_only,1,0,True,0.0027523891408822634,0,True,False
damped_wave,0,8,24,inference_only,1,1,False,0.0,0,True,True
damped_wave,0,8,25,inference_only,0,0,False,0.0,0,False,False
damped_wave,0,8,26,inference_only,0,0,False,0.0,0,False,False
damped_wave,0,8,27,inference_only,0,0,False,0.0,0,False,False
damped_wave,0,8,28,inference_only,1,1,False,0.0,0,True,True
damped_wave,0,8,29,inference_only,0,0,False,0.0,0,False,False
damped_wave,0,8,0,response_only,1,0,True,0.0005376590370100662,0,True,False
damped_wave,0,8,1,response_only,0,0,False,0.0,0,False,False
damped_wave,0,8,2,response_only,0,0,False,0.0,0,False,False
damped_wave,0,8,3,response_only,0,0,False,0.0,0,False,False
damped_wave,0,8,4,response_only,0,0,False,0.0,0,False,False
damped_wave,0,8,5,response_only,0,0,False,0.0,0,False,False
damped_wave,0,8,6,response_only,1,0,True,0.003554140929672555,0,True,False
damped_wave,0,8,7,response_only,1,0,True,0.00272215254116729,0,True,False
damped_wave,0,8,8,response_only,1,0,True,0.004153723203474659,0,True,False
damped_wave,0,8,9,response_only,1,0,True,0.0018237671595366378,0,True,False
damped_wave,0,8,10,response_only,0,0,False,0.0,0,False,False
damped_wave,0,8,11,response_only,0,0,False,0.0,0,False,False
damped_wave,0,8,12,response_only,0,0,False,0.0,0,False,False
damped_wave,0,8,13,response_only,0,0,False,0.0,0,False,False
damped_wave,0,8,14,response_only,0,0,False,0.0,0,False,False
damped_wave,0,8,15,response_only,1,0,True,0.0017260617365204255,0,True,False
damped_wave,0,8,16,response_only,0,0,False,0.0,0,False,False
damped_wave,0,8,17,response_only,0,0,False,0.0,0,False,False
damped_wave,0,8,18,response_only,0,0,False,0.0,0,False,False
damped_wave,0,8,19,response_only,0,0,False,0.0,0,False,False
damped_wave,0,8,20,response_only,0,0,False,0.0,0,False,False
damped_wave,0,8,21,response_only,0,0,False,0.0,0,False,False
damped_wave,0,8,22,response_only,0,0,False,0.0,0,False,False
damped_wave,0,8,23,response_only,1,0,True,0.0027523891408822634,0,True,False
damped_wave,0,8,24,response_only,1,0,True,0.0037026298845339225,0,True,False
damped_wave,0,8,25,response_only,0,0,False,0.0,0,False,False
damped_wave,0,8,26,response_only,0,0,False,0.0,0,False,False
damped_wave,0,8,27,response_only,0,0,False,0.0,0,False,False
damped_wave,0,8,28,response_only,1,0,True,0.004803321323202396,0,True,False
damped_wave,0,8,29,response_only,0,0,False,0.0,0,False,False
damped_wave,0,8,0,combined,1,0,True,0.0005376590370100662,0,True,False
damped_wave,0,8,1,combined,0,0,False,0.0,0,False,False
damped_wave,0,8,2,combined,0,0,False,0.0,0,False,False
damped_wave,0,8,3,combined,0,0,False,0.0,0,False,False
damped_wave,0,8,4,combined,0,0,False,0.0,0,False,False
damped_wave,0,8,5,combined,0,0,False,0.0,0,False,False
damped_wave,0,8,6,combined,1,0,True,0.003554140929672555,0,True,False
damped_wave,0,8,7,combined,1,0,True,0.00272215254116729,0,True,False
damped_wave,0,8,8,combined,1,0,True,0.004153723203474659,0,True,False
damped_wave,0,8,9,combined,1,0,True,0.0018237671595366378,0,True,False
damped_wave,0,8,10,combined,0,0,False,0.0,0,False,False
damped_wave,0,8,11,combined,0,0,False,0.0,0,False,False
damped_wave,0,8,12,combined,0,0,False,0.0,0,False,False
damped_wave,0,8,13,combined,0,0,False,0.0,0,False,False
damped_wave,0,8,14,combined,0,0,False,0.0,0,False,False
damped_wave,0,8,15,combined,1,0,True,0.0017260617365204255,0,True,False
damped_wave,0,8,16,combined,0,0,False,0.0,0,False,False
damped_wave,0,8,17,combined,0,0,False,0.0,0,False,False
damped_wave,0,8,18,combined,0,0,False,0.0,0,False,False
damped_wave,0,8,19,combined,0,0,False,0.0,0,False,False
damped_wave,0,8,20,combined,0,0,False,0.0,0,False,False
damped_wave,0,8,21,combined,0,0,False,0.0,0,False,False
damped_wave,0,8,22,combined,0,0,False,0.0,0,False,False
damped_wave,0,8,23,combined,1,0,True,0.0027523891408822634,0,True,False
damped_wave,0,8,24,combined,1,0,True,0.0037026298845339225,0,True,False
damped_wave,0,8,25,combined,0,0,False,0.0,0,False,False
damped_wave,0,8,26,combined,0,0,False,0.0,0,False,False
damped_wave,0,8,27,combined,0,0,False,0.0,0,False,False
damped_wave,0,8,28,combined,1,0,True,0.004803321323202396,0,True,False
damped_wave,0,8,29,combined,0,0,False,0.0,0,False,False
damped_wave,0,16,0,inference_only,1,1,False,0.0,0,True,True
damped_wave,0,16,1,inference_only,0,0,False,0.0,0,False,False
damped_wave,0,16,2,inference_only,0,0,False,0.0,0,False,False
damped_wave,0,16,3,inference_only,0,0,False,0.0,0,False,False
damped_wave,0,16,4,inference_only,0,0,False,0.0,0,False,False
damped_wave,0,16,5,inference_only,0,1,False,0.0007597018504847813,0,False,True
damped_wave,0,16,6,inference_only,1,1,False,0.0,0,True,True
damped_wave,0,16,7,inference_only,1,1,False,0.0,0,True,True
damped_wave,0,16,8,inference_only,1,1,False,0.0,0,True,True
damped_wave,0,16,9,inference_only,1,0,True,0.0018237671595366378,0,True,False
damped_wave,0,16,10,inference_only,0,0,False,0.0,0,False,False
damped_wave,0,16,11,inference_only,0,0,False,0.0,0,False,False
damped_wave,0,16,12,inference_only,0,0,False,0.0,0,False,False
damped_wave,0,16,13,inference_only,0,0,False,0.0,0,False,False
damped_wave,0,16,14,inference_only,0,1,False,0.001993097557178126,0,False,True
damped_wave,0,16,15,inference_only,1,1,False,0.0,0,True,True
damped_wave,0,16,16,inference_only,0,0,False,0.0,0,False,False
damped_wave,0,16,17,inference_only,0,0,False,0.0,0,False,False
damped_wave,0,16,18,inference_only,0,1,False,0.000305870326394897,0,False,True
damped_wave,0,16,19,inference_only,0,0,False,0.0,0,False,False
damped_wave,0,16,20,inference_only,0,0,False,0.0,0,False,False
damped_wave,0,16,21,inference_only,0,0,False,0.0,0,False,False
damped_wave,0,16,22,inference_only,0,0,False,0.0,0,False,False
damped_wave,0,16,23,inference_only,1,0,True,0.0027523891408822634,0,True,False
damped_wave,0,16,24,inference_only,1,1,False,0.0,0,True,True
damped_wave,0,16,25,inference_only,0,0,False,0.0,0,False,False
damped_wave,0,16,26,inference_only,0,0,False,0.0,0,False,False
damped_wave,0,16,27,inference_only,0,0,False,0.0,0,False,False
damped_wave,0,16,28,inference_only,1,1,False,0.0,0,True,True
damped_wave,0,16,29,inference_only,0,0,False,0.0,0,False,False
damped_wave,0,16,0,response_only,1,0,True,0.0005376590370100662,0,True,False
damped_wave,0,16,1,response_only,0,0,False,0.0,0,False,False
damped_wave,0,16,2,response_only,0,0,False,0.0,0,False,False
damped_wave,0,16,3,response_only,0,0,False,0.0,0,False,False
damped_wave,0,16,4,response_only,0,0,False,0.0,0,False,False
damped_wave,0,16,5,response_only,0,0,False,0.0,0,False,False
damped_wave,0,16,6,response_only,1,0,True,0.003554140929672555,0,True,False
damped_wave,0,16,7,response_only,1,0,True,0.00272215254116729,0,True,False
damped_wave,0,16,8,response_only,1,0,True,0.004153723203474659,0,True,False
damped_wave,0,16,9,response_only,1,0,True,0.0018237671595366378,0,True,False
damped_wave,0,16,10,response_only,0,0,False,0.0,0,False,False
damped_wave,0,16,11,response_only,0,0,False,0.0,0,False,False
damped_wave,0,16,12,response_only,0,0,False,0.0,0,False,False
damped_wave,0,16,13,response_only,0,0,False,0.0,0,False,False
damped_wave,0,16,14,response_only,0,0,False,0.0,0,False,False
damped_wave,0,16,15,response_only,1,0,True,0.0017260617365204255,0,True,False
damped_wave,0,16,16,response_only,0,0,False,0.0,0,False,False
damped_wave,0,16,17,response_only,0,0,False,0.0,0,False,False
damped_wave,0,16,18,response_only,0,0,False,0.0,0,False,False
damped_wave,0,16,19,response_only,0,0,False,0.0,0,False,False
damped_wave,0,16,20,response_only,0,0,False,0.0,0,False,False
damped_wave,0,16,21,response_only,0,0,False,0.0,0,False,False
damped_wave,0,16,22,response_only,0,0,False,0.0,0,False,False
damped_wave,0,16,23,response_only,1,0,True,0.0027523891408822634,0,True,False
damped_wave,0,16,24,response_only,1,0,True,0.0037026298845339225,0,True,False
damped_wave,0,16,25,response_only,0,0,False,0.0,0,False,False
damped_wave,0,16,26,response_only,0,0,False,0.0,0,False,False
damped_wave,0,16,27,response_only,0,0,False,0.0,0,False,False
damped_wave,0,16,28,response_only,1,0,True,0.004803321323202396,0,True,False
damped_wave,0,16,29,response_only,0,0,False,0.0,0,False,False
damped_wave,0,16,0,combined,1,0,True,0.0005376590370100662,0,True,False
damped_wave,0,16,1,combined,0,0,False,0.0,0,False,False
damped_wave,0,16,2,combined,0,0,False,0.0,0,False,False
damped_wave,0,16,3,combined,0,0,False,0.0,0,False,False
damped_wave,0,16,4,combined,0,0,False,0.0,0,False,False
damped_wave,0,16,5,combined,0,0,False,0.0,0,False,False
damped_wave,0,16,6,combined,1,0,True,0.003554140929672555,0,True,False
damped_wave,0,16,7,combined,1,0,True,0.00272215254116729,0,True,False
damped_wave,0,16,8,combined,1,0,True,0.004153723203474659,0,True,False
damped_wave,0,16,9,combined,1,0,True,0.0018237671595366378,0,True,False
damped_wave,0,16,10,combined,0,0,False,0.0,0,False,False
damped_wave,0,16,11,combined,0,0,False,0.0,0,False,False
damped_wave,0,16,12,combined,0,0,False,0.0,0,False,False
damped_wave,0,16,13,combined,0,0,False,0.0,0,False,False
damped_wave,0,16,14,combined,0,0,False,0.0,0,False,False
damped_wave,0,16,15,combined,1,0,True,0.0017260617365204255,0,True,False
damped_wave,0,16,16,combined,0,0,False,0.0,0,False,False
damped_wave,0,16,17,combined,0,0,False,0.0,0,False,False
damped_wave,0,16,18,combined,0,0,False,0.0,0,False,False
damped_wave,0,16,19,combined,0,0,False,0.0,0,False,False
damped_wave,0,16,20,combined,0,0,False,0.0,0,False,False
damped_wave,0,16,21,combined,0,0,False,0.0,0,False,False
damped_wave,0,16,22,combined,0,0,False,0.0,0,False,False
damped_wave,0,16,23,combined,1,0,True,0.0027523891408822634,0,True,False
damped_wave,0,16,24,combined,1,0,True,0.0037026298845339225,0,True,False
damped_wave,0,16,25,combined,0,0,False,0.0,0,False,False
damped_wave,0,16,26,combined,0,0,False,0.0,0,False,False
damped_wave,0,16,27,combined,0,0,False,0.0,0,False,False
damped_wave,0,16,28,combined,1,0,True,0.004803321323202396,0,True,False
damped_wave,0,16,29,combined,0,0,False,0.0,0,False,False
damped_wave,0,32,0,inference_only,1,1,False,0.0,0,True,True
damped_wave,0,32,1,inference_only,0,0,False,0.0,0,False,False
damped_wave,0,32,2,inference_only,0,0,False,0.0,0,False,False
damped_wave,0,32,3,inference_only,0,0,False,0.0,0,False,False
damped_wave,0,32,4,inference_only,0,0,False,0.0,0,False,False
damped_wave,0,32,5,inference_only,0,0,False,0.0,0,False,False
damped_wave,0,32,6,inference_only,1,1,False,0.0,0,True,True
damped_wave,0,32,7,inference_only,1,1,False,0.0,0,True,True
damped_wave,0,32,8,inference_only,1,1,False,0.0,0,True,True
damped_wave,0,32,9,inference_only,1,1,False,0.0,0,True,True
damped_wave,0,32,10,inference_only,0,0,False,0.0,0,False,False
damped_wave,0,32,11,inference_only,0,0,False,0.0,0,False,False
damped_wave,0,32,12,inference_only,0,0,False,0.0,0,False,False
damped_wave,0,32,13,inference_only,0,0,False,0.0,0,False,False
damped_wave,0,32,14,inference_only,0,0,False,0.0,0,False,False
damped_wave,0,32,15,inference_only,1,1,False,0.0,0,True,True
damped_wave,0,32,16,inference_only,0,0,False,0.0,0,False,False
damped_wave,0,32,17,inference_only,0,0,False,0.0,0,False,False
damped_wave,0,32,18,inference_only,0,0,False,0.0,0,False,False
damped_wave,0,32,19,inference_only,0,0,False,0.0,0,False,False
damped_wave,0,32,20,inference_only,0,0,False,0.0,0,False,False
damped_wave,0,32,21,inference_only,0,0,False,0.0,0,False,False
damped_wave,0,32,22,inference_only,0,0,False,0.0,0,False,False
damped_wave,0,32,23,inference_only,1,1,False,0.0,0,True,True
damped_wave,0,32,24,inference_only,1,1,False,0.0,0,True,True
damped_wave,0,32,25,inference_only,0,0,False,0.0,0,False,False
damped_wave,0,32,26,inference_only,0,0,False,0.0,0,False,False
damped_wave,0,32,27,inference_only,0,0,False,0.0,0,False,False
damped_wave,0,32,28,inference_only,1,1,False,0.0,0,True,True
damped_wave,0,32,29,inference_only,0,0,False,0.0,0,False,False
damped_wave,0,32,0,response_only,1,1,False,0.0,0,True,True
damped_wave,0,32,1,response_only,0,0,False,0.0,0,False,False
damped_wave,0,32,2,response_only,0,0,False,0.0,0,False,False
damped_wave,0,32,3,response_only,0,0,False,0.0,0,False,False
damped_wave,0,32,4,response_only,0,0,False,0.0,0,False,False
damped_wave,0,32,5,response_only,0,0,False,0.0,0,False,False
damped_wave,0,32,6,response_only,1,1,False,0.0,0,True,True
damped_wave,0,32,7,response_only,1,1,False,0.0,0,True,True
damped_wave,0,32,8,response_only,1,1,False,0.0,0,True,True
damped_wave,0,32,9,response_only,1,1,False,0.0,0,True,True
damped_wave,0,32,10,response_only,0,0,False,0.0,0,False,False
damped_wave,0,32,11,response_only,0,0,False,0.0,0,False,False
damped_wave,0,32,12,response_only,0,0,False,0.0,0,False,False
damped_wave,0,32,13,response_only,0,0,False,0.0,0,False,False
damped_wave,0,32,14,response_only,0,0,False,0.0,0,False,False
damped_wave,0,32,15,response_only,1,1,False,0.0,0,True,True
damped_wave,0,32,16,response_only,0,0,False,0.0,0,False,False
damped_wave,0,32,17,response_only,0,0,False,0.0,0,False,False
damped_wave,0,32,18,response_only,0,0,False,0.0,0,False,False
damped_wave,0,32,19,response_only,0,0,False,0.0,0,False,False
damped_wave,0,32,20,response_only,0,0,False,0.0,0,False,False
damped_wave,0,32,21,response_only,0,0,False,0.0,0,False,False
damped_wave,0,32,22,response_only,0,0,False,0.0,0,False,False
damped_wave,0,32,23,response_only,1,1,False,0.0,0,True,True
damped_wave,0,32,24,response_only,1,1,False,0.0,0,True,True
damped_wave,0,32,25,response_only,0,0,False,0.0,0,False,False
damped_wave,0,32,26,response_only,0,0,False,0.0,0,False,False
damped_wave,0,32,27,response_only,0,0,False,0.0,0,False,False
damped_wave,0,32,28,response_only,1,1,False,0.0,0,True,True
damped_wave,0,32,29,response_only,0,0,False,0.0,0,False,False
damped_wave,0,32,0,combined,1,1,False,0.0,0,True,True
damped_wave,0,32,1,combined,0,0,False,0.0,0,False,False
damped_wave,0,32,2,combined,0,0,False,0.0,0,False,False
damped_wave,0,32,3,combined,0,0,False,0.0,0,False,False
damped_wave,0,32,4,combined,0,0,False,0.0,0,False,False
damped_wave,0,32,5,combined,0,0,False,0.0,0,False,False
damped_wave,0,32,6,combined,1,1,False,0.0,0,True,True
damped_wave,0,32,7,combined,1,1,False,0.0,0,True,True
damped_wave,0,32,8,combined,1,1,False,0.0,0,True,True
damped_wave,0,32,9,combined,1,1,False,0.0,0,True,True
damped_wave,0,32,10,combined,0,0,False,0.0,0,False,False
damped_wave,0,32,11,combined,0,0,False,0.0,0,False,False
damped_wave,0,32,12,combined,0,0,False,0.0,0,False,False
damped_wave,0,32,13,combined,0,0,False,0.0,0,False,False
damped_wave,0,32,14,combined,0,0,False,0.0,0,False,False
damped_wave,0,32,15,combined,1,1,False,0.0,0,True,True
damped_wave,0,32,16,combined,0,0,False,0.0,0,False,False
damped_wave,0,32,17,combined,0,0,False,0.0,0,False,False
damped_wave,0,32,18,combined,0,0,False,0.0,0,False,False
damped_wave,0,32,19,combined,0,0,False,0.0,0,False,False
damped_wave,0,32,20,combined,0,0,False,0.0,0,False,False
damped_wave,0,32,21,combined,0,0,False,0.0,0,False,False
damped_wave,0,32,22,combined,0,0,False,0.0,0,False,False
damped_wave,0,32,23,combined,1,1,False,0.0,0,True,True
damped_wave,0,32,24,combined,1,1,False,0.0,0,True,True
damped_wave,0,32,25,combined,0,0,False,0.0,0,False,False
damped_wave,0,32,26,combined,0,0,False,0.0,0,False,False
damped_wave,0,32,27,combined,0,0,False,0.0,0,False,False
damped_wave,0,32,28,combined,1,1,False,0.0,0,True,True
damped_wave,0,32,29,combined,0,0,False,0.0,0,False,False
damped_wave,0,64,0,inference_only,1,1,False,0.0,0,True,True
damped_wave,0,64,1,inference_only,0,0,False,0.0,0,False,False
damped_wave,0,64,2,inference_only,0,0,False,0.0,0,False,False
damped_wave,0,64,3,inference_only,0,0,False,0.0,0,False,False
damped_wave,0,64,4,inference_only,0,0,False,0.0,0,False,False
damped_wave,0,64,5,inference_only,0,0,False,0.0,0,False,False
damped_wave,0,64,6,inference_only,1,1,False,0.0,0,True,True
damped_wave,0,64,7,inference_only,1,1,False,0.0,0,True,True
damped_wave,0,64,8,inference_only,1,1,False,0.0,0,True,True
damped_wave,0,64,9,inference_only,1,1,False,0.0,0,True,True
damped_wave,0,64,10,inference_only,0,0,False,0.0,0,False,False
damped_wave,0,64,11,inference_only,0,0,False,0.0,0,False,False
damped_wave,0,64,12,inference_only,0,0,False,0.0,0,False,False
damped_wave,0,64,13,inference_only,0,0,False,0.0,0,False,False
damped_wave,0,64,14,inference_only,0,0,False,0.0,0,False,False
damped_wave,0,64,15,inference_only,1,1,False,0.0,0,True,True
damped_wave,0,64,16,inference_only,0,0,False,0.0,0,False,False
damped_wave,0,64,17,inference_only,0,0,False,0.0,0,False,False
damped_wave,0,64,18,inference_only,0,0,False,0.0,0,False,False
damped_wave,0,64,19,inference_only,0,0,False,0.0,0,False,False
damped_wave,0,64,20,inference_only,0,0,False,0.0,0,False,False
damped_wave,0,64,21,inference_only,0,0,False,0.0,0,False,False
damped_wave,0,64,22,inference_only,0,0,False,0.0,0,False,False
damped_wave,0,64,23,inference_only,1,1,False,0.0,0,True,True
damped_wave,0,64,24,inference_only,1,1,False,0.0,0,True,True
damped_wave,0,64,25,inference_only,0,0,False,0.0,0,False,False
damped_wave,0,64,26,inference_only,0,0,False,0.0,0,False,False
damped_wave,0,64,27,inference_only,0,0,False,0.0,0,False,False
damped_wave,0,64,28,inference_only,1,1,False,0.0,0,True,True
damped_wave,0,64,29,inference_only,0,0,False,0.0,0,False,False
damped_wave,0,64,0,response_only,1,1,False,0.0,0,True,True
damped_wave,0,64,1,response_only,0,0,False,0.0,0,False,False
damped_wave,0,64,2,response_only,0,0,False,0.0,0,False,False
damped_wave,0,64,3,response_only,0,0,False,0.0,0,False,False
damped_wave,0,64,4,response_only,0,0,False,0.0,0,False,False
damped_wave,0,64,5,response_only,0,0,False,0.0,0,False,False
damped_wave,0,64,6,response_only,1,1,False,0.0,0,True,True
damped_wave,0,64,7,response_only,1,1,False,0.0,0,True,True
damped_wave,0,64,8,response_only,1,1,False,0.0,0,True,True
damped_wave,0,64,9,response_only,1,1,False,0.0,0,True,True
damped_wave,0,64,10,response_only,0,0,False,0.0,0,False,False
damped_wave,0,64,11,response_only,0,0,False,0.0,0,False,False
damped_wave,0,64,12,response_only,0,0,False,0.0,0,False,False
damped_wave,0,64,13,response_only,0,0,False,0.0,0,False,False
damped_wave,0,64,14,response_only,0,0,False,0.0,0,False,False
damped_wave,0,64,15,response_only,1,1,False,0.0,0,True,True
damped_wave,0,64,16,response_only,0,0,False,0.0,0,False,False
damped_wave,0,64,17,response_only,0,0,False,0.0,0,False,False
damped_wave,0,64,18,response_only,0,0,False,0.0,0,False,False
damped_wave,0,64,19,response_only,0,0,False,0.0,0,False,False
damped_wave,0,64,20,response_only,0,0,False,0.0,0,False,False
damped_wave,0,64,21,response_only,0,0,False,0.0,0,False,False
damped_wave,0,64,22,response_only,0,0,False,0.0,0,False,False
damped_wave,0,64,23,response_only,1,1,False,0.0,0,True,True
damped_wave,0,64,24,response_only,1,1,False,0.0,0,True,True
damped_wave,0,64,25,response_only,0,0,False,0.0,0,False,False
damped_wave,0,64,26,response_only,0,0,False,0.0,0,False,False
damped_wave,0,64,27,response_only,0,0,False,0.0,0,False,False
damped_wave,0,64,28,response_only,1,1,False,0.0,0,True,True
damped_wave,0,64,29,response_only,0,0,False,0.0,0,False,False
damped_wave,0,64,0,combined,1,1,False,0.0,0,True,True
damped_wave,0,64,1,combined,0,0,False,0.0,0,False,False
damped_wave,0,64,2,combined,0,0,False,0.0,0,False,False
damped_wave,0,64,3,combined,0,0,False,0.0,0,False,False
damped_wave,0,64,4,combined,0,0,False,0.0,0,False,False
damped_wave,0,64,5,combined,0,0,False,0.0,0,False,False
damped_wave,0,64,6,combined,1,1,False,0.0,0,True,True
damped_wave,0,64,7,combined,1,1,False,0.0,0,True,True
damped_wave,0,64,8,combined,1,1,False,0.0,0,True,True
damped_wave,0,64,9,combined,1,1,False,0.0,0,True,True
damped_wave,0,64,10,combined,0,0,False,0.0,0,False,False
damped_wave,0,64,11,combined,0,0,False,0.0,0,False,False
damped_wave,0,64,12,combined,0,0,False,0.0,0,False,False
damped_wave,0,64,13,combined,0,0,False,0.0,0,False,False
damped_wave,0,64,14,combined,0,0,False,0.0,0,False,False
damped_wave,0,64,15,combined,1,1,False,0.0,0,True,True
damped_wave,0,64,16,combined,0,0,False,0.0,0,False,False
damped_wave,0,64,17,combined,0,0,False,0.0,0,False,False
damped_wave,0,64,18,combined,0,0,False,0.0,0,False,False
damped_wave,0,64,19,combined,0,0,False,0.0,0,False,False
damped_wave,0,64,20,combined,0,0,False,0.0,0,False,False
damped_wave,0,64,21,combined,0,0,False,0.0,0,False,False
damped_wave,0,64,22,combined,0,0,False,0.0,0,False,False
damped_wave,0,64,23,combined,1,1,False,0.0,0,True,True
damped_wave,0,64,24,combined,1,1,False,0.0,0,True,True
damped_wave,0,64,25,combined,0,0,False,0.0,0,False,False
damped_wave,0,64,26,combined,0,0,False,0.0,0,False,False
damped_wave,0,64,27,combined,0,0,False,0.0,0,False,False
damped_wave,0,64,28,combined,1,1,False,0.0,0,True,True
damped_wave,0,64,29,combined,0,0,False,0.0,0,False,False
damped_wave,1,2,0,inference_only,0,0,False,0.0,0,False,False
damped_wave,1,2,1,inference_only,0,0,False,0.0,0,False,False
damped_wave,1,2,2,inference_only,0,0,False,0.0,0,False,False
damped_wave,1,2,3,inference_only,0,0,False,0.0,0,False,False
damped_wave,1,2,4,inference_only,0,0,False,0.0,0,False,False
damped_wave,1,2,5,inference_only,0,0,False,0.0,0,False,False
damped_wave,1,2,6,inference_only,0,0,False,0.0,0,False,False
damped_wave,1,2,7,inference_only,0,0,False,0.0,0,False,False
damped_wave,1,2,8,inference_only,0,0,False,0.0,0,False,False
damped_wave,1,2,9,inference_only,0,0,False,0.0,0,False,False
damped_wave,1,2,10,inference_only,0,0,False,0.0,0,False,False
damped_wave,1,2,11,inference_only,0,0,False,0.0,0,False,False
damped_wave,1,2,12,inference_only,0,0,False,0.0,0,False,False
damped_wave,1,2,13,inference_only,0,0,False,0.0,0,False,False
damped_wave,1,2,14,inference_only,0,0,False,0.0,0,False,False
damped_wave,1,2,15,inference_only,0,0,False,0.0,0,False,False
damped_wave,1,2,16,inference_only,0,0,False,0.0,0,False,False
damped_wave,1,2,17,inference_only,0,0,False,0.0,0,False,False
damped_wave,1,2,18,inference_only,0,0,False,0.0,0,False,False
damped_wave,1,2,19,inference_only,0,0,False,0.0,0,False,False
damped_wave,1,2,20,inference_only,0,0,False,0.0,0,False,False
damped_wave,1,2,21,inference_only,0,0,False,0.0,0,False,False
damped_wave,1,2,22,inference_only,0,0,False,0.0,0,False,False
damped_wave,1,2,23,inference_only,0,0,False,0.0,0,False,False
damped_wave,1,2,24,inference_only,0,0,False,0.0,0,False,False
damped_wave,1,2,25,inference_only,0,0,False,0.0,0,False,False
damped_wave,1,2,26,inference_only,0,0,False,0.0,0,False,False
damped_wave,1,2,27,inference_only,0,0,False,0.0,0,False,False
damped_wave,1,2,28,inference_only,0,0,False,0.0,0,False,False
damped_wave,1,2,29,inference_only,0,0,False,0.0,0,False,False
damped_wave,1,2,0,response_only,0,2,False,0.08,0,False,True
damped_wave,1,2,1,response_only,0,2,False,0.07999999999999997,0,False,True
damped_wave,1,2,2,response_only,0,1,False,0.009999999999999998,0,False,True
damped_wave,1,2,3,response_only,0,1,False,0.009999999999999998,0,False,True
damped_wave,1,2,4,response_only,0,2,False,0.08,0,False,True
damped_wave,1,2,5,response_only,0,1,False,0.010000000000000002,0,False,True
damped_wave,1,2,6,response_only,0,1,False,0.01,0,False,True
damped_wave,1,2,7,response_only,0,2,False,0.08,0,False,True
damped_wave,1,2,8,response_only,0,1,False,0.01,0,False,True
damped_wave,1,2,9,response_only,0,2,False,0.07999999999999999,0,False,True
damped_wave,1,2,10,response_only,0,1,False,0.009999999999999998,0,False,True
damped_wave,1,2,11,response_only,0,2,False,0.07999999999999999,0,False,True
damped_wave,1,2,12,response_only,0,1,False,0.01,0,False,True
damped_wave,1,2,13,response_only,0,1,False,0.01,0,False,True
damped_wave,1,2,14,response_only,0,1,False,0.009999999999999998,0,False,True
damped_wave,1,2,15,response_only,0,2,False,0.07999999999999999,0,False,True
damped_wave,1,2,16,response_only,0,2,False,0.08000000000000002,0,False,True
damped_wave,1,2,17,response_only,0,2,False,0.08,0,False,True
damped_wave,1,2,18,response_only,0,2,False,0.08000000000000002,0,False,True
damped_wave,1,2,19,response_only,0,1,False,0.01,0,False,True
damped_wave,1,2,20,response_only,0,1,False,0.01,0,False,True
damped_wave,1,2,21,response_only,0,1,False,0.009999999999999998,0,False,True
damped_wave,1,2,22,response_only,0,1,False,0.01,0,False,True
damped_wave,1,2,23,response_only,0,1,False,0.01,0,False,True
damped_wave,1,2,24,response_only,0,1,False,0.01,0,False,True
damped_wave,1,2,25,response_only,0,1,False,0.009999999999999997,0,False,True
damped_wave,1,2,26,response_only,0,1,False,0.009999999999999998,0,False,True
damped_wave,1,2,27,response_only,0,1,False,0.010000000000000002,0,False,True
damped_wave,1,2,28,response_only,0,2,False,0.08000000000000002,0,False,True
damped_wave,1,2,29,response_only,0,1,False,0.010000000000000002,0,False,True
damped_wave,1,2,0,combined,0,1,False,0.01,0,False,True
damped_wave,1,2,1,combined,0,2,False,0.07999999999999997,0,False,True
damped_wave,1,2,2,combined,0,2,False,0.07999999999999999,0,False,True
damped_wave,1,2,3,combined,0,1,False,0.009999999999999998,0,False,True
damped_wave,1,2,4,combined,0,2,False,0.08,0,False,True
damped_wave,1,2,5,combined,0,1,False,0.010000000000000002,0,False,True
damped_wave,1,2,6,combined,0,2,False,0.08,0,False,True
damped_wave,1,2,7,combined,0,1,False,0.01,0,False,True
damped_wave,1,2,8,combined,0,2,False,0.08,0,False,True
damped_wave,1,2,9,combined,0,1,False,0.009999999999999998,0,False,True
damped_wave,1,2,10,combined,0,1,False,0.009999999999999998,0,False,True
damped_wave,1,2,11,combined,0,2,False,0.07999999999999999,0,False,True
damped_wave,1,2,12,combined,0,1,False,0.01,0,False,True
damped_wave,1,2,13,combined,0,1,False,0.01,0,False,True
damped_wave,1,2,14,combined,0,1,False,0.009999999999999998,0,False,True
damped_wave,1,2,15,combined,0,1,False,0.009999999999999998,0,False,True
damped_wave,1,2,16,combined,0,2,False,0.08000000000000002,0,False,True
damped_wave,1,2,17,combined,0,1,False,0.01,0,False,True
damped_wave,1,2,18,combined,0,2,False,0.08000000000000002,0,False,True
damped_wave,1,2,19,combined,0,2,False,0.08,0,False,True
damped_wave,1,2,20,combined,0,1,False,0.01,0,False,True
damped_wave,1,2,21,combined,0,2,False,0.07999999999999999,0,False,True
damped_wave,1,2,22,combined,0,2,False,0.08,0,False,True
damped_wave,1,2,23,combined,0,1,False,0.01,0,False,True
damped_wave,1,2,24,combined,0,1,False,0.01,0,False,True
damped_wave,1,2,25,combined,0,1,False,0.009999999999999997,0,False,True
damped_wave,1,2,26,combined,0,1,False,0.009999999999999998,0,False,True
damped_wave,1,2,27,combined,0,1,False,0.010000000000000002,0,False,True
damped_wave,1,2,28,combined,0,2,False,0.08000000000000002,0,False,True
damped_wave,1,2,29,combined,0,1,False,0.010000000000000002,0,False,True
damped_wave,1,4,0,inference_only,0,0,False,0.0,0,False,False
damped_wave,1,4,1,inference_only,0,0,False,0.0,0,False,False
damped_wave,1,4,2,inference_only,0,0,False,0.0,0,False,False
damped_wave,1,4,3,inference_only,0,0,False,0.0,0,False,False
damped_wave,1,4,4,inference_only,0,0,False,0.0,0,False,False
damped_wave,1,4,5,inference_only,0,0,False,0.0,0,False,False
damped_wave,1,4,6,inference_only,0,0,False,0.0,0,False,False
damped_wave,1,4,7,inference_only,0,0,False,0.0,0,False,False
damped_wave,1,4,8,inference_only,0,0,False,0.0,0,False,False
damped_wave,1,4,9,inference_only,0,0,False,0.0,0,False,False
damped_wave,1,4,10,inference_only,0,0,False,0.0,0,False,False
damped_wave,1,4,11,inference_only,0,0,False,0.0,0,False,False
damped_wave,1,4,12,inference_only,0,0,False,0.0,0,False,False
damped_wave,1,4,13,inference_only,0,0,False,0.0,0,False,False
damped_wave,1,4,14,inference_only,0,0,False,0.0,0,False,False
damped_wave,1,4,15,inference_only,0,0,False,0.0,0,False,False
damped_wave,1,4,16,inference_only,0,0,False,0.0,0,False,False
damped_wave,1,4,17,inference_only,0,0,False,0.0,0,False,False
damped_wave,1,4,18,inference_only,0,0,False,0.0,0,False,False
damped_wave,1,4,19,inference_only,0,0,False,0.0,0,False,False
damped_wave,1,4,20,inference_only,0,0,False,0.0,0,False,False
damped_wave,1,4,21,inference_only,0,0,False,0.0,0,False,False
damped_wave,1,4,22,inference_only,0,0,False,0.0,0,False,False
damped_wave,1,4,23,inference_only,0,0,False,0.0,0,False,False
damped_wave,1,4,24,inference_only,0,0,False,0.0,0,False,False
damped_wave,1,4,25,inference_only,0,0,False,0.0,0,False,False
damped_wave,1,4,26,inference_only,0,0,False,0.0,0,False,False
damped_wave,1,4,27,inference_only,0,0,False,0.0,0,False,False
damped_wave,1,4,28,inference_only,0,0,False,0.0,0,False,False
damped_wave,1,4,29,inference_only,0,0,False,0.0,0,False,False
damped_wave,1,4,0,response_only,0,0,False,0.0,0,False,False
damped_wave,1,4,1,response_only,0,0,False,0.0,0,False,False
damped_wave,1,4,2,response_only,0,0,False,0.0,0,False,False
damped_wave,1,4,3,response_only,0,0,False,0.0,0,False,False
damped_wave,1,4,4,response_only,0,0,False,0.0,0,False,False
damped_wave,1,4,5,response_only,0,0,False,0.0,0,False,False
damped_wave,1,4,6,response_only,0,0,False,0.0,0,False,False
damped_wave,1,4,7,response_only,0,0,False,0.0,0,False,False
damped_wave,1,4,8,response_only,0,0,False,0.0,0,False,False
damped_wave,1,4,9,response_only,0,0,False,0.0,0,False,False
damped_wave,1,4,10,response_only,0,0,False,0.0,0,False,False
damped_wave,1,4,11,response_only,0,0,False,0.0,0,False,False
damped_wave,1,4,12,response_only,0,0,False,0.0,0,False,False
damped_wave,1,4,13,response_only,0,0,False,0.0,0,False,False
damped_wave,1,4,14,response_only,0,0,False,0.0,0,False,False
damped_wave,1,4,15,response_only,0,0,False,0.0,0,False,False
damped_wave,1,4,16,response_only,0,0,False,0.0,0,False,False
damped_wave,1,4,17,response_only,0,0,False,0.0,0,False,False
damped_wave,1,4,18,response_only,0,0,False,0.0,0,False,False
damped_wave,1,4,19,response_only,0,0,False,0.0,0,False,False
damped_wave,1,4,20,response_only,0,0,False,0.0,0,False,False
damped_wave,1,4,21,response_only,0,0,False,0.0,0,False,False
damped_wave,1,4,22,response_only,0,0,False,0.0,0,False,False
damped_wave,1,4,23,response_only,0,0,False,0.0,0,False,False
damped_wave,1,4,24,response_only,0,0,False,0.0,0,False,False
damped_wave,1,4,25,response_only,0,0,False,0.0,0,False,False
damped_wave,1,4,26,response_only,0,0,False,0.0,0,False,False
damped_wave,1,4,27,response_only,0,0,False,0.0,0,False,False
damped_wave,1,4,28,response_only,0,0,False,0.0,0,False,False
damped_wave,1,4,29,response_only,0,0,False,0.0,0,False,False
damped_wave,1,4,0,combined,0,0,False,0.0,0,False,False
damped_wave,1,4,1,combined,0,0,False,0.0,0,False,False
damped_wave,1,4,2,combined,0,0,False,0.0,0,False,False
damped_wave,1,4,3,combined,0,0,False,0.0,0,False,False
damped_wave,1,4,4,combined,0,0,False,0.0,0,False,False
damped_wave,1,4,5,combined,0,0,False,0.0,0,False,False
damped_wave,1,4,6,combined,0,0,False,0.0,0,False,False
damped_wave,1,4,7,combined,0,0,False,0.0,0,False,False
damped_wave,1,4,8,combined,0,0,False,0.0,0,False,False
damped_wave,1,4,9,combined,0,0,False,0.0,0,False,False
damped_wave,1,4,10,combined,0,0,False,0.0,0,False,False
damped_wave,1,4,11,combined,0,0,False,0.0,0,False,False
damped_wave,1,4,12,combined,0,0,False,0.0,0,False,False
damped_wave,1,4,13,combined,0,0,False,0.0,0,False,False
damped_wave,1,4,14,combined,0,0,False,0.0,0,False,False
damped_wave,1,4,15,combined,0,0,False,0.0,0,False,False
damped_wave,1,4,16,combined,0,0,False,0.0,0,False,False
damped_wave,1,4,17,combined,0,0,False,0.0,0,False,False
damped_wave,1,4,18,combined,0,0,False,0.0,0,False,False
damped_wave,1,4,19,combined,0,0,False,0.0,0,False,False
damped_wave,1,4,20,combined,0,0,False,0.0,0,False,False
damped_wave,1,4,21,combined,0,0,False,0.0,0,False,False
damped_wave,1,4,22,combined,0,0,False,0.0,0,False,False
damped_wave,1,4,23,combined,0,0,False,0.0,0,False,False
damped_wave,1,4,24,combined,0,0,False,0.0,0,False,False
damped_wave,1,4,25,combined,0,0,False,0.0,0,False,False
damped_wave,1,4,26,combined,0,0,False,0.0,0,False,False
damped_wave,1,4,27,combined,0,0,False,0.0,0,False,False
damped_wave,1,4,28,combined,0,0,False,0.0,0,False,False
damped_wave,1,4,29,combined,0,0,False,0.0,0,False,False
damped_wave,1,8,0,inference_only,0,0,False,0.0,0,False,False
damped_wave,1,8,1,inference_only,0,0,False,0.0,0,False,False
damped_wave,1,8,2,inference_only,0,0,False,0.0,0,False,False
damped_wave,1,8,3,inference_only,0,0,False,0.0,0,False,False
damped_wave,1,8,4,inference_only,0,0,False,0.0,0,False,False
damped_wave,1,8,5,inference_only,0,0,False,0.0,0,False,False
damped_wave,1,8,6,inference_only,0,0,False,0.0,0,False,False
damped_wave,1,8,7,inference_only,0,0,False,0.0,0,False,False
damped_wave,1,8,8,inference_only,0,0,False,0.0,0,False,False
damped_wave,1,8,9,inference_only,0,0,False,0.0,0,False,False
damped_wave,1,8,10,inference_only,0,0,False,0.0,0,False,False
damped_wave,1,8,11,inference_only,0,0,False,0.0,0,False,False
damped_wave,1,8,12,inference_only,0,0,False,0.0,0,False,False
damped_wave,1,8,13,inference_only,0,0,False,0.0,0,False,False
damped_wave,1,8,14,inference_only,0,0,False,0.0,0,False,False
damped_wave,1,8,15,inference_only,0,0,False,0.0,0,False,False
damped_wave,1,8,16,inference_only,0,0,False,0.0,0,False,False
damped_wave,1,8,17,inference_only,0,0,False,0.0,0,False,False
damped_wave,1,8,18,inference_only,0,0,False,0.0,0,False,False
damped_wave,1,8,19,inference_only,0,0,False,0.0,0,False,False
damped_wave,1,8,20,inference_only,0,0,False,0.0,0,False,False
damped_wave,1,8,21,inference_only,0,0,False,0.0,0,False,False
damped_wave,1,8,22,inference_only,0,0,False,0.0,0,False,False
damped_wave,1,8,23,inference_only,0,0,False,0.0,0,False,False
damped_wave,1,8,24,inference_only,0,0,False,0.0,0,False,False
damped_wave,1,8,25,inference_only,0,0,False,0.0,0,False,False
damped_wave,1,8,26,inference_only,0,0,False,0.0,0,False,False
damped_wave,1,8,27,inference_only,0,0,False,0.0,0,False,False
damped_wave,1,8,28,inference_only,0,0,False,0.0,0,False,False
damped_wave,1,8,29,inference_only,0,0,False,0.0,0,False,False
damped_wave,1,8,0,response_only,0,0,False,0.0,0,False,False
damped_wave,1,8,1,response_only,0,0,False,0.0,0,False,False
damped_wave,1,8,2,response_only,0,0,False,0.0,0,False,False
damped_wave,1,8,3,response_only,0,0,False,0.0,0,False,False
damped_wave,1,8,4,response_only,0,0,False,0.0,0,False,False
damped_wave,1,8,5,response_only,0,0,False,0.0,0,False,False
damped_wave,1,8,6,response_only,0,0,False,0.0,0,False,False
damped_wave,1,8,7,response_only,0,0,False,0.0,0,False,False
damped_wave,1,8,8,response_only,0,0,False,0.0,0,False,False
damped_wave,1,8,9,response_only,0,0,False,0.0,0,False,False
damped_wave,1,8,10,response_only,0,0,False,0.0,0,False,False
damped_wave,1,8,11,response_only,0,0,False,0.0,0,False,False
damped_wave,1,8,12,response_only,0,0,False,0.0,0,False,False
damped_wave,1,8,13,response_only,0,0,False,0.0,0,False,False
damped_wave,1,8,14,response_only,0,0,False,0.0,0,False,False
damped_wave,1,8,15,response_only,0,0,False,0.0,0,False,False
damped_wave,1,8,16,response_only,0,0,False,0.0,0,False,False
damped_wave,1,8,17,response_only,0,0,False,0.0,0,False,False
damped_wave,1,8,18,response_only,0,0,False,0.0,0,False,False
damped_wave,1,8,19,response_only,0,0,False,0.0,0,False,False
damped_wave,1,8,20,response_only,0,0,False,0.0,0,False,False
damped_wave,1,8,21,response_only,0,0,False,0.0,0,False,False
damped_wave,1,8,22,response_only,0,0,False,0.0,0,False,False
damped_wave,1,8,23,response_only,0,0,False,0.0,0,False,False
damped_wave,1,8,24,response_only,0,0,False,0.0,0,False,False
damped_wave,1,8,25,response_only,0,0,False,0.0,0,False,False
damped_wave,1,8,26,response_only,0,0,False,0.0,0,False,False
damped_wave,1,8,27,response_only,0,0,False,0.0,0,False,False
damped_wave,1,8,28,response_only,0,0,False,0.0,0,False,False
damped_wave,1,8,29,response_only,0,0,False,0.0,0,False,False
damped_wave,1,8,0,combined,0,0,False,0.0,0,False,False
damped_wave,1,8,1,combined,0,0,False,0.0,0,False,False
damped_wave,1,8,2,combined,0,0,False,0.0,0,False,False
damped_wave,1,8,3,combined,0,0,False,0.0,0,False,False
damped_wave,1,8,4,combined,0,0,False,0.0,0,False,False
damped_wave,1,8,5,combined,0,0,False,0.0,0,False,False
damped_wave,1,8,6,combined,0,0,False,0.0,0,False,False
damped_wave,1,8,7,combined,0,0,False,0.0,0,False,False
damped_wave,1,8,8,combined,0,0,False,0.0,0,False,False
damped_wave,1,8,9,combined,0,0,False,0.0,0,False,False
damped_wave,1,8,10,combined,0,0,False,0.0,0,False,False
damped_wave,1,8,11,combined,0,0,False,0.0,0,False,False
damped_wave,1,8,12,combined,0,0,False,0.0,0,False,False
damped_wave,1,8,13,combined,0,0,False,0.0,0,False,False
damped_wave,1,8,14,combined,0,0,False,0.0,0,False,False
damped_wave,1,8,15,combined,0,0,False,0.0,0,False,False
damped_wave,1,8,16,combined,0,0,False,0.0,0,False,False
damped_wave,1,8,17,combined,0,0,False,0.0,0,False,False
damped_wave,1,8,18,combined,0,0,False,0.0,0,False,False
damped_wave,1,8,19,combined,0,0,False,0.0,0,False,False
damped_wave,1,8,20,combined,0,0,False,0.0,0,False,False
damped_wave,1,8,21,combined,0,0,False,0.0,0,False,False
damped_wave,1,8,22,combined,0,0,False,0.0,0,False,False
damped_wave,1,8,23,combined,0,0,False,0.0,0,False,False
damped_wave,1,8,24,combined,0,0,False,0.0,0,False,False
damped_wave,1,8,25,combined,0,0,False,0.0,0,False,False
damped_wave,1,8,26,combined,0,0,False,0.0,0,False,False
damped_wave,1,8,27,combined,0,0,False,0.0,0,False,False
damped_wave,1,8,28,combined,0,0,False,0.0,0,False,False
damped_wave,1,8,29,combined,0,0,False,0.0,0,False,False
damped_wave,1,16,0,inference_only,0,0,False,0.0,0,False,False
damped_wave,1,16,1,inference_only,0,0,False,0.0,0,False,False
damped_wave,1,16,2,inference_only,0,0,False,0.0,0,False,False
damped_wave,1,16,3,inference_only,0,0,False,0.0,0,False,False
damped_wave,1,16,4,inference_only,0,0,False,0.0,0,False,False
damped_wave,1,16,5,inference_only,0,0,False,0.0,0,False,False
damped_wave,1,16,6,inference_only,0,0,False,0.0,0,False,False
damped_wave,1,16,7,inference_only,0,0,False,0.0,0,False,False
damped_wave,1,16,8,inference_only,0,0,False,0.0,0,False,False
damped_wave,1,16,9,inference_only,0,0,False,0.0,0,False,False
damped_wave,1,16,10,inference_only,0,0,False,0.0,0,False,False
damped_wave,1,16,11,inference_only,0,0,False,0.0,0,False,False
damped_wave,1,16,12,inference_only,0,0,False,0.0,0,False,False
damped_wave,1,16,13,inference_only,0,0,False,0.0,0,False,False
damped_wave,1,16,14,inference_only,0,0,False,0.0,0,False,False
damped_wave,1,16,15,inference_only,0,0,False,0.0,0,False,False
damped_wave,1,16,16,inference_only,0,0,False,0.0,0,False,False
damped_wave,1,16,17,inference_only,0,0,False,0.0,0,False,False
damped_wave,1,16,18,inference_only,0,0,False,0.0,0,False,False
damped_wave,1,16,19,inference_only,0,0,False,0.0,0,False,False
damped_wave,1,16,20,inference_only,0,0,False,0.0,0,False,False
damped_wave,1,16,21,inference_only,0,0,False,0.0,0,False,False
damped_wave,1,16,22,inference_only,0,0,False,0.0,0,False,False
damped_wave,1,16,23,inference_only,0,0,False,0.0,0,False,False
damped_wave,1,16,24,inference_only,0,0,False,0.0,0,False,False
damped_wave,1,16,25,inference_only,0,0,False,0.0,0,False,False
damped_wave,1,16,26,inference_only,0,0,False,0.0,0,False,False
damped_wave,1,16,27,inference_only,0,0,False,0.0,0,False,False
damped_wave,1,16,28,inference_only,0,0,False,0.0,0,False,False
damped_wave,1,16,29,inference_only,0,0,False,0.0,0,False,False
damped_wave,1,16,0,response_only,0,0,False,0.0,0,False,False
damped_wave,1,16,1,response_only,0,0,False,0.0,0,False,False
damped_wave,1,16,2,response_only,0,0,False,0.0,0,False,False
damped_wave,1,16,3,response_only,0,0,False,0.0,0,False,False
damped_wave,1,16,4,response_only,0,0,False,0.0,0,False,False
damped_wave,1,16,5,response_only,0,0,False,0.0,0,False,False
damped_wave,1,16,6,response_only,0,0,False,0.0,0,False,False
damped_wave,1,16,7,response_only,0,0,False,0.0,0,False,False
damped_wave,1,16,8,response_only,0,0,False,0.0,0,False,False
damped_wave,1,16,9,response_only,0,0,False,0.0,0,False,False
damped_wave,1,16,10,response_only,0,0,False,0.0,0,False,False
damped_wave,1,16,11,response_only,0,0,False,0.0,0,False,False
damped_wave,1,16,12,response_only,0,0,False,0.0,0,False,False
damped_wave,1,16,13,response_only,0,0,False,0.0,0,False,False
damped_wave,1,16,14,response_only,0,0,False,0.0,0,False,False
damped_wave,1,16,15,response_only,0,0,False,0.0,0,False,False
damped_wave,1,16,16,response_only,0,0,False,0.0,0,False,False
damped_wave,1,16,17,response_only,0,0,False,0.0,0,False,False
damped_wave,1,16,18,response_only,0,0,False,0.0,0,False,False
damped_wave,1,16,19,response_only,0,0,False,0.0,0,False,False
damped_wave,1,16,20,response_only,0,0,False,0.0,0,False,False
damped_wave,1,16,21,response_only,0,0,False,0.0,0,False,False
damped_wave,1,16,22,response_only,0,0,False,0.0,0,False,False
damped_wave,1,16,23,response_only,0,0,False,0.0,0,False,False
damped_wave,1,16,24,response_only,0,0,False,0.0,0,False,False
damped_wave,1,16,25,response_only,0,0,False,0.0,0,False,False
damped_wave,1,16,26,response_only,0,0,False,0.0,0,False,False
damped_wave,1,16,27,response_only,0,0,False,0.0,0,False,False
damped_wave,1,16,28,response_only,0,0,False,0.0,0,False,False
damped_wave,1,16,29,response_only,0,0,False,0.0,0,False,False
damped_wave,1,16,0,combined,0,0,False,0.0,0,False,False
damped_wave,1,16,1,combined,0,0,False,0.0,0,False,False
damped_wave,1,16,2,combined,0,0,False,0.0,0,False,False
damped_wave,1,16,3,combined,0,0,False,0.0,0,False,False
damped_wave,1,16,4,combined,0,0,False,0.0,0,False,False
damped_wave,1,16,5,combined,0,0,False,0.0,0,False,False
damped_wave,1,16,6,combined,0,0,False,0.0,0,False,False
damped_wave,1,16,7,combined,0,0,False,0.0,0,False,False
damped_wave,1,16,8,combined,0,0,False,0.0,0,False,False
damped_wave,1,16,9,combined,0,0,False,0.0,0,False,False
damped_wave,1,16,10,combined,0,0,False,0.0,0,False,False
damped_wave,1,16,11,combined,0,0,False,0.0,0,False,False
damped_wave,1,16,12,combined,0,0,False,0.0,0,False,False
damped_wave,1,16,13,combined,0,0,False,0.0,0,False,False
damped_wave,1,16,14,combined,0,0,False,0.0,0,False,False
damped_wave,1,16,15,combined,0,0,False,0.0,0,False,False
damped_wave,1,16,16,combined,0,0,False,0.0,0,False,False
damped_wave,1,16,17,combined,0,0,False,0.0,0,False,False
damped_wave,1,16,18,combined,0,0,False,0.0,0,False,False
damped_wave,1,16,19,combined,0,0,False,0.0,0,False,False
damped_wave,1,16,20,combined,0,0,False,0.0,0,False,False
damped_wave,1,16,21,combined,0,0,False,0.0,0,False,False
damped_wave,1,16,22,combined,0,0,False,0.0,0,False,False
damped_wave,1,16,23,combined,0,0,False,0.0,0,False,False
damped_wave,1,16,24,combined,0,0,False,0.0,0,False,False
damped_wave,1,16,25,combined,0,0,False,0.0,0,False,False
damped_wave,1,16,26,combined,0,0,False,0.0,0,False,False
damped_wave,1,16,27,combined,0,0,False,0.0,0,False,False
damped_wave,1,16,28,combined,0,0,False,0.0,0,False,False
damped_wave,1,16,29,combined,0,0,False,0.0,0,False,False
damped_wave,1,32,0,inference_only,0,0,False,0.0,0,False,False
damped_wave,1,32,1,inference_only,0,0,False,0.0,0,False,False
damped_wave,1,32,2,inference_only,0,0,False,0.0,0,False,False
damped_wave,1,32,3,inference_only,0,0,False,0.0,0,False,False
damped_wave,1,32,4,inference_only,0,0,False,0.0,0,False,False
damped_wave,1,32,5,inference_only,0,0,False,0.0,0,False,False
damped_wave,1,32,6,inference_only,0,0,False,0.0,0,False,False
damped_wave,1,32,7,inference_only,0,0,False,0.0,0,False,False
damped_wave,1,32,8,inference_only,0,0,False,0.0,0,False,False
damped_wave,1,32,9,inference_only,0,0,False,0.0,0,False,False
damped_wave,1,32,10,inference_only,0,0,False,0.0,0,False,False
damped_wave,1,32,11,inference_only,0,0,False,0.0,0,False,False
damped_wave,1,32,12,inference_only,0,0,False,0.0,0,False,False
damped_wave,1,32,13,inference_only,0,0,False,0.0,0,False,False
damped_wave,1,32,14,inference_only,0,0,False,0.0,0,False,False
damped_wave,1,32,15,inference_only,0,0,False,0.0,0,False,False
damped_wave,1,32,16,inference_only,0,0,False,0.0,0,False,False
damped_wave,1,32,17,inference_only,0,0,False,0.0,0,False,False
damped_wave,1,32,18,inference_only,0,0,False,0.0,0,False,False
damped_wave,1,32,19,inference_only,0,0,False,0.0,0,False,False
damped_wave,1,32,20,inference_only,0,0,False,0.0,0,False,False
damped_wave,1,32,21,inference_only,0,0,False,0.0,0,False,False
damped_wave,1,32,22,inference_only,0,0,False,0.0,0,False,False
damped_wave,1,32,23,inference_only,0,0,False,0.0,0,False,False
damped_wave,1,32,24,inference_only,0,0,False,0.0,0,False,False
damped_wave,1,32,25,inference_only,0,0,False,0.0,0,False,False
damped_wave,1,32,26,inference_only,0,0,False,0.0,0,False,False
damped_wave,1,32,27,inference_only,0,0,False,0.0,0,False,False
damped_wave,1,32,28,inference_only,0,0,False,0.0,0,False,False
damped_wave,1,32,29,inference_only,0,0,False,0.0,0,False,False
damped_wave,1,32,0,response_only,0,0,False,0.0,0,False,False
damped_wave,1,32,1,response_only,0,0,False,0.0,0,False,False
damped_wave,1,32,2,response_only,0,0,False,0.0,0,False,False
damped_wave,1,32,3,response_only,0,0,False,0.0,0,False,False
damped_wave,1,32,4,response_only,0,0,False,0.0,0,False,False
damped_wave,1,32,5,response_only,0,0,False,0.0,0,False,False
damped_wave,1,32,6,response_only,0,0,False,0.0,0,False,False
damped_wave,1,32,7,response_only,0,0,False,0.0,0,False,False
damped_wave,1,32,8,response_only,0,0,False,0.0,0,False,False
damped_wave,1,32,9,response_only,0,0,False,0.0,0,False,False
damped_wave,1,32,10,response_only,0,0,False,0.0,0,False,False
damped_wave,1,32,11,response_only,0,0,False,0.0,0,False,False
damped_wave,1,32,12,response_only,0,0,False,0.0,0,False,False
damped_wave,1,32,13,response_only,0,0,False,0.0,0,False,False
damped_wave,1,32,14,response_only,0,0,False,0.0,0,False,False
damped_wave,1,32,15,response_only,0,0,False,0.0,0,False,False
damped_wave,1,32,16,response_only,0,0,False,0.0,0,False,False
damped_wave,1,32,17,response_only,0,0,False,0.0,0,False,False
damped_wave,1,32,18,response_only,0,0,False,0.0,0,False,False
damped_wave,1,32,19,response_only,0,0,False,0.0,0,False,False
damped_wave,1,32,20,response_only,0,0,False,0.0,0,False,False
damped_wave,1,32,21,response_only,0,0,False,0.0,0,False,False
damped_wave,1,32,22,response_only,0,0,False,0.0,0,False,False
damped_wave,1,32,23,response_only,0,0,False,0.0,0,False,False
damped_wave,1,32,24,response_only,0,0,False,0.0,0,False,False
damped_wave,1,32,25,response_only,0,0,False,0.0,0,False,False
damped_wave,1,32,26,response_only,0,0,False,0.0,0,False,False
damped_wave,1,32,27,response_only,0,0,False,0.0,0,False,False
damped_wave,1,32,28,response_only,0,0,False,0.0,0,False,False
damped_wave,1,32,29,response_only,0,0,False,0.0,0,False,False
damped_wave,1,32,0,combined,0,0,False,0.0,0,False,False
damped_wave,1,32,1,combined,0,0,False,0.0,0,False,False
damped_wave,1,32,2,combined,0,0,False,0.0,0,False,False
damped_wave,1,32,3,combined,0,0,False,0.0,0,False,False
damped_wave,1,32,4,combined,0,0,False,0.0,0,False,False
damped_wave,1,32,5,combined,0,0,False,0.0,0,False,False
damped_wave,1,32,6,combined,0,0,False,0.0,0,False,False
damped_wave,1,32,7,combined,0,0,False,0.0,0,False,False
damped_wave,1,32,8,combined,0,0,False,0.0,0,False,False
damped_wave,1,32,9,combined,0,0,False,0.0,0,False,False
damped_wave,1,32,10,combined,0,0,False,0.0,0,False,False
damped_wave,1,32,11,combined,0,0,False,0.0,0,False,False
damped_wave,1,32,12,combined,0,0,False,0.0,0,False,False
damped_wave,1,32,13,combined,0,0,False,0.0,0,False,False
damped_wave,1,32,14,combined,0,0,False,0.0,0,False,False
damped_wave,1,32,15,combined,0,0,False,0.0,0,False,False
damped_wave,1,32,16,combined,0,0,False,0.0,0,False,False
damped_wave,1,32,17,combined,0,0,False,0.0,0,False,False
damped_wave,1,32,18,combined,0,0,False,0.0,0,False,False
damped_wave,1,32,19,combined,0,0,False,0.0,0,False,False
damped_wave,1,32,20,combined,0,0,False,0.0,0,False,False
damped_wave,1,32,21,combined,0,0,False,0.0,0,False,False
damped_wave,1,32,22,combined,0,0,False,0.0,0,False,False
damped_wave,1,32,23,combined,0,0,False,0.0,0,False,False
damped_wave,1,32,24,combined,0,0,False,0.0,0,False,False
damped_wave,1,32,25,combined,0,0,False,0.0,0,False,False
damped_wave,1,32,26,combined,0,0,False,0.0,0,False,False
damped_wave,1,32,27,combined,0,0,False,0.0,0,False,False
damped_wave,1,32,28,combined,0,0,False,0.0,0,False,False
damped_wave,1,32,29,combined,0,0,False,0.0,0,False,False
damped_wave,1,64,0,inference_only,0,0,False,0.0,0,False,False
damped_wave,1,64,1,inference_only,0,0,False,0.0,0,False,False
damped_wave,1,64,2,inference_only,0,0,False,0.0,0,False,False
damped_wave,1,64,3,inference_only,0,0,False,0.0,0,False,False
damped_wave,1,64,4,inference_only,0,0,False,0.0,0,False,False
damped_wave,1,64,5,inference_only,0,0,False,0.0,0,False,False
damped_wave,1,64,6,inference_only,0,0,False,0.0,0,False,False
damped_wave,1,64,7,inference_only,0,0,False,0.0,0,False,False
damped_wave,1,64,8,inference_only,0,0,False,0.0,0,False,False
damped_wave,1,64,9,inference_only,0,0,False,0.0,0,False,False
damped_wave,1,64,10,inference_only,0,0,False,0.0,0,False,False
damped_wave,1,64,11,inference_only,0,0,False,0.0,0,False,False
damped_wave,1,64,12,inference_only,0,0,False,0.0,0,False,False
damped_wave,1,64,13,inference_only,0,0,False,0.0,0,False,False
damped_wave,1,64,14,inference_only,0,0,False,0.0,0,False,False
damped_wave,1,64,15,inference_only,0,0,False,0.0,0,False,False
damped_wave,1,64,16,inference_only,0,0,False,0.0,0,False,False
damped_wave,1,64,17,inference_only,0,0,False,0.0,0,False,False
damped_wave,1,64,18,inference_only,0,0,False,0.0,0,False,False
damped_wave,1,64,19,inference_only,0,0,False,0.0,0,False,False
damped_wave,1,64,20,inference_only,0,0,False,0.0,0,False,False
damped_wave,1,64,21,inference_only,0,0,False,0.0,0,False,False
damped_wave,1,64,22,inference_only,0,0,False,0.0,0,False,False
damped_wave,1,64,23,inference_only,0,0,False,0.0,0,False,False
damped_wave,1,64,24,inference_only,0,0,False,0.0,0,False,False
damped_wave,1,64,25,inference_only,0,0,False,0.0,0,False,False
damped_wave,1,64,26,inference_only,0,0,False,0.0,0,False,False
damped_wave,1,64,27,inference_only,0,0,False,0.0,0,False,False
damped_wave,1,64,28,inference_only,0,0,False,0.0,0,False,False
damped_wave,1,64,29,inference_only,0,0,False,0.0,0,False,False
damped_wave,1,64,0,response_only,0,0,False,0.0,0,False,False
damped_wave,1,64,1,response_only,0,0,False,0.0,0,False,False
damped_wave,1,64,2,response_only,0,0,False,0.0,0,False,False
damped_wave,1,64,3,response_only,0,0,False,0.0,0,False,False
damped_wave,1,64,4,response_only,0,0,False,0.0,0,False,False
damped_wave,1,64,5,response_only,0,0,False,0.0,0,False,False
damped_wave,1,64,6,response_only,0,0,False,0.0,0,False,False
damped_wave,1,64,7,response_only,0,0,False,0.0,0,False,False
damped_wave,1,64,8,response_only,0,0,False,0.0,0,False,False
damped_wave,1,64,9,response_only,0,0,False,0.0,0,False,False
damped_wave,1,64,10,response_only,0,0,False,0.0,0,False,False
damped_wave,1,64,11,response_only,0,0,False,0.0,0,False,False
damped_wave,1,64,12,response_only,0,0,False,0.0,0,False,False
damped_wave,1,64,13,response_only,0,0,False,0.0,0,False,False
damped_wave,1,64,14,response_only,0,0,False,0.0,0,False,False
damped_wave,1,64,15,response_only,0,0,False,0.0,0,False,False
damped_wave,1,64,16,response_only,0,0,False,0.0,0,False,False
damped_wave,1,64,17,response_only,0,0,False,0.0,0,False,False
damped_wave,1,64,18,response_only,0,0,False,0.0,0,False,False
damped_wave,1,64,19,response_only,0,0,False,0.0,0,False,False
damped_wave,1,64,20,response_only,0,0,False,0.0,0,False,False
damped_wave,1,64,21,response_only,0,0,False,0.0,0,False,False
damped_wave,1,64,22,response_only,0,0,False,0.0,0,False,False
damped_wave,1,64,23,response_only,0,0,False,0.0,0,False,False
damped_wave,1,64,24,response_only,0,0,False,0.0,0,False,False
damped_wave,1,64,25,response_only,0,0,False,0.0,0,False,False
damped_wave,1,64,26,response_only,0,0,False,0.0,0,False,False
damped_wave,1,64,27,response_only,0,0,False,0.0,0,False,False
damped_wave,1,64,28,response_only,0,0,False,0.0,0,False,False
damped_wave,1,64,29,response_only,0,0,False,0.0,0,False,False
damped_wave,1,64,0,combined,0,0,False,0.0,0,False,False
damped_wave,1,64,1,combined,0,0,False,0.0,0,False,False
damped_wave,1,64,2,combined,0,0,False,0.0,0,False,False
damped_wave,1,64,3,combined,0,0,False,0.0,0,False,False
damped_wave,1,64,4,combined,0,0,False,0.0,0,False,False
damped_wave,1,64,5,combined,0,0,False,0.0,0,False,False
damped_wave,1,64,6,combined,0,0,False,0.0,0,False,False
damped_wave,1,64,7,combined,0,0,False,0.0,0,False,False
damped_wave,1,64,8,combined,0,0,False,0.0,0,False,False
damped_wave,1,64,9,combined,0,0,False,0.0,0,False,False
damped_wave,1,64,10,combined,0,0,False,0.0,0,False,False
damped_wave,1,64,11,combined,0,0,False,0.0,0,False,False
damped_wave,1,64,12,combined,0,0,False,0.0,0,False,False
damped_wave,1,64,13,combined,0,0,False,0.0,0,False,False
damped_wave,1,64,14,combined,0,0,False,0.0,0,False,False
damped_wave,1,64,15,combined,0,0,False,0.0,0,False,False
damped_wave,1,64,16,combined,0,0,False,0.0,0,False,False
damped_wave,1,64,17,combined,0,0,False,0.0,0,False,False
damped_wave,1,64,18,combined,0,0,False,0.0,0,False,False
damped_wave,1,64,19,combined,0,0,False,0.0,0,False,False
damped_wave,1,64,20,combined,0,0,False,0.0,0,False,False
damped_wave,1,64,21,combined,0,0,False,0.0,0,False,False
damped_wave,1,64,22,combined,0,0,False,0.0,0,False,False
damped_wave,1,64,23,combined,0,0,False,0.0,0,False,False
damped_wave,1,64,24,combined,0,0,False,0.0,0,False,False
damped_wave,1,64,25,combined,0,0,False,0.0,0,False,False
damped_wave,1,64,26,combined,0,0,False,0.0,0,False,False
damped_wave,1,64,27,combined,0,0,False,0.0,0,False,False
damped_wave,1,64,28,combined,0,0,False,0.0,0,False,False
damped_wave,1,64,29,combined,0,0,False,0.0,0,False,False
damped_wave,2,2,0,inference_only,0,0,False,0.0,0,False,False
damped_wave,2,2,1,inference_only,0,0,False,0.0,0,False,False
damped_wave,2,2,2,inference_only,0,0,False,0.0,0,False,False
damped_wave,2,2,3,inference_only,0,0,False,0.0,0,False,False
damped_wave,2,2,4,inference_only,0,0,False,0.0,0,False,False
damped_wave,2,2,5,inference_only,0,0,False,0.0,0,False,False
damped_wave,2,2,6,inference_only,0,0,False,0.0,0,False,False
damped_wave,2,2,7,inference_only,0,0,False,0.0,0,False,False
damped_wave,2,2,8,inference_only,0,0,False,0.0,0,False,False
damped_wave,2,2,9,inference_only,0,0,False,0.0,0,False,False
damped_wave,2,2,10,inference_only,0,0,False,0.0,0,False,False
damped_wave,2,2,11,inference_only,0,0,False,0.0,0,False,False
damped_wave,2,2,12,inference_only,0,0,False,0.0,0,False,False
damped_wave,2,2,13,inference_only,0,0,False,0.0,0,False,False
damped_wave,2,2,14,inference_only,0,0,False,0.0,0,False,False
damped_wave,2,2,15,inference_only,0,0,False,0.0,0,False,False
damped_wave,2,2,16,inference_only,0,0,False,0.0,0,False,False
damped_wave,2,2,17,inference_only,0,0,False,0.0,0,False,False
damped_wave,2,2,18,inference_only,0,0,False,0.0,0,False,False
damped_wave,2,2,19,inference_only,0,0,False,0.0,0,False,False
damped_wave,2,2,20,inference_only,0,0,False,0.0,0,False,False
damped_wave,2,2,21,inference_only,0,0,False,0.0,0,False,False
damped_wave,2,2,22,inference_only,0,0,False,0.0,0,False,False
damped_wave,2,2,23,inference_only,0,0,False,0.0,0,False,False
damped_wave,2,2,24,inference_only,0,0,False,0.0,0,False,False
damped_wave,2,2,25,inference_only,0,0,False,0.0,0,False,False
damped_wave,2,2,26,inference_only,0,0,False,0.0,0,False,False
damped_wave,2,2,27,inference_only,0,0,False,0.0,0,False,False
damped_wave,2,2,28,inference_only,0,0,False,0.0,0,False,False
damped_wave,2,2,29,inference_only,0,0,False,0.0,0,False,False
damped_wave,2,2,0,response_only,0,0,False,0.0,0,False,False
damped_wave,2,2,1,response_only,0,0,False,0.0,0,False,False
damped_wave,2,2,2,response_only,0,0,False,0.0,0,False,False
damped_wave,2,2,3,response_only,0,0,False,0.0,0,False,False
damped_wave,2,2,4,response_only,0,0,False,0.0,0,False,False
damped_wave,2,2,5,response_only,0,0,False,0.0,0,False,False
damped_wave,2,2,6,response_only,0,0,False,0.0,0,False,False
damped_wave,2,2,7,response_only,0,0,False,0.0,0,False,False
damped_wave,2,2,8,response_only,0,0,False,0.0,0,False,False
damped_wave,2,2,9,response_only,0,0,False,0.0,0,False,False
damped_wave,2,2,10,response_only,0,0,False,0.0,0,False,False
damped_wave,2,2,11,response_only,0,0,False,0.0,0,False,False
damped_wave,2,2,12,response_only,0,0,False,0.0,0,False,False
damped_wave,2,2,13,response_only,0,0,False,0.0,0,False,False
damped_wave,2,2,14,response_only,0,0,False,0.0,0,False,False
damped_wave,2,2,15,response_only,0,0,False,0.0,0,False,False
damped_wave,2,2,16,response_only,0,0,False,0.0,0,False,False
damped_wave,2,2,17,response_only,0,0,False,0.0,0,False,False
damped_wave,2,2,18,response_only,0,0,False,0.0,0,False,False
damped_wave,2,2,19,response_only,0,0,False,0.0,0,False,False
damped_wave,2,2,20,response_only,0,0,False,0.0,0,False,False
damped_wave,2,2,21,response_only,0,0,False,0.0,0,False,False
damped_wave,2,2,22,response_only,0,0,False,0.0,0,False,False
damped_wave,2,2,23,response_only,0,0,False,0.0,0,False,False
damped_wave,2,2,24,response_only,0,0,False,0.0,0,False,False
damped_wave,2,2,25,response_only,0,0,False,0.0,0,False,False
damped_wave,2,2,26,response_only,0,0,False,0.0,0,False,False
damped_wave,2,2,27,response_only,0,0,False,0.0,0,False,False
damped_wave,2,2,28,response_only,0,0,False,0.0,0,False,False
damped_wave,2,2,29,response_only,0,0,False,0.0,0,False,False
damped_wave,2,2,0,combined,0,0,False,0.0,0,False,False
damped_wave,2,2,1,combined,0,0,False,0.0,0,False,False
damped_wave,2,2,2,combined,0,0,False,0.0,0,False,False
damped_wave,2,2,3,combined,0,0,False,0.0,0,False,False
damped_wave,2,2,4,combined,0,0,False,0.0,0,False,False
damped_wave,2,2,5,combined,0,0,False,0.0,0,False,False
damped_wave,2,2,6,combined,0,0,False,0.0,0,False,False
damped_wave,2,2,7,combined,0,0,False,0.0,0,False,False
damped_wave,2,2,8,combined,0,0,False,0.0,0,False,False
damped_wave,2,2,9,combined,0,0,False,0.0,0,False,False
damped_wave,2,2,10,combined,0,0,False,0.0,0,False,False
damped_wave,2,2,11,combined,0,0,False,0.0,0,False,False
damped_wave,2,2,12,combined,0,0,False,0.0,0,False,False
damped_wave,2,2,13,combined,0,0,False,0.0,0,False,False
damped_wave,2,2,14,combined,0,0,False,0.0,0,False,False
damped_wave,2,2,15,combined,0,0,False,0.0,0,False,False
damped_wave,2,2,16,combined,0,0,False,0.0,0,False,False
damped_wave,2,2,17,combined,0,0,False,0.0,0,False,False
damped_wave,2,2,18,combined,0,0,False,0.0,0,False,False
damped_wave,2,2,19,combined,0,0,False,0.0,0,False,False
damped_wave,2,2,20,combined,0,0,False,0.0,0,False,False
damped_wave,2,2,21,combined,0,0,False,0.0,0,False,False
damped_wave,2,2,22,combined,0,0,False,0.0,0,False,False
damped_wave,2,2,23,combined,0,0,False,0.0,0,False,False
damped_wave,2,2,24,combined,0,0,False,0.0,0,False,False
damped_wave,2,2,25,combined,0,0,False,0.0,0,False,False
damped_wave,2,2,26,combined,0,0,False,0.0,0,False,False
damped_wave,2,2,27,combined,0,0,False,0.0,0,False,False
damped_wave,2,2,28,combined,0,0,False,0.0,0,False,False
damped_wave,2,2,29,combined,0,0,False,0.0,0,False,False
damped_wave,2,4,0,inference_only,0,0,False,0.0,0,False,False
damped_wave,2,4,1,inference_only,0,0,False,0.0,0,False,False
damped_wave,2,4,2,inference_only,0,0,False,0.0,0,False,False
damped_wave,2,4,3,inference_only,0,0,False,0.0,0,False,False
damped_wave,2,4,4,inference_only,0,0,False,0.0,0,False,False
damped_wave,2,4,5,inference_only,0,0,False,0.0,0,False,False
damped_wave,2,4,6,inference_only,0,0,False,0.0,0,False,False
damped_wave,2,4,7,inference_only,0,0,False,0.0,0,False,False
damped_wave,2,4,8,inference_only,0,0,False,0.0,0,False,False
damped_wave,2,4,9,inference_only,0,0,False,0.0,0,False,False
damped_wave,2,4,10,inference_only,0,0,False,0.0,0,False,False
damped_wave,2,4,11,inference_only,0,0,False,0.0,0,False,False
damped_wave,2,4,12,inference_only,0,0,False,0.0,0,False,False
damped_wave,2,4,13,inference_only,0,0,False,0.0,0,False,False
damped_wave,2,4,14,inference_only,0,0,False,0.0,0,False,False
damped_wave,2,4,15,inference_only,0,0,False,0.0,0,False,False
damped_wave,2,4,16,inference_only,0,0,False,0.0,0,False,False
damped_wave,2,4,17,inference_only,0,0,False,0.0,0,False,False
damped_wave,2,4,18,inference_only,0,0,False,0.0,0,False,False
damped_wave,2,4,19,inference_only,0,0,False,0.0,0,False,False
damped_wave,2,4,20,inference_only,0,0,False,0.0,0,False,False
damped_wave,2,4,21,inference_only,0,0,False,0.0,0,False,False
damped_wave,2,4,22,inference_only,0,0,False,0.0,0,False,False
damped_wave,2,4,23,inference_only,0,0,False,0.0,0,False,False
damped_wave,2,4,24,inference_only,0,0,False,0.0,0,False,False
damped_wave,2,4,25,inference_only,0,0,False,0.0,0,False,False
damped_wave,2,4,26,inference_only,0,0,False,0.0,0,False,False
damped_wave,2,4,27,inference_only,0,0,False,0.0,0,False,False
damped_wave,2,4,28,inference_only,0,0,False,0.0,0,False,False
damped_wave,2,4,29,inference_only,0,0,False,0.0,0,False,False
damped_wave,2,4,0,response_only,0,0,False,0.0,0,False,False
damped_wave,2,4,1,response_only,0,0,False,0.0,0,False,False
damped_wave,2,4,2,response_only,0,0,False,0.0,0,False,False
damped_wave,2,4,3,response_only,0,0,False,0.0,0,False,False
damped_wave,2,4,4,response_only,0,0,False,0.0,0,False,False
damped_wave,2,4,5,response_only,0,0,False,0.0,0,False,False
damped_wave,2,4,6,response_only,0,0,False,0.0,0,False,False
damped_wave,2,4,7,response_only,0,0,False,0.0,0,False,False
damped_wave,2,4,8,response_only,0,0,False,0.0,0,False,False
damped_wave,2,4,9,response_only,0,0,False,0.0,0,False,False
damped_wave,2,4,10,response_only,0,0,False,0.0,0,False,False
damped_wave,2,4,11,response_only,0,0,False,0.0,0,False,False
damped_wave,2,4,12,response_only,0,0,False,0.0,0,False,False
damped_wave,2,4,13,response_only,0,0,False,0.0,0,False,False
damped_wave,2,4,14,response_only,0,0,False,0.0,0,False,False
damped_wave,2,4,15,response_only,0,0,False,0.0,0,False,False
damped_wave,2,4,16,response_only,0,0,False,0.0,0,False,False
damped_wave,2,4,17,response_only,0,0,False,0.0,0,False,False
damped_wave,2,4,18,response_only,0,0,False,0.0,0,False,False
damped_wave,2,4,19,response_only,0,0,False,0.0,0,False,False
damped_wave,2,4,20,response_only,0,0,False,0.0,0,False,False
damped_wave,2,4,21,response_only,0,0,False,0.0,0,False,False
damped_wave,2,4,22,response_only,0,0,False,0.0,0,False,False
damped_wave,2,4,23,response_only,0,0,False,0.0,0,False,False
damped_wave,2,4,24,response_only,0,0,False,0.0,0,False,False
damped_wave,2,4,25,response_only,0,0,False,0.0,0,False,False
damped_wave,2,4,26,response_only,0,0,False,0.0,0,False,False
damped_wave,2,4,27,response_only,0,0,False,0.0,0,False,False
damped_wave,2,4,28,response_only,0,0,False,0.0,0,False,False
damped_wave,2,4,29,response_only,0,0,False,0.0,0,False,False
damped_wave,2,4,0,combined,0,0,False,0.0,0,False,False
damped_wave,2,4,1,combined,0,0,False,0.0,0,False,False
damped_wave,2,4,2,combined,0,0,False,0.0,0,False,False
damped_wave,2,4,3,combined,0,0,False,0.0,0,False,False
damped_wave,2,4,4,combined,0,0,False,0.0,0,False,False
damped_wave,2,4,5,combined,0,0,False,0.0,0,False,False
damped_wave,2,4,6,combined,0,0,False,0.0,0,False,False
damped_wave,2,4,7,combined,0,0,False,0.0,0,False,False
damped_wave,2,4,8,combined,0,0,False,0.0,0,False,False
damped_wave,2,4,9,combined,0,0,False,0.0,0,False,False
damped_wave,2,4,10,combined,0,0,False,0.0,0,False,False
damped_wave,2,4,11,combined,0,0,False,0.0,0,False,False
damped_wave,2,4,12,combined,0,0,False,0.0,0,False,False
damped_wave,2,4,13,combined,0,0,False,0.0,0,False,False
damped_wave,2,4,14,combined,0,0,False,0.0,0,False,False
damped_wave,2,4,15,combined,0,0,False,0.0,0,False,False
damped_wave,2,4,16,combined,0,0,False,0.0,0,False,False
damped_wave,2,4,17,combined,0,0,False,0.0,0,False,False
damped_wave,2,4,18,combined,0,0,False,0.0,0,False,False
damped_wave,2,4,19,combined,0,0,False,0.0,0,False,False
damped_wave,2,4,20,combined,0,0,False,0.0,0,False,False
damped_wave,2,4,21,combined,0,0,False,0.0,0,False,False
damped_wave,2,4,22,combined,0,0,False,0.0,0,False,False
damped_wave,2,4,23,combined,0,0,False,0.0,0,False,False
damped_wave,2,4,24,combined,0,0,False,0.0,0,False,False
damped_wave,2,4,25,combined,0,0,False,0.0,0,False,False
damped_wave,2,4,26,combined,0,0,False,0.0,0,False,False
damped_wave,2,4,27,combined,0,0,False,0.0,0,False,False
damped_wave,2,4,28,combined,0,0,False,0.0,0,False,False
damped_wave,2,4,29,combined,0,0,False,0.0,0,False,False
damped_wave,2,8,0,inference_only,0,0,False,0.0,0,False,False
damped_wave,2,8,1,inference_only,0,0,False,0.0,0,False,False
damped_wave,2,8,2,inference_only,0,0,False,0.0,0,False,False
damped_wave,2,8,3,inference_only,0,0,False,0.0,0,False,False
damped_wave,2,8,4,inference_only,0,0,False,0.0,0,False,False
damped_wave,2,8,5,inference_only,0,0,False,0.0,0,False,False
damped_wave,2,8,6,inference_only,0,0,False,0.0,0,False,False
damped_wave,2,8,7,inference_only,0,0,False,0.0,0,False,False
damped_wave,2,8,8,inference_only,0,0,False,0.0,0,False,False
damped_wave,2,8,9,inference_only,0,0,False,0.0,0,False,False
damped_wave,2,8,10,inference_only,0,0,False,0.0,0,False,False
damped_wave,2,8,11,inference_only,0,0,False,0.0,0,False,False
damped_wave,2,8,12,inference_only,0,0,False,0.0,0,False,False
damped_wave,2,8,13,inference_only,0,0,False,0.0,0,False,False
damped_wave,2,8,14,inference_only,0,0,False,0.0,0,False,False
damped_wave,2,8,15,inference_only,0,0,False,0.0,0,False,False
damped_wave,2,8,16,inference_only,0,0,False,0.0,0,False,False
damped_wave,2,8,17,inference_only,0,0,False,0.0,0,False,False
damped_wave,2,8,18,inference_only,0,0,False,0.0,0,False,False
damped_wave,2,8,19,inference_only,0,0,False,0.0,0,False,False
damped_wave,2,8,20,inference_only,0,0,False,0.0,0,False,False
damped_wave,2,8,21,inference_only,0,0,False,0.0,0,False,False
damped_wave,2,8,22,inference_only,0,0,False,0.0,0,False,False
damped_wave,2,8,23,inference_only,0,0,False,0.0,0,False,False
damped_wave,2,8,24,inference_only,0,0,False,0.0,0,False,False
damped_wave,2,8,25,inference_only,0,0,False,0.0,0,False,False
damped_wave,2,8,26,inference_only,0,0,False,0.0,0,False,False
damped_wave,2,8,27,inference_only,0,0,False,0.0,0,False,False
damped_wave,2,8,28,inference_only,0,0,False,0.0,0,False,False
damped_wave,2,8,29,inference_only,0,0,False,0.0,0,False,False
damped_wave,2,8,0,response_only,0,0,False,0.0,0,False,False
damped_wave,2,8,1,response_only,0,0,False,0.0,0,False,False
damped_wave,2,8,2,response_only,0,0,False,0.0,0,False,False
damped_wave,2,8,3,response_only,0,0,False,0.0,0,False,False
damped_wave,2,8,4,response_only,0,0,False,0.0,0,False,False
damped_wave,2,8,5,response_only,0,0,False,0.0,0,False,False
damped_wave,2,8,6,response_only,0,0,False,0.0,0,False,False
damped_wave,2,8,7,response_only,0,0,False,0.0,0,False,False
damped_wave,2,8,8,response_only,0,0,False,0.0,0,False,False
damped_wave,2,8,9,response_only,0,0,False,0.0,0,False,False
damped_wave,2,8,10,response_only,0,0,False,0.0,0,False,False
damped_wave,2,8,11,response_only,0,0,False,0.0,0,False,False
damped_wave,2,8,12,response_only,0,0,False,0.0,0,False,False
damped_wave,2,8,13,response_only,0,0,False,0.0,0,False,False
damped_wave,2,8,14,response_only,0,0,False,0.0,0,False,False
damped_wave,2,8,15,response_only,0,0,False,0.0,0,False,False
damped_wave,2,8,16,response_only,0,0,False,0.0,0,False,False
damped_wave,2,8,17,response_only,0,0,False,0.0,0,False,False
damped_wave,2,8,18,response_only,0,0,False,0.0,0,False,False
damped_wave,2,8,19,response_only,0,0,False,0.0,0,False,False
damped_wave,2,8,20,response_only,0,0,False,0.0,0,False,False
damped_wave,2,8,21,response_only,0,0,False,0.0,0,False,False
damped_wave,2,8,22,response_only,0,0,False,0.0,0,False,False
damped_wave,2,8,23,response_only,0,0,False,0.0,0,False,False
damped_wave,2,8,24,response_only,0,0,False,0.0,0,False,False
damped_wave,2,8,25,response_only,0,0,False,0.0,0,False,False
damped_wave,2,8,26,response_only,0,0,False,0.0,0,False,False
damped_wave,2,8,27,response_only,0,0,False,0.0,0,False,False
damped_wave,2,8,28,response_only,0,0,False,0.0,0,False,False
damped_wave,2,8,29,response_only,0,0,False,0.0,0,False,False
damped_wave,2,8,0,combined,0,0,False,0.0,0,False,False
damped_wave,2,8,1,combined,0,0,False,0.0,0,False,False
damped_wave,2,8,2,combined,0,0,False,0.0,0,False,False
damped_wave,2,8,3,combined,0,0,False,0.0,0,False,False
damped_wave,2,8,4,combined,0,0,False,0.0,0,False,False
damped_wave,2,8,5,combined,0,0,False,0.0,0,False,False
damped_wave,2,8,6,combined,0,0,False,0.0,0,False,False
damped_wave,2,8,7,combined,0,0,False,0.0,0,False,False
damped_wave,2,8,8,combined,0,0,False,0.0,0,False,False
damped_wave,2,8,9,combined,0,0,False,0.0,0,False,False
damped_wave,2,8,10,combined,0,0,False,0.0,0,False,False
damped_wave,2,8,11,combined,0,0,False,0.0,0,False,False
damped_wave,2,8,12,combined,0,0,False,0.0,0,False,False
damped_wave,2,8,13,combined,0,0,False,0.0,0,False,False
damped_wave,2,8,14,combined,0,0,False,0.0,0,False,False
damped_wave,2,8,15,combined,0,0,False,0.0,0,False,False
damped_wave,2,8,16,combined,0,0,False,0.0,0,False,False
damped_wave,2,8,17,combined,0,0,False,0.0,0,False,False
damped_wave,2,8,18,combined,0,0,False,0.0,0,False,False
damped_wave,2,8,19,combined,0,0,False,0.0,0,False,False
damped_wave,2,8,20,combined,0,0,False,0.0,0,False,False
damped_wave,2,8,21,combined,0,0,False,0.0,0,False,False
damped_wave,2,8,22,combined,0,0,False,0.0,0,False,False
damped_wave,2,8,23,combined,0,0,False,0.0,0,False,False
damped_wave,2,8,24,combined,0,0,False,0.0,0,False,False
damped_wave,2,8,25,combined,0,0,False,0.0,0,False,False
damped_wave,2,8,26,combined,0,0,False,0.0,0,False,False
damped_wave,2,8,27,combined,0,0,False,0.0,0,False,False
damped_wave,2,8,28,combined,0,0,False,0.0,0,False,False
damped_wave,2,8,29,combined,0,0,False,0.0,0,False,False
damped_wave,2,16,0,inference_only,0,0,False,0.0,0,False,False
damped_wave,2,16,1,inference_only,0,0,False,0.0,0,False,False
damped_wave,2,16,2,inference_only,0,0,False,0.0,0,False,False
damped_wave,2,16,3,inference_only,0,0,False,0.0,0,False,False
damped_wave,2,16,4,inference_only,0,0,False,0.0,0,False,False
damped_wave,2,16,5,inference_only,0,0,False,0.0,0,False,False
damped_wave,2,16,6,inference_only,0,0,False,0.0,0,False,False
damped_wave,2,16,7,inference_only,0,0,False,0.0,0,False,False
damped_wave,2,16,8,inference_only,0,0,False,0.0,0,False,False
damped_wave,2,16,9,inference_only,0,0,False,0.0,0,False,False
damped_wave,2,16,10,inference_only,0,0,False,0.0,0,False,False
damped_wave,2,16,11,inference_only,0,0,False,0.0,0,False,False
damped_wave,2,16,12,inference_only,0,0,False,0.0,0,False,False
damped_wave,2,16,13,inference_only,0,0,False,0.0,0,False,False
damped_wave,2,16,14,inference_only,0,0,False,0.0,0,False,False
damped_wave,2,16,15,inference_only,0,0,False,0.0,0,False,False
damped_wave,2,16,16,inference_only,0,0,False,0.0,0,False,False
damped_wave,2,16,17,inference_only,0,0,False,0.0,0,False,False
damped_wave,2,16,18,inference_only,0,0,False,0.0,0,False,False
damped_wave,2,16,19,inference_only,0,0,False,0.0,0,False,False
damped_wave,2,16,20,inference_only,0,0,False,0.0,0,False,False
damped_wave,2,16,21,inference_only,0,0,False,0.0,0,False,False
damped_wave,2,16,22,inference_only,0,0,False,0.0,0,False,False
damped_wave,2,16,23,inference_only,0,0,False,0.0,0,False,False
damped_wave,2,16,24,inference_only,0,0,False,0.0,0,False,False
damped_wave,2,16,25,inference_only,0,0,False,0.0,0,False,False
damped_wave,2,16,26,inference_only,0,0,False,0.0,0,False,False
damped_wave,2,16,27,inference_only,0,0,False,0.0,0,False,False
damped_wave,2,16,28,inference_only,0,0,False,0.0,0,False,False
damped_wave,2,16,29,inference_only,0,0,False,0.0,0,False,False
damped_wave,2,16,0,response_only,0,1,False,0.01,0,False,True
damped_wave,2,16,1,response_only,0,1,False,0.010000000000000002,0,False,True
damped_wave,2,16,2,response_only,0,1,False,0.009999999999999998,0,False,True
damped_wave,2,16,3,response_only,0,1,False,0.01,0,False,True
damped_wave,2,16,4,response_only,0,1,False,0.01,0,False,True
damped_wave,2,16,5,response_only,0,1,False,0.009999999999999998,0,False,True
damped_wave,2,16,6,response_only,0,1,False,0.01,0,False,True
damped_wave,2,16,7,response_only,0,1,False,0.009999999999999998,0,False,True
damped_wave,2,16,8,response_only,0,1,False,0.01,0,False,True
damped_wave,2,16,9,response_only,0,1,False,0.010000000000000004,0,False,True
damped_wave,2,16,10,response_only,0,1,False,0.01,0,False,True
damped_wave,2,16,11,response_only,0,1,False,0.009999999999999998,0,False,True
damped_wave,2,16,12,response_only,0,1,False,0.010000000000000002,0,False,True
damped_wave,2,16,13,response_only,0,1,False,0.01,0,False,True
damped_wave,2,16,14,response_only,0,1,False,0.009999999999999998,0,False,True
damped_wave,2,16,15,response_only,0,1,False,0.009999999999999998,0,False,True
damped_wave,2,16,16,response_only,0,1,False,0.010000000000000002,0,False,True
damped_wave,2,16,17,response_only,0,1,False,0.010000000000000002,0,False,True
damped_wave,2,16,18,response_only,0,1,False,0.010000000000000002,0,False,True
damped_wave,2,16,19,response_only,0,1,False,0.009999999999999998,0,False,True
damped_wave,2,16,20,response_only,0,1,False,0.009999999999999998,0,False,True
damped_wave,2,16,21,response_only,0,1,False,0.01,0,False,True
damped_wave,2,16,22,response_only,0,1,False,0.010000000000000002,0,False,True
damped_wave,2,16,23,response_only,0,1,False,0.009999999999999998,0,False,True
damped_wave,2,16,24,response_only,0,1,False,0.010000000000000002,0,False,True
damped_wave,2,16,25,response_only,0,1,False,0.01,0,False,True
damped_wave,2,16,26,response_only,0,1,False,0.01,0,False,True
damped_wave,2,16,27,response_only,0,1,False,0.01,0,False,True
damped_wave,2,16,28,response_only,0,1,False,0.01,0,False,True
damped_wave,2,16,29,response_only,0,1,False,0.01,0,False,True
damped_wave,2,16,0,combined,0,1,False,0.01,0,False,True
damped_wave,2,16,1,combined,0,1,False,0.010000000000000002,0,False,True
damped_wave,2,16,2,combined,0,1,False,0.009999999999999998,0,False,True
damped_wave,2,16,3,combined,0,1,False,0.01,0,False,True
damped_wave,2,16,4,combined,0,1,False,0.01,0,False,True
damped_wave,2,16,5,combined,0,1,False,0.009999999999999998,0,False,True
damped_wave,2,16,6,combined,0,1,False,0.01,0,False,True
damped_wave,2,16,7,combined,0,1,False,0.009999999999999998,0,False,True
damped_wave,2,16,8,combined,0,1,False,0.01,0,False,True
damped_wave,2,16,9,combined,0,1,False,0.010000000000000004,0,False,True
damped_wave,2,16,10,combined,0,1,False,0.01,0,False,True
damped_wave,2,16,11,combined,0,1,False,0.009999999999999998,0,False,True
damped_wave,2,16,12,combined,0,1,False,0.010000000000000002,0,False,True
damped_wave,2,16,13,combined,0,1,False,0.01,0,False,True
damped_wave,2,16,14,combined,0,1,False,0.009999999999999998,0,False,True
damped_wave,2,16,15,combined,0,1,False,0.009999999999999998,0,False,True
damped_wave,2,16,16,combined,0,1,False,0.010000000000000002,0,False,True
damped_wave,2,16,17,combined,0,1,False,0.010000000000000002,0,False,True
damped_wave,2,16,18,combined,0,1,False,0.010000000000000002,0,False,True
damped_wave,2,16,19,combined,0,1,False,0.009999999999999998,0,False,True
damped_wave,2,16,20,combined,0,1,False,0.009999999999999998,0,False,True
damped_wave,2,16,21,combined,0,2,False,0.08,0,False,True
damped_wave,2,16,22,combined,0,1,False,0.010000000000000002,0,False,True
damped_wave,2,16,23,combined,0,1,False,0.009999999999999998,0,False,True
damped_wave,2,16,24,combined,0,1,False,0.010000000000000002,0,False,True
damped_wave,2,16,25,combined,0,1,False,0.01,0,False,True
damped_wave,2,16,26,combined,0,1,False,0.01,0,False,True
damped_wave,2,16,27,combined,0,1,False,0.01,0,False,True
damped_wave,2,16,28,combined,0,1,False,0.01,0,False,True
damped_wave,2,16,29,combined,0,1,False,0.01,0,False,True
damped_wave,2,32,0,inference_only,0,0,False,0.0,0,False,False
damped_wave,2,32,1,inference_only,0,0,False,0.0,0,False,False
damped_wave,2,32,2,inference_only,0,0,False,0.0,0,False,False
damped_wave,2,32,3,inference_only,0,0,False,0.0,0,False,False
damped_wave,2,32,4,inference_only,0,0,False,0.0,0,False,False
damped_wave,2,32,5,inference_only,0,0,False,0.0,0,False,False
damped_wave,2,32,6,inference_only,0,0,False,0.0,0,False,False
damped_wave,2,32,7,inference_only,0,0,False,0.0,0,False,False
damped_wave,2,32,8,inference_only,0,0,False,0.0,0,False,False
damped_wave,2,32,9,inference_only,0,0,False,0.0,0,False,False
damped_wave,2,32,10,inference_only,0,0,False,0.0,0,False,False
damped_wave,2,32,11,inference_only,0,0,False,0.0,0,False,False
damped_wave,2,32,12,inference_only,0,0,False,0.0,0,False,False
damped_wave,2,32,13,inference_only,0,0,False,0.0,0,False,False
damped_wave,2,32,14,inference_only,0,0,False,0.0,0,False,False
damped_wave,2,32,15,inference_only,0,0,False,0.0,0,False,False
damped_wave,2,32,16,inference_only,0,0,False,0.0,0,False,False
damped_wave,2,32,17,inference_only,0,0,False,0.0,0,False,False
damped_wave,2,32,18,inference_only,0,0,False,0.0,0,False,False
damped_wave,2,32,19,inference_only,0,0,False,0.0,0,False,False
damped_wave,2,32,20,inference_only,0,0,False,0.0,0,False,False
damped_wave,2,32,21,inference_only,0,0,False,0.0,0,False,False
damped_wave,2,32,22,inference_only,0,0,False,0.0,0,False,False
damped_wave,2,32,23,inference_only,0,0,False,0.0,0,False,False
damped_wave,2,32,24,inference_only,0,0,False,0.0,0,False,False
damped_wave,2,32,25,inference_only,0,0,False,0.0,0,False,False
damped_wave,2,32,26,inference_only,0,0,False,0.0,0,False,False
damped_wave,2,32,27,inference_only,0,0,False,0.0,0,False,False
damped_wave,2,32,28,inference_only,0,0,False,0.0,0,False,False
damped_wave,2,32,29,inference_only,0,0,False,0.0,0,False,False
damped_wave,2,32,0,response_only,0,0,False,0.0,0,False,False
damped_wave,2,32,1,response_only,0,0,False,0.0,0,False,False
damped_wave,2,32,2,response_only,0,0,False,0.0,0,False,False
damped_wave,2,32,3,response_only,0,0,False,0.0,0,False,False
damped_wave,2,32,4,response_only,0,0,False,0.0,0,False,False
damped_wave,2,32,5,response_only,0,0,False,0.0,0,False,False
damped_wave,2,32,6,response_only,0,0,False,0.0,0,False,False
damped_wave,2,32,7,response_only,0,0,False,0.0,0,False,False
damped_wave,2,32,8,response_only,0,0,False,0.0,0,False,False
damped_wave,2,32,9,response_only,0,0,False,0.0,0,False,False
damped_wave,2,32,10,response_only,0,0,False,0.0,0,False,False
damped_wave,2,32,11,response_only,0,0,False,0.0,0,False,False
damped_wave,2,32,12,response_only,0,0,False,0.0,0,False,False
damped_wave,2,32,13,response_only,0,0,False,0.0,0,False,False
damped_wave,2,32,14,response_only,0,0,False,0.0,0,False,False
damped_wave,2,32,15,response_only,0,0,False,0.0,0,False,False
damped_wave,2,32,16,response_only,0,0,False,0.0,0,False,False
damped_wave,2,32,17,response_only,0,0,False,0.0,0,False,False
damped_wave,2,32,18,response_only,0,0,False,0.0,0,False,False
damped_wave,2,32,19,response_only,0,0,False,0.0,0,False,False
damped_wave,2,32,20,response_only,0,0,False,0.0,0,False,False
damped_wave,2,32,21,response_only,0,0,False,0.0,0,False,False
damped_wave,2,32,22,response_only,0,0,False,0.0,0,False,False
damped_wave,2,32,23,response_only,0,0,False,0.0,0,False,False
damped_wave,2,32,24,response_only,0,0,False,0.0,0,False,False
damped_wave,2,32,25,response_only,0,0,False,0.0,0,False,False
damped_wave,2,32,26,response_only,0,0,False,0.0,0,False,False
damped_wave,2,32,27,response_only,0,0,False,0.0,0,False,False
damped_wave,2,32,28,response_only,0,0,False,0.0,0,False,False
damped_wave,2,32,29,response_only,0,0,False,0.0,0,False,False
damped_wave,2,32,0,combined,0,0,False,0.0,0,False,False
damped_wave,2,32,1,combined,0,0,False,0.0,0,False,False
damped_wave,2,32,2,combined,0,0,False,0.0,0,False,False
damped_wave,2,32,3,combined,0,0,False,0.0,0,False,False
damped_wave,2,32,4,combined,0,0,False,0.0,0,False,False
damped_wave,2,32,5,combined,0,0,False,0.0,0,False,False
damped_wave,2,32,6,combined,0,0,False,0.0,0,False,False
damped_wave,2,32,7,combined,0,0,False,0.0,0,False,False
damped_wave,2,32,8,combined,0,0,False,0.0,0,False,False
damped_wave,2,32,9,combined,0,0,False,0.0,0,False,False
damped_wave,2,32,10,combined,0,0,False,0.0,0,False,False
damped_wave,2,32,11,combined,0,0,False,0.0,0,False,False
damped_wave,2,32,12,combined,0,0,False,0.0,0,False,False
damped_wave,2,32,13,combined,0,0,False,0.0,0,False,False
damped_wave,2,32,14,combined,0,0,False,0.0,0,False,False
damped_wave,2,32,15,combined,0,0,False,0.0,0,False,False
damped_wave,2,32,16,combined,0,0,False,0.0,0,False,False
damped_wave,2,32,17,combined,0,0,False,0.0,0,False,False
damped_wave,2,32,18,combined,0,0,False,0.0,0,False,False
damped_wave,2,32,19,combined,0,0,False,0.0,0,False,False
damped_wave,2,32,20,combined,0,0,False,0.0,0,False,False
damped_wave,2,32,21,combined,0,0,False,0.0,0,False,False
damped_wave,2,32,22,combined,0,0,False,0.0,0,False,False
damped_wave,2,32,23,combined,0,0,False,0.0,0,False,False
damped_wave,2,32,24,combined,0,0,False,0.0,0,False,False
damped_wave,2,32,25,combined,0,0,False,0.0,0,False,False
damped_wave,2,32,26,combined,0,0,False,0.0,0,False,False
damped_wave,2,32,27,combined,0,0,False,0.0,0,False,False
damped_wave,2,32,28,combined,0,0,False,0.0,0,False,False
damped_wave,2,32,29,combined,0,0,False,0.0,0,False,False
damped_wave,2,64,0,inference_only,0,0,False,0.0,0,False,False
damped_wave,2,64,1,inference_only,0,0,False,0.0,0,False,False
damped_wave,2,64,2,inference_only,0,0,False,0.0,0,False,False
damped_wave,2,64,3,inference_only,0,0,False,0.0,0,False,False
damped_wave,2,64,4,inference_only,0,0,False,0.0,0,False,False
damped_wave,2,64,5,inference_only,0,0,False,0.0,0,False,False
damped_wave,2,64,6,inference_only,0,0,False,0.0,0,False,False
damped_wave,2,64,7,inference_only,0,0,False,0.0,0,False,False
damped_wave,2,64,8,inference_only,0,0,False,0.0,0,False,False
damped_wave,2,64,9,inference_only,0,0,False,0.0,0,False,False
damped_wave,2,64,10,inference_only,0,0,False,0.0,0,False,False
damped_wave,2,64,11,inference_only,0,0,False,0.0,0,False,False
damped_wave,2,64,12,inference_only,0,0,False,0.0,0,False,False
damped_wave,2,64,13,inference_only,0,0,False,0.0,0,False,False
damped_wave,2,64,14,inference_only,0,0,False,0.0,0,False,False
damped_wave,2,64,15,inference_only,0,0,False,0.0,0,False,False
damped_wave,2,64,16,inference_only,0,0,False,0.0,0,False,False
damped_wave,2,64,17,inference_only,0,0,False,0.0,0,False,False
damped_wave,2,64,18,inference_only,0,0,False,0.0,0,False,False
damped_wave,2,64,19,inference_only,0,0,False,0.0,0,False,False
damped_wave,2,64,20,inference_only,0,0,False,0.0,0,False,False
damped_wave,2,64,21,inference_only,0,0,False,0.0,0,False,False
damped_wave,2,64,22,inference_only,0,0,False,0.0,0,False,False
damped_wave,2,64,23,inference_only,0,0,False,0.0,0,False,False
damped_wave,2,64,24,inference_only,0,0,False,0.0,0,False,False
damped_wave,2,64,25,inference_only,0,0,False,0.0,0,False,False
damped_wave,2,64,26,inference_only,0,0,False,0.0,0,False,False
damped_wave,2,64,27,inference_only,0,0,False,0.0,0,False,False
damped_wave,2,64,28,inference_only,0,0,False,0.0,0,False,False
damped_wave,2,64,29,inference_only,0,0,False,0.0,0,False,False
damped_wave,2,64,0,response_only,0,0,False,0.0,0,False,False
damped_wave,2,64,1,response_only,0,0,False,0.0,0,False,False
damped_wave,2,64,2,response_only,0,0,False,0.0,0,False,False
damped_wave,2,64,3,response_only,0,0,False,0.0,0,False,False
damped_wave,2,64,4,response_only,0,0,False,0.0,0,False,False
damped_wave,2,64,5,response_only,0,0,False,0.0,0,False,False
damped_wave,2,64,6,response_only,0,0,False,0.0,0,False,False
damped_wave,2,64,7,response_only,0,0,False,0.0,0,False,False
damped_wave,2,64,8,response_only,0,0,False,0.0,0,False,False
damped_wave,2,64,9,response_only,0,0,False,0.0,0,False,False
damped_wave,2,64,10,response_only,0,0,False,0.0,0,False,False
damped_wave,2,64,11,response_only,0,0,False,0.0,0,False,False
damped_wave,2,64,12,response_only,0,0,False,0.0,0,False,False
damped_wave,2,64,13,response_only,0,0,False,0.0,0,False,False
damped_wave,2,64,14,response_only,0,0,False,0.0,0,False,False
damped_wave,2,64,15,response_only,0,0,False,0.0,0,False,False
damped_wave,2,64,16,response_only,0,0,False,0.0,0,False,False
damped_wave,2,64,17,response_only,0,0,False,0.0,0,False,False
damped_wave,2,64,18,response_only,0,0,False,0.0,0,False,False
damped_wave,2,64,19,response_only,0,0,False,0.0,0,False,False
damped_wave,2,64,20,response_only,0,0,False,0.0,0,False,False
damped_wave,2,64,21,response_only,0,0,False,0.0,0,False,False
damped_wave,2,64,22,response_only,0,0,False,0.0,0,False,False
damped_wave,2,64,23,response_only,0,0,False,0.0,0,False,False
damped_wave,2,64,24,response_only,0,0,False,0.0,0,False,False
damped_wave,2,64,25,response_only,0,0,False,0.0,0,False,False
damped_wave,2,64,26,response_only,0,0,False,0.0,0,False,False
damped_wave,2,64,27,response_only,0,0,False,0.0,0,False,False
damped_wave,2,64,28,response_only,0,0,False,0.0,0,False,False
damped_wave,2,64,29,response_only,0,0,False,0.0,0,False,False
damped_wave,2,64,0,combined,0,0,False,0.0,0,False,False
damped_wave,2,64,1,combined,0,0,False,0.0,0,False,False
damped_wave,2,64,2,combined,0,0,False,0.0,0,False,False
damped_wave,2,64,3,combined,0,0,False,0.0,0,False,False
damped_wave,2,64,4,combined,0,0,False,0.0,0,False,False
damped_wave,2,64,5,combined,0,0,False,0.0,0,False,False
damped_wave,2,64,6,combined,0,0,False,0.0,0,False,False
damped_wave,2,64,7,combined,0,0,False,0.0,0,False,False
damped_wave,2,64,8,combined,0,0,False,0.0,0,False,False
damped_wave,2,64,9,combined,0,0,False,0.0,0,False,False
damped_wave,2,64,10,combined,0,0,False,0.0,0,False,False
damped_wave,2,64,11,combined,0,0,False,0.0,0,False,False
damped_wave,2,64,12,combined,0,0,False,0.0,0,False,False
damped_wave,2,64,13,combined,0,0,False,0.0,0,False,False
damped_wave,2,64,14,combined,0,0,False,0.0,0,False,False
damped_wave,2,64,15,combined,0,0,False,0.0,0,False,False
damped_wave,2,64,16,combined,0,0,False,0.0,0,False,False
damped_wave,2,64,17,combined,0,0,False,0.0,0,False,False
damped_wave,2,64,18,combined,0,0,False,0.0,0,False,False
damped_wave,2,64,19,combined,0,0,False,0.0,0,False,False
damped_wave,2,64,20,combined,0,0,False,0.0,0,False,False
damped_wave,2,64,21,combined,0,0,False,0.0,0,False,False
damped_wave,2,64,22,combined,0,0,False,0.0,0,False,False
damped_wave,2,64,23,combined,0,0,False,0.0,0,False,False
damped_wave,2,64,24,combined,0,0,False,0.0,0,False,False
damped_wave,2,64,25,combined,0,0,False,0.0,0,False,False
damped_wave,2,64,26,combined,0,0,False,0.0,0,False,False
damped_wave,2,64,27,combined,0,0,False,0.0,0,False,False
damped_wave,2,64,28,combined,0,0,False,0.0,0,False,False
damped_wave,2,64,29,combined,0,0,False,0.0,0,False,False
damped_wave,3,2,0,inference_only,0,0,False,0.0,0,False,False
damped_wave,3,2,1,inference_only,0,0,False,0.0,0,False,False
damped_wave,3,2,2,inference_only,0,0,False,0.0,0,False,False
damped_wave,3,2,3,inference_only,0,0,False,0.0,0,False,False
damped_wave,3,2,4,inference_only,0,0,False,0.0,0,False,False
damped_wave,3,2,5,inference_only,0,0,False,0.0,0,False,False
damped_wave,3,2,6,inference_only,0,0,False,0.0,0,False,False
damped_wave,3,2,7,inference_only,0,0,False,0.0,0,False,False
damped_wave,3,2,8,inference_only,0,0,False,0.0,0,False,False
damped_wave,3,2,9,inference_only,0,0,False,0.0,0,False,False
damped_wave,3,2,10,inference_only,0,0,False,0.0,0,False,False
damped_wave,3,2,11,inference_only,0,0,False,0.0,0,False,False
damped_wave,3,2,12,inference_only,0,0,False,0.0,0,False,False
damped_wave,3,2,13,inference_only,0,0,False,0.0,0,False,False
damped_wave,3,2,14,inference_only,0,0,False,0.0,0,False,False
damped_wave,3,2,15,inference_only,0,0,False,0.0,0,False,False
damped_wave,3,2,16,inference_only,0,0,False,0.0,0,False,False
damped_wave,3,2,17,inference_only,0,0,False,0.0,0,False,False
damped_wave,3,2,18,inference_only,0,0,False,0.0,0,False,False
damped_wave,3,2,19,inference_only,0,0,False,0.0,0,False,False
damped_wave,3,2,20,inference_only,0,0,False,0.0,0,False,False
damped_wave,3,2,21,inference_only,0,0,False,0.0,0,False,False
damped_wave,3,2,22,inference_only,0,0,False,0.0,0,False,False
damped_wave,3,2,23,inference_only,0,0,False,0.0,0,False,False
damped_wave,3,2,24,inference_only,0,0,False,0.0,0,False,False
damped_wave,3,2,25,inference_only,0,0,False,0.0,0,False,False
damped_wave,3,2,26,inference_only,0,0,False,0.0,0,False,False
damped_wave,3,2,27,inference_only,0,0,False,0.0,0,False,False
damped_wave,3,2,28,inference_only,0,0,False,0.0,0,False,False
damped_wave,3,2,29,inference_only,0,0,False,0.0,0,False,False
damped_wave,3,2,0,response_only,0,0,False,0.0,0,False,False
damped_wave,3,2,1,response_only,0,0,False,0.0,0,False,False
damped_wave,3,2,2,response_only,0,0,False,0.0,0,False,False
damped_wave,3,2,3,response_only,0,0,False,0.0,0,False,False
damped_wave,3,2,4,response_only,0,0,False,0.0,0,False,False
damped_wave,3,2,5,response_only,0,0,False,0.0,0,False,False
damped_wave,3,2,6,response_only,0,0,False,0.0,0,False,False
damped_wave,3,2,7,response_only,0,0,False,0.0,0,False,False
damped_wave,3,2,8,response_only,0,0,False,0.0,0,False,False
damped_wave,3,2,9,response_only,0,0,False,0.0,0,False,False
damped_wave,3,2,10,response_only,0,0,False,0.0,0,False,False
damped_wave,3,2,11,response_only,0,0,False,0.0,0,False,False
damped_wave,3,2,12,response_only,0,0,False,0.0,0,False,False
damped_wave,3,2,13,response_only,0,0,False,0.0,0,False,False
damped_wave,3,2,14,response_only,0,0,False,0.0,0,False,False
damped_wave,3,2,15,response_only,0,0,False,0.0,0,False,False
damped_wave,3,2,16,response_only,0,0,False,0.0,0,False,False
damped_wave,3,2,17,response_only,0,0,False,0.0,0,False,False
damped_wave,3,2,18,response_only,0,0,False,0.0,0,False,False
damped_wave,3,2,19,response_only,0,0,False,0.0,0,False,False
damped_wave,3,2,20,response_only,0,0,False,0.0,0,False,False
damped_wave,3,2,21,response_only,0,0,False,0.0,0,False,False
damped_wave,3,2,22,response_only,0,0,False,0.0,0,False,False
damped_wave,3,2,23,response_only,0,0,False,0.0,0,False,False
damped_wave,3,2,24,response_only,0,0,False,0.0,0,False,False
damped_wave,3,2,25,response_only,0,0,False,0.0,0,False,False
damped_wave,3,2,26,response_only,0,0,False,0.0,0,False,False
damped_wave,3,2,27,response_only,0,0,False,0.0,0,False,False
damped_wave,3,2,28,response_only,0,0,False,0.0,0,False,False
damped_wave,3,2,29,response_only,0,0,False,0.0,0,False,False
damped_wave,3,2,0,combined,0,0,False,0.0,0,False,False
damped_wave,3,2,1,combined,0,0,False,0.0,0,False,False
damped_wave,3,2,2,combined,0,0,False,0.0,0,False,False
damped_wave,3,2,3,combined,0,0,False,0.0,0,False,False
damped_wave,3,2,4,combined,0,0,False,0.0,0,False,False
damped_wave,3,2,5,combined,0,0,False,0.0,0,False,False
damped_wave,3,2,6,combined,0,0,False,0.0,0,False,False
damped_wave,3,2,7,combined,0,0,False,0.0,0,False,False
damped_wave,3,2,8,combined,0,0,False,0.0,0,False,False
damped_wave,3,2,9,combined,0,0,False,0.0,0,False,False
damped_wave,3,2,10,combined,0,0,False,0.0,0,False,False
damped_wave,3,2,11,combined,0,0,False,0.0,0,False,False
damped_wave,3,2,12,combined,0,0,False,0.0,0,False,False
damped_wave,3,2,13,combined,0,0,False,0.0,0,False,False
damped_wave,3,2,14,combined,0,0,False,0.0,0,False,False
damped_wave,3,2,15,combined,0,0,False,0.0,0,False,False
damped_wave,3,2,16,combined,0,0,False,0.0,0,False,False
damped_wave,3,2,17,combined,0,0,False,0.0,0,False,False
damped_wave,3,2,18,combined,0,0,False,0.0,0,False,False
damped_wave,3,2,19,combined,0,0,False,0.0,0,False,False
damped_wave,3,2,20,combined,0,0,False,0.0,0,False,False
damped_wave,3,2,21,combined,0,0,False,0.0,0,False,False
damped_wave,3,2,22,combined,0,0,False,0.0,0,False,False
damped_wave,3,2,23,combined,0,0,False,0.0,0,False,False
damped_wave,3,2,24,combined,0,0,False,0.0,0,False,False
damped_wave,3,2,25,combined,0,0,False,0.0,0,False,False
damped_wave,3,2,26,combined,0,0,False,0.0,0,False,False
damped_wave,3,2,27,combined,0,0,False,0.0,0,False,False
damped_wave,3,2,28,combined,0,0,False,0.0,0,False,False
damped_wave,3,2,29,combined,0,0,False,0.0,0,False,False
damped_wave,3,4,0,inference_only,0,0,False,0.0,0,False,False
damped_wave,3,4,1,inference_only,0,0,False,0.0,0,False,False
damped_wave,3,4,2,inference_only,0,0,False,0.0,0,False,False
damped_wave,3,4,3,inference_only,0,0,False,0.0,0,False,False
damped_wave,3,4,4,inference_only,0,0,False,0.0,0,False,False
damped_wave,3,4,5,inference_only,0,0,False,0.0,0,False,False
damped_wave,3,4,6,inference_only,0,0,False,0.0,0,False,False
damped_wave,3,4,7,inference_only,0,0,False,0.0,0,False,False
damped_wave,3,4,8,inference_only,0,0,False,0.0,0,False,False
damped_wave,3,4,9,inference_only,0,0,False,0.0,0,False,False
damped_wave,3,4,10,inference_only,0,0,False,0.0,0,False,False
damped_wave,3,4,11,inference_only,0,0,False,0.0,0,False,False
damped_wave,3,4,12,inference_only,0,0,False,0.0,0,False,False
damped_wave,3,4,13,inference_only,0,0,False,0.0,0,False,False
damped_wave,3,4,14,inference_only,0,0,False,0.0,0,False,False
damped_wave,3,4,15,inference_only,0,0,False,0.0,0,False,False
damped_wave,3,4,16,inference_only,0,0,False,0.0,0,False,False
damped_wave,3,4,17,inference_only,0,0,False,0.0,0,False,False
damped_wave,3,4,18,inference_only,0,0,False,0.0,0,False,False
damped_wave,3,4,19,inference_only,0,0,False,0.0,0,False,False
damped_wave,3,4,20,inference_only,0,0,False,0.0,0,False,False
damped_wave,3,4,21,inference_only,0,0,False,0.0,0,False,False
damped_wave,3,4,22,inference_only,0,0,False,0.0,0,False,False
damped_wave,3,4,23,inference_only,0,0,False,0.0,0,False,False
damped_wave,3,4,24,inference_only,0,0,False,0.0,0,False,False
damped_wave,3,4,25,inference_only,0,0,False,0.0,0,False,False
damped_wave,3,4,26,inference_only,0,0,False,0.0,0,False,False
damped_wave,3,4,27,inference_only,0,0,False,0.0,0,False,False
damped_wave,3,4,28,inference_only,0,0,False,0.0,0,False,False
damped_wave,3,4,29,inference_only,0,0,False,0.0,0,False,False
damped_wave,3,4,0,response_only,0,0,False,0.0,0,False,False
damped_wave,3,4,1,response_only,0,0,False,0.0,0,False,False
damped_wave,3,4,2,response_only,0,0,False,0.0,0,False,False
damped_wave,3,4,3,response_only,0,0,False,0.0,0,False,False
damped_wave,3,4,4,response_only,0,0,False,0.0,0,False,False
damped_wave,3,4,5,response_only,0,0,False,0.0,0,False,False
damped_wave,3,4,6,response_only,0,0,False,0.0,0,False,False
damped_wave,3,4,7,response_only,0,0,False,0.0,0,False,False
damped_wave,3,4,8,response_only,0,0,False,0.0,0,False,False
damped_wave,3,4,9,response_only,0,0,False,0.0,0,False,False
damped_wave,3,4,10,response_only,0,0,False,0.0,0,False,False
damped_wave,3,4,11,response_only,0,0,False,0.0,0,False,False
damped_wave,3,4,12,response_only,0,0,False,0.0,0,False,False
damped_wave,3,4,13,response_only,0,0,False,0.0,0,False,False
damped_wave,3,4,14,response_only,0,0,False,0.0,0,False,False
damped_wave,3,4,15,response_only,0,0,False,0.0,0,False,False
damped_wave,3,4,16,response_only,0,0,False,0.0,0,False,False
damped_wave,3,4,17,response_only,0,0,False,0.0,0,False,False
damped_wave,3,4,18,response_only,0,0,False,0.0,0,False,False
damped_wave,3,4,19,response_only,0,0,False,0.0,0,False,False
damped_wave,3,4,20,response_only,0,0,False,0.0,0,False,False
damped_wave,3,4,21,response_only,0,0,False,0.0,0,False,False
damped_wave,3,4,22,response_only,0,0,False,0.0,0,False,False
damped_wave,3,4,23,response_only,0,0,False,0.0,0,False,False
damped_wave,3,4,24,response_only,0,0,False,0.0,0,False,False
damped_wave,3,4,25,response_only,0,0,False,0.0,0,False,False
damped_wave,3,4,26,response_only,0,0,False,0.0,0,False,False
damped_wave,3,4,27,response_only,0,0,False,0.0,0,False,False
damped_wave,3,4,28,response_only,0,0,False,0.0,0,False,False
damped_wave,3,4,29,response_only,0,0,False,0.0,0,False,False
damped_wave,3,4,0,combined,0,0,False,0.0,0,False,False
damped_wave,3,4,1,combined,0,0,False,0.0,0,False,False
damped_wave,3,4,2,combined,0,0,False,0.0,0,False,False
damped_wave,3,4,3,combined,0,0,False,0.0,0,False,False
damped_wave,3,4,4,combined,0,0,False,0.0,0,False,False
damped_wave,3,4,5,combined,0,0,False,0.0,0,False,False
damped_wave,3,4,6,combined,0,0,False,0.0,0,False,False
damped_wave,3,4,7,combined,0,0,False,0.0,0,False,False
damped_wave,3,4,8,combined,0,0,False,0.0,0,False,False
damped_wave,3,4,9,combined,0,0,False,0.0,0,False,False
damped_wave,3,4,10,combined,0,0,False,0.0,0,False,False
damped_wave,3,4,11,combined,0,0,False,0.0,0,False,False
damped_wave,3,4,12,combined,0,0,False,0.0,0,False,False
damped_wave,3,4,13,combined,0,0,False,0.0,0,False,False
damped_wave,3,4,14,combined,0,0,False,0.0,0,False,False
damped_wave,3,4,15,combined,0,0,False,0.0,0,False,False
damped_wave,3,4,16,combined,0,0,False,0.0,0,False,False
damped_wave,3,4,17,combined,0,0,False,0.0,0,False,False
damped_wave,3,4,18,combined,0,0,False,0.0,0,False,False
damped_wave,3,4,19,combined,0,0,False,0.0,0,False,False
damped_wave,3,4,20,combined,0,0,False,0.0,0,False,False
damped_wave,3,4,21,combined,0,0,False,0.0,0,False,False
damped_wave,3,4,22,combined,0,0,False,0.0,0,False,False
damped_wave,3,4,23,combined,0,0,False,0.0,0,False,False
damped_wave,3,4,24,combined,0,0,False,0.0,0,False,False
damped_wave,3,4,25,combined,0,0,False,0.0,0,False,False
damped_wave,3,4,26,combined,0,0,False,0.0,0,False,False
damped_wave,3,4,27,combined,0,0,False,0.0,0,False,False
damped_wave,3,4,28,combined,0,0,False,0.0,0,False,False
damped_wave,3,4,29,combined,0,0,False,0.0,0,False,False
damped_wave,3,8,0,inference_only,0,0,False,0.0,0,False,False
damped_wave,3,8,1,inference_only,0,0,False,0.0,0,False,False
damped_wave,3,8,2,inference_only,0,0,False,0.0,0,False,False
damped_wave,3,8,3,inference_only,0,0,False,0.0,0,False,False
damped_wave,3,8,4,inference_only,0,0,False,0.0,0,False,False
damped_wave,3,8,5,inference_only,0,0,False,0.0,0,False,False
damped_wave,3,8,6,inference_only,0,0,False,0.0,0,False,False
damped_wave,3,8,7,inference_only,0,0,False,0.0,0,False,False
damped_wave,3,8,8,inference_only,0,0,False,0.0,0,False,False
damped_wave,3,8,9,inference_only,0,0,False,0.0,0,False,False
damped_wave,3,8,10,inference_only,0,0,False,0.0,0,False,False
damped_wave,3,8,11,inference_only,0,0,False,0.0,0,False,False
damped_wave,3,8,12,inference_only,0,0,False,0.0,0,False,False
damped_wave,3,8,13,inference_only,0,0,False,0.0,0,False,False
damped_wave,3,8,14,inference_only,0,0,False,0.0,0,False,False
damped_wave,3,8,15,inference_only,0,0,False,0.0,0,False,False
damped_wave,3,8,16,inference_only,0,0,False,0.0,0,False,False
damped_wave,3,8,17,inference_only,0,0,False,0.0,0,False,False
damped_wave,3,8,18,inference_only,0,0,False,0.0,0,False,False
damped_wave,3,8,19,inference_only,0,0,False,0.0,0,False,False
damped_wave,3,8,20,inference_only,0,0,False,0.0,0,False,False
damped_wave,3,8,21,inference_only,0,0,False,0.0,0,False,False
damped_wave,3,8,22,inference_only,0,0,False,0.0,0,False,False
damped_wave,3,8,23,inference_only,0,0,False,0.0,0,False,False
damped_wave,3,8,24,inference_only,0,0,False,0.0,0,False,False
damped_wave,3,8,25,inference_only,0,0,False,0.0,0,False,False
damped_wave,3,8,26,inference_only,0,0,False,0.0,0,False,False
damped_wave,3,8,27,inference_only,0,0,False,0.0,0,False,False
damped_wave,3,8,28,inference_only,0,0,False,0.0,0,False,False
damped_wave,3,8,29,inference_only,0,0,False,0.0,0,False,False
damped_wave,3,8,0,response_only,0,0,False,0.0,0,False,False
damped_wave,3,8,1,response_only,0,0,False,0.0,0,False,False
damped_wave,3,8,2,response_only,0,0,False,0.0,0,False,False
damped_wave,3,8,3,response_only,0,0,False,0.0,0,False,False
damped_wave,3,8,4,response_only,0,0,False,0.0,0,False,False
damped_wave,3,8,5,response_only,0,0,False,0.0,0,False,False
damped_wave,3,8,6,response_only,0,0,False,0.0,0,False,False
damped_wave,3,8,7,response_only,0,0,False,0.0,0,False,False
damped_wave,3,8,8,response_only,0,0,False,0.0,0,False,False
damped_wave,3,8,9,response_only,0,0,False,0.0,0,False,False
damped_wave,3,8,10,response_only,0,0,False,0.0,0,False,False
damped_wave,3,8,11,response_only,0,0,False,0.0,0,False,False
damped_wave,3,8,12,response_only,0,0,False,0.0,0,False,False
damped_wave,3,8,13,response_only,0,0,False,0.0,0,False,False
damped_wave,3,8,14,response_only,0,0,False,0.0,0,False,False
damped_wave,3,8,15,response_only,0,0,False,0.0,0,False,False
damped_wave,3,8,16,response_only,0,0,False,0.0,0,False,False
damped_wave,3,8,17,response_only,0,0,False,0.0,0,False,False
damped_wave,3,8,18,response_only,0,0,False,0.0,0,False,False
damped_wave,3,8,19,response_only,0,0,False,0.0,0,False,False
damped_wave,3,8,20,response_only,0,0,False,0.0,0,False,False
damped_wave,3,8,21,response_only,0,0,False,0.0,0,False,False
damped_wave,3,8,22,response_only,0,0,False,0.0,0,False,False
damped_wave,3,8,23,response_only,0,0,False,0.0,0,False,False
damped_wave,3,8,24,response_only,0,0,False,0.0,0,False,False
damped_wave,3,8,25,response_only,0,0,False,0.0,0,False,False
damped_wave,3,8,26,response_only,0,0,False,0.0,0,False,False
damped_wave,3,8,27,response_only,0,0,False,0.0,0,False,False
damped_wave,3,8,28,response_only,0,0,False,0.0,0,False,False
damped_wave,3,8,29,response_only,0,0,False,0.0,0,False,False
damped_wave,3,8,0,combined,0,0,False,0.0,0,False,False
damped_wave,3,8,1,combined,0,0,False,0.0,0,False,False
damped_wave,3,8,2,combined,0,0,False,0.0,0,False,False
damped_wave,3,8,3,combined,0,0,False,0.0,0,False,False
damped_wave,3,8,4,combined,0,0,False,0.0,0,False,False
damped_wave,3,8,5,combined,0,0,False,0.0,0,False,False
damped_wave,3,8,6,combined,0,0,False,0.0,0,False,False
damped_wave,3,8,7,combined,0,0,False,0.0,0,False,False
damped_wave,3,8,8,combined,0,0,False,0.0,0,False,False
damped_wave,3,8,9,combined,0,0,False,0.0,0,False,False
damped_wave,3,8,10,combined,0,0,False,0.0,0,False,False
damped_wave,3,8,11,combined,0,0,False,0.0,0,False,False
damped_wave,3,8,12,combined,0,0,False,0.0,0,False,False
damped_wave,3,8,13,combined,0,0,False,0.0,0,False,False
damped_wave,3,8,14,combined,0,0,False,0.0,0,False,False
damped_wave,3,8,15,combined,0,0,False,0.0,0,False,False
damped_wave,3,8,16,combined,0,0,False,0.0,0,False,False
damped_wave,3,8,17,combined,0,0,False,0.0,0,False,False
damped_wave,3,8,18,combined,0,0,False,0.0,0,False,False
damped_wave,3,8,19,combined,0,0,False,0.0,0,False,False
damped_wave,3,8,20,combined,0,0,False,0.0,0,False,False
damped_wave,3,8,21,combined,0,0,False,0.0,0,False,False
damped_wave,3,8,22,combined,0,0,False,0.0,0,False,False
damped_wave,3,8,23,combined,0,0,False,0.0,0,False,False
damped_wave,3,8,24,combined,0,0,False,0.0,0,False,False
damped_wave,3,8,25,combined,0,0,False,0.0,0,False,False
damped_wave,3,8,26,combined,0,0,False,0.0,0,False,False
damped_wave,3,8,27,combined,0,0,False,0.0,0,False,False
damped_wave,3,8,28,combined,0,0,False,0.0,0,False,False
damped_wave,3,8,29,combined,0,0,False,0.0,0,False,False
damped_wave,3,16,0,inference_only,0,0,False,0.0,0,False,False
damped_wave,3,16,1,inference_only,0,0,False,0.0,0,False,False
damped_wave,3,16,2,inference_only,0,0,False,0.0,0,False,False
damped_wave,3,16,3,inference_only,0,0,False,0.0,0,False,False
damped_wave,3,16,4,inference_only,0,0,False,0.0,0,False,False
damped_wave,3,16,5,inference_only,0,0,False,0.0,0,False,False
damped_wave,3,16,6,inference_only,0,0,False,0.0,0,False,False
damped_wave,3,16,7,inference_only,0,0,False,0.0,0,False,False
damped_wave,3,16,8,inference_only,0,0,False,0.0,0,False,False
damped_wave,3,16,9,inference_only,0,0,False,0.0,0,False,False
damped_wave,3,16,10,inference_only,0,0,False,0.0,0,False,False
damped_wave,3,16,11,inference_only,0,0,False,0.0,0,False,False
damped_wave,3,16,12,inference_only,0,0,False,0.0,0,False,False
damped_wave,3,16,13,inference_only,0,0,False,0.0,0,False,False
damped_wave,3,16,14,inference_only,0,0,False,0.0,0,False,False
damped_wave,3,16,15,inference_only,0,0,False,0.0,0,False,False
damped_wave,3,16,16,inference_only,0,0,False,0.0,0,False,False
damped_wave,3,16,17,inference_only,0,0,False,0.0,0,False,False
damped_wave,3,16,18,inference_only,0,0,False,0.0,0,False,False
damped_wave,3,16,19,inference_only,0,0,False,0.0,0,False,False
damped_wave,3,16,20,inference_only,0,0,False,0.0,0,False,False
damped_wave,3,16,21,inference_only,0,0,False,0.0,0,False,False
damped_wave,3,16,22,inference_only,0,0,False,0.0,0,False,False
damped_wave,3,16,23,inference_only,0,0,False,0.0,0,False,False
damped_wave,3,16,24,inference_only,0,0,False,0.0,0,False,False
damped_wave,3,16,25,inference_only,0,0,False,0.0,0,False,False
damped_wave,3,16,26,inference_only,0,0,False,0.0,0,False,False
damped_wave,3,16,27,inference_only,0,0,False,0.0,0,False,False
damped_wave,3,16,28,inference_only,0,0,False,0.0,0,False,False
damped_wave,3,16,29,inference_only,0,0,False,0.0,0,False,False
damped_wave,3,16,0,response_only,0,0,False,0.0,0,False,False
damped_wave,3,16,1,response_only,0,0,False,0.0,0,False,False
damped_wave,3,16,2,response_only,0,0,False,0.0,0,False,False
damped_wave,3,16,3,response_only,0,0,False,0.0,0,False,False
damped_wave,3,16,4,response_only,0,0,False,0.0,0,False,False
damped_wave,3,16,5,response_only,0,0,False,0.0,0,False,False
damped_wave,3,16,6,response_only,0,0,False,0.0,0,False,False
damped_wave,3,16,7,response_only,0,0,False,0.0,0,False,False
damped_wave,3,16,8,response_only,0,0,False,0.0,0,False,False
damped_wave,3,16,9,response_only,0,0,False,0.0,0,False,False
damped_wave,3,16,10,response_only,0,0,False,0.0,0,False,False
damped_wave,3,16,11,response_only,0,0,False,0.0,0,False,False
damped_wave,3,16,12,response_only,0,0,False,0.0,0,False,False
damped_wave,3,16,13,response_only,0,0,False,0.0,0,False,False
damped_wave,3,16,14,response_only,0,0,False,0.0,0,False,False
damped_wave,3,16,15,response_only,0,0,False,0.0,0,False,False
damped_wave,3,16,16,response_only,0,0,False,0.0,0,False,False
damped_wave,3,16,17,response_only,0,0,False,0.0,0,False,False
damped_wave,3,16,18,response_only,0,0,False,0.0,0,False,False
damped_wave,3,16,19,response_only,0,0,False,0.0,0,False,False
damped_wave,3,16,20,response_only,0,0,False,0.0,0,False,False
damped_wave,3,16,21,response_only,0,0,False,0.0,0,False,False
damped_wave,3,16,22,response_only,0,0,False,0.0,0,False,False
damped_wave,3,16,23,response_only,0,0,False,0.0,0,False,False
damped_wave,3,16,24,response_only,0,0,False,0.0,0,False,False
damped_wave,3,16,25,response_only,0,0,False,0.0,0,False,False
damped_wave,3,16,26,response_only,0,0,False,0.0,0,False,False
damped_wave,3,16,27,response_only,0,0,False,0.0,0,False,False
damped_wave,3,16,28,response_only,0,0,False,0.0,0,False,False
damped_wave,3,16,29,response_only,0,0,False,0.0,0,False,False
damped_wave,3,16,0,combined,0,0,False,0.0,0,False,False
damped_wave,3,16,1,combined,0,0,False,0.0,0,False,False
damped_wave,3,16,2,combined,0,0,False,0.0,0,False,False
damped_wave,3,16,3,combined,0,0,False,0.0,0,False,False
damped_wave,3,16,4,combined,0,0,False,0.0,0,False,False
damped_wave,3,16,5,combined,0,0,False,0.0,0,False,False
damped_wave,3,16,6,combined,0,0,False,0.0,0,False,False
damped_wave,3,16,7,combined,0,0,False,0.0,0,False,False
damped_wave,3,16,8,combined,0,0,False,0.0,0,False,False
damped_wave,3,16,9,combined,0,0,False,0.0,0,False,False
damped_wave,3,16,10,combined,0,0,False,0.0,0,False,False
damped_wave,3,16,11,combined,0,0,False,0.0,0,False,False
damped_wave,3,16,12,combined,0,0,False,0.0,0,False,False
damped_wave,3,16,13,combined,0,0,False,0.0,0,False,False
damped_wave,3,16,14,combined,0,0,False,0.0,0,False,False
damped_wave,3,16,15,combined,0,0,False,0.0,0,False,False
damped_wave,3,16,16,combined,0,0,False,0.0,0,False,False
damped_wave,3,16,17,combined,0,0,False,0.0,0,False,False
damped_wave,3,16,18,combined,0,0,False,0.0,0,False,False
damped_wave,3,16,19,combined,0,0,False,0.0,0,False,False
damped_wave,3,16,20,combined,0,0,False,0.0,0,False,False
damped_wave,3,16,21,combined,0,0,False,0.0,0,False,False
damped_wave,3,16,22,combined,0,0,False,0.0,0,False,False
damped_wave,3,16,23,combined,0,0,False,0.0,0,False,False
damped_wave,3,16,24,combined,0,0,False,0.0,0,False,False
damped_wave,3,16,25,combined,0,0,False,0.0,0,False,False
damped_wave,3,16,26,combined,0,0,False,0.0,0,False,False
damped_wave,3,16,27,combined,0,0,False,0.0,0,False,False
damped_wave,3,16,28,combined,0,0,False,0.0,0,False,False
damped_wave,3,16,29,combined,0,0,False,0.0,0,False,False
damped_wave,3,32,0,inference_only,0,0,False,0.0,0,False,False
damped_wave,3,32,1,inference_only,0,0,False,0.0,0,False,False
damped_wave,3,32,2,inference_only,0,0,False,0.0,0,False,False
damped_wave,3,32,3,inference_only,0,0,False,0.0,0,False,False
damped_wave,3,32,4,inference_only,0,0,False,0.0,0,False,False
damped_wave,3,32,5,inference_only,0,0,False,0.0,0,False,False
damped_wave,3,32,6,inference_only,0,0,False,0.0,0,False,False
damped_wave,3,32,7,inference_only,0,0,False,0.0,0,False,False
damped_wave,3,32,8,inference_only,0,0,False,0.0,0,False,False
damped_wave,3,32,9,inference_only,0,0,False,0.0,0,False,False
damped_wave,3,32,10,inference_only,0,0,False,0.0,0,False,False
damped_wave,3,32,11,inference_only,0,0,False,0.0,0,False,False
damped_wave,3,32,12,inference_only,0,0,False,0.0,0,False,False
damped_wave,3,32,13,inference_only,0,0,False,0.0,0,False,False
damped_wave,3,32,14,inference_only,0,0,False,0.0,0,False,False
damped_wave,3,32,15,inference_only,0,0,False,0.0,0,False,False
damped_wave,3,32,16,inference_only,0,0,False,0.0,0,False,False
damped_wave,3,32,17,inference_only,0,0,False,0.0,0,False,False
damped_wave,3,32,18,inference_only,0,0,False,0.0,0,False,False
damped_wave,3,32,19,inference_only,0,0,False,0.0,0,False,False
damped_wave,3,32,20,inference_only,0,0,False,0.0,0,False,False
damped_wave,3,32,21,inference_only,0,0,False,0.0,0,False,False
damped_wave,3,32,22,inference_only,0,0,False,0.0,0,False,False
damped_wave,3,32,23,inference_only,0,0,False,0.0,0,False,False
damped_wave,3,32,24,inference_only,0,0,False,0.0,0,False,False
damped_wave,3,32,25,inference_only,0,0,False,0.0,0,False,False
damped_wave,3,32,26,inference_only,0,0,False,0.0,0,False,False
damped_wave,3,32,27,inference_only,0,0,False,0.0,0,False,False
damped_wave,3,32,28,inference_only,0,0,False,0.0,0,False,False
damped_wave,3,32,29,inference_only,0,0,False,0.0,0,False,False
damped_wave,3,32,0,response_only,0,0,False,0.0,0,False,False
damped_wave,3,32,1,response_only,0,0,False,0.0,0,False,False
damped_wave,3,32,2,response_only,0,0,False,0.0,0,False,False
damped_wave,3,32,3,response_only,0,0,False,0.0,0,False,False
damped_wave,3,32,4,response_only,0,0,False,0.0,0,False,False
damped_wave,3,32,5,response_only,0,0,False,0.0,0,False,False
damped_wave,3,32,6,response_only,0,0,False,0.0,0,False,False
damped_wave,3,32,7,response_only,0,0,False,0.0,0,False,False
damped_wave,3,32,8,response_only,0,0,False,0.0,0,False,False
damped_wave,3,32,9,response_only,0,0,False,0.0,0,False,False
damped_wave,3,32,10,response_only,0,0,False,0.0,0,False,False
damped_wave,3,32,11,response_only,0,0,False,0.0,0,False,False
damped_wave,3,32,12,response_only,0,0,False,0.0,0,False,False
damped_wave,3,32,13,response_only,0,0,False,0.0,0,False,False
damped_wave,3,32,14,response_only,0,0,False,0.0,0,False,False
damped_wave,3,32,15,response_only,0,0,False,0.0,0,False,False
damped_wave,3,32,16,response_only,0,0,False,0.0,0,False,False
damped_wave,3,32,17,response_only,0,0,False,0.0,0,False,False
damped_wave,3,32,18,response_only,0,0,False,0.0,0,False,False
damped_wave,3,32,19,response_only,0,0,False,0.0,0,False,False
damped_wave,3,32,20,response_only,0,0,False,0.0,0,False,False
damped_wave,3,32,21,response_only,0,0,False,0.0,0,False,False
damped_wave,3,32,22,response_only,0,0,False,0.0,0,False,False
damped_wave,3,32,23,response_only,0,0,False,0.0,0,False,False
damped_wave,3,32,24,response_only,0,0,False,0.0,0,False,False
damped_wave,3,32,25,response_only,0,0,False,0.0,0,False,False
damped_wave,3,32,26,response_only,0,0,False,0.0,0,False,False
damped_wave,3,32,27,response_only,0,0,False,0.0,0,False,False
damped_wave,3,32,28,response_only,0,0,False,0.0,0,False,False
damped_wave,3,32,29,response_only,0,0,False,0.0,0,False,False
damped_wave,3,32,0,combined,0,0,False,0.0,0,False,False
damped_wave,3,32,1,combined,0,0,False,0.0,0,False,False
damped_wave,3,32,2,combined,0,0,False,0.0,0,False,False
damped_wave,3,32,3,combined,0,0,False,0.0,0,False,False
damped_wave,3,32,4,combined,0,0,False,0.0,0,False,False
damped_wave,3,32,5,combined,0,0,False,0.0,0,False,False
damped_wave,3,32,6,combined,0,0,False,0.0,0,False,False
damped_wave,3,32,7,combined,0,0,False,0.0,0,False,False
damped_wave,3,32,8,combined,0,0,False,0.0,0,False,False
damped_wave,3,32,9,combined,0,0,False,0.0,0,False,False
damped_wave,3,32,10,combined,0,0,False,0.0,0,False,False
damped_wave,3,32,11,combined,0,0,False,0.0,0,False,False
damped_wave,3,32,12,combined,0,0,False,0.0,0,False,False
damped_wave,3,32,13,combined,0,0,False,0.0,0,False,False
damped_wave,3,32,14,combined,0,0,False,0.0,0,False,False
damped_wave,3,32,15,combined,0,0,False,0.0,0,False,False
damped_wave,3,32,16,combined,0,0,False,0.0,0,False,False
damped_wave,3,32,17,combined,0,0,False,0.0,0,False,False
damped_wave,3,32,18,combined,0,0,False,0.0,0,False,False
damped_wave,3,32,19,combined,0,0,False,0.0,0,False,False
damped_wave,3,32,20,combined,0,0,False,0.0,0,False,False
damped_wave,3,32,21,combined,0,0,False,0.0,0,False,False
damped_wave,3,32,22,combined,0,0,False,0.0,0,False,False
damped_wave,3,32,23,combined,0,0,False,0.0,0,False,False
damped_wave,3,32,24,combined,0,0,False,0.0,0,False,False
damped_wave,3,32,25,combined,0,0,False,0.0,0,False,False
damped_wave,3,32,26,combined,0,0,False,0.0,0,False,False
damped_wave,3,32,27,combined,0,0,False,0.0,0,False,False
damped_wave,3,32,28,combined,0,0,False,0.0,0,False,False
damped_wave,3,32,29,combined,0,0,False,0.0,0,False,False
damped_wave,3,64,0,inference_only,0,0,False,0.0,0,False,False
damped_wave,3,64,1,inference_only,0,0,False,0.0,0,False,False
damped_wave,3,64,2,inference_only,0,0,False,0.0,0,False,False
damped_wave,3,64,3,inference_only,0,0,False,0.0,0,False,False
damped_wave,3,64,4,inference_only,0,0,False,0.0,0,False,False
damped_wave,3,64,5,inference_only,0,0,False,0.0,0,False,False
damped_wave,3,64,6,inference_only,0,0,False,0.0,0,False,False
damped_wave,3,64,7,inference_only,0,0,False,0.0,0,False,False
damped_wave,3,64,8,inference_only,0,0,False,0.0,0,False,False
damped_wave,3,64,9,inference_only,0,0,False,0.0,0,False,False
damped_wave,3,64,10,inference_only,0,0,False,0.0,0,False,False
damped_wave,3,64,11,inference_only,0,0,False,0.0,0,False,False
damped_wave,3,64,12,inference_only,0,0,False,0.0,0,False,False
damped_wave,3,64,13,inference_only,0,0,False,0.0,0,False,False
damped_wave,3,64,14,inference_only,0,0,False,0.0,0,False,False
damped_wave,3,64,15,inference_only,0,0,False,0.0,0,False,False
damped_wave,3,64,16,inference_only,0,0,False,0.0,0,False,False
damped_wave,3,64,17,inference_only,0,0,False,0.0,0,False,False
damped_wave,3,64,18,inference_only,0,0,False,0.0,0,False,False
damped_wave,3,64,19,inference_only,0,0,False,0.0,0,False,False
damped_wave,3,64,20,inference_only,0,0,False,0.0,0,False,False
damped_wave,3,64,21,inference_only,0,0,False,0.0,0,False,False
damped_wave,3,64,22,inference_only,0,0,False,0.0,0,False,False
damped_wave,3,64,23,inference_only,0,0,False,0.0,0,False,False
damped_wave,3,64,24,inference_only,0,0,False,0.0,0,False,False
damped_wave,3,64,25,inference_only,0,0,False,0.0,0,False,False
damped_wave,3,64,26,inference_only,0,0,False,0.0,0,False,False
damped_wave,3,64,27,inference_only,0,0,False,0.0,0,False,False
damped_wave,3,64,28,inference_only,0,0,False,0.0,0,False,False
damped_wave,3,64,29,inference_only,0,0,False,0.0,0,False,False
damped_wave,3,64,0,response_only,0,0,False,0.0,0,False,False
damped_wave,3,64,1,response_only,0,0,False,0.0,0,False,False
damped_wave,3,64,2,response_only,0,0,False,0.0,0,False,False
damped_wave,3,64,3,response_only,0,0,False,0.0,0,False,False
damped_wave,3,64,4,response_only,0,0,False,0.0,0,False,False
damped_wave,3,64,5,response_only,0,0,False,0.0,0,False,False
damped_wave,3,64,6,response_only,0,0,False,0.0,0,False,False
damped_wave,3,64,7,response_only,0,0,False,0.0,0,False,False
damped_wave,3,64,8,response_only,0,0,False,0.0,0,False,False
damped_wave,3,64,9,response_only,0,0,False,0.0,0,False,False
damped_wave,3,64,10,response_only,0,0,False,0.0,0,False,False
damped_wave,3,64,11,response_only,0,0,False,0.0,0,False,False
damped_wave,3,64,12,response_only,0,0,False,0.0,0,False,False
damped_wave,3,64,13,response_only,0,0,False,0.0,0,False,False
damped_wave,3,64,14,response_only,0,0,False,0.0,0,False,False
damped_wave,3,64,15,response_only,0,0,False,0.0,0,False,False
damped_wave,3,64,16,response_only,0,0,False,0.0,0,False,False
damped_wave,3,64,17,response_only,0,0,False,0.0,0,False,False
damped_wave,3,64,18,response_only,0,0,False,0.0,0,False,False
damped_wave,3,64,19,response_only,0,0,False,0.0,0,False,False
damped_wave,3,64,20,response_only,0,0,False,0.0,0,False,False
damped_wave,3,64,21,response_only,0,0,False,0.0,0,False,False
damped_wave,3,64,22,response_only,0,0,False,0.0,0,False,False
damped_wave,3,64,23,response_only,0,0,False,0.0,0,False,False
damped_wave,3,64,24,response_only,0,0,False,0.0,0,False,False
damped_wave,3,64,25,response_only,0,0,False,0.0,0,False,False
damped_wave,3,64,26,response_only,0,0,False,0.0,0,False,False
damped_wave,3,64,27,response_only,0,0,False,0.0,0,False,False
damped_wave,3,64,28,response_only,0,0,False,0.0,0,False,False
damped_wave,3,64,29,response_only,0,0,False,0.0,0,False,False
damped_wave,3,64,0,combined,0,0,False,0.0,0,False,False
damped_wave,3,64,1,combined,0,0,False,0.0,0,False,False
damped_wave,3,64,2,combined,0,0,False,0.0,0,False,False
damped_wave,3,64,3,combined,0,0,False,0.0,0,False,False
damped_wave,3,64,4,combined,0,0,False,0.0,0,False,False
damped_wave,3,64,5,combined,0,0,False,0.0,0,False,False
damped_wave,3,64,6,combined,0,0,False,0.0,0,False,False
damped_wave,3,64,7,combined,0,0,False,0.0,0,False,False
damped_wave,3,64,8,combined,0,0,False,0.0,0,False,False
damped_wave,3,64,9,combined,0,0,False,0.0,0,False,False
damped_wave,3,64,10,combined,0,0,False,0.0,0,False,False
damped_wave,3,64,11,combined,0,0,False,0.0,0,False,False
damped_wave,3,64,12,combined,0,0,False,0.0,0,False,False
damped_wave,3,64,13,combined,0,0,False,0.0,0,False,False
damped_wave,3,64,14,combined,0,0,False,0.0,0,False,False
damped_wave,3,64,15,combined,0,0,False,0.0,0,False,False
damped_wave,3,64,16,combined,0,0,False,0.0,0,False,False
damped_wave,3,64,17,combined,0,0,False,0.0,0,False,False
damped_wave,3,64,18,combined,0,0,False,0.0,0,False,False
damped_wave,3,64,19,combined,0,0,False,0.0,0,False,False
damped_wave,3,64,20,combined,0,0,False,0.0,0,False,False
damped_wave,3,64,21,combined,0,0,False,0.0,0,False,False
damped_wave,3,64,22,combined,0,0,False,0.0,0,False,False
damped_wave,3,64,23,combined,0,0,False,0.0,0,False,False
damped_wave,3,64,24,combined,0,0,False,0.0,0,False,False
damped_wave,3,64,25,combined,0,0,False,0.0,0,False,False
damped_wave,3,64,26,combined,0,0,False,0.0,0,False,False
damped_wave,3,64,27,combined,0,0,False,0.0,0,False,False
damped_wave,3,64,28,combined,0,0,False,0.0,0,False,False
damped_wave,3,64,29,combined,0,0,False,0.0,0,False,False
damped_wave,4,2,0,inference_only,0,1,False,0.009579782087279859,0,False,True
damped_wave,4,2,1,inference_only,0,1,False,0.006194028932325766,0,False,True
damped_wave,4,2,2,inference_only,0,1,False,0.008552801999688019,0,False,True
damped_wave,4,2,3,inference_only,0,1,False,0.0008278929727569672,0,False,True
damped_wave,4,2,4,inference_only,0,1,False,0.0020438599677828594,0,False,True
damped_wave,4,2,5,inference_only,1,1,False,0.0,0,True,True
damped_wave,4,2,6,inference_only,0,1,False,0.005870273791254528,0,False,True
damped_wave,4,2,7,inference_only,0,1,False,0.00585616507319327,0,False,True
damped_wave,4,2,8,inference_only,0,0,False,0.0,0,False,False
damped_wave,4,2,9,inference_only,0,0,False,0.0,0,False,False
damped_wave,4,2,10,inference_only,0,0,False,0.0,0,False,False
damped_wave,4,2,11,inference_only,0,1,False,0.0048606087541761605,0,False,True
damped_wave,4,2,12,inference_only,1,1,False,0.0,0,True,True
damped_wave,4,2,13,inference_only,1,1,False,0.0,0,True,True
damped_wave,4,2,14,inference_only,1,1,False,0.0,0,True,True
damped_wave,4,2,15,inference_only,1,1,False,0.0,0,True,True
damped_wave,4,2,16,inference_only,1,1,False,0.0,0,True,True
damped_wave,4,2,17,inference_only,0,1,False,0.005237037867655123,0,False,True
damped_wave,4,2,18,inference_only,1,1,False,0.0,0,True,True
damped_wave,4,2,19,inference_only,0,1,False,0.0027856387562880816,0,False,True
damped_wave,4,2,20,inference_only,0,1,False,0.0077833762551586735,0,False,True
damped_wave,4,2,21,inference_only,0,1,False,0.0008920992551955994,0,False,True
damped_wave,4,2,22,inference_only,0,1,False,0.00016176705026096916,0,False,True
damped_wave,4,2,23,inference_only,1,1,False,0.0,0,True,True
damped_wave,4,2,24,inference_only,0,1,False,0.004342665320055207,0,False,True
damped_wave,4,2,25,inference_only,0,1,False,0.0034212113842535816,0,False,True
damped_wave,4,2,26,inference_only,1,1,False,0.0,0,True,True
damped_wave,4,2,27,inference_only,1,1,False,0.0,0,True,True
damped_wave,4,2,28,inference_only,0,1,False,0.004007039821944113,0,False,True
damped_wave,4,2,29,inference_only,0,0,False,0.0,0,False,False
damped_wave,4,2,0,response_only,0,0,False,0.0,0,False,False
damped_wave,4,2,1,response_only,0,0,False,0.0,0,False,False
damped_wave,4,2,2,response_only,0,0,False,0.0,0,False,False
damped_wave,4,2,3,response_only,0,0,False,0.0,0,False,False
damped_wave,4,2,4,response_only,0,0,False,0.0,0,False,False
damped_wave,4,2,5,response_only,1,0,True,0.011447604948521165,0,True,False
damped_wave,4,2,6,response_only,0,0,False,0.0,0,False,False
damped_wave,4,2,7,response_only,0,0,False,0.0,0,False,False
damped_wave,4,2,8,response_only,0,0,False,0.0,0,False,False
damped_wave,4,2,9,response_only,0,0,False,0.0,0,False,False
damped_wave,4,2,10,response_only,0,0,False,0.0,0,False,False
damped_wave,4,2,11,response_only,0,0,False,0.0,0,False,False
damped_wave,4,2,12,response_only,1,0,True,0.00468726576287405,0,True,False
damped_wave,4,2,13,response_only,1,0,True,0.01358717786584284,0,True,False
damped_wave,4,2,14,response_only,1,0,True,0.006627119354334481,0,True,False
damped_wave,4,2,15,response_only,1,0,True,0.0030567186635482527,0,True,False
damped_wave,4,2,16,response_only,1,0,True,0.0023928187832801644,0,True,False
damped_wave,4,2,17,response_only,0,0,False,0.0,0,False,False
damped_wave,4,2,18,response_only,1,0,True,0.0065228852857475116,0,True,False
damped_wave,4,2,19,response_only,0,0,False,0.0,0,False,False
damped_wave,4,2,20,response_only,0,0,False,0.0,0,False,False
damped_wave,4,2,21,response_only,0,0,False,0.0,0,False,False
damped_wave,4,2,22,response_only,0,0,False,0.0,0,False,False
damped_wave,4,2,23,response_only,1,0,True,0.003250454108606648,0,True,False
damped_wave,4,2,24,response_only,0,0,False,0.0,0,False,False
damped_wave,4,2,25,response_only,0,0,False,0.0,0,False,False
damped_wave,4,2,26,response_only,1,0,True,0.0002143421500366005,0,True,False
damped_wave,4,2,27,response_only,1,0,True,0.008587252716499245,0,True,False
damped_wave,4,2,28,response_only,0,0,False,0.0,0,False,False
damped_wave,4,2,29,response_only,0,0,False,0.0,0,False,False
damped_wave,4,2,0,combined,0,0,False,0.0,0,False,False
damped_wave,4,2,1,combined,0,0,False,0.0,0,False,False
damped_wave,4,2,2,combined,0,0,False,0.0,0,False,False
damped_wave,4,2,3,combined,0,0,False,0.0,0,False,False
damped_wave,4,2,4,combined,0,0,False,0.0,0,False,False
damped_wave,4,2,5,combined,1,0,True,0.011447604948521165,0,True,False
damped_wave,4,2,6,combined,0,0,False,0.0,0,False,False
damped_wave,4,2,7,combined,0,0,False,0.0,0,False,False
damped_wave,4,2,8,combined,0,0,False,0.0,0,False,False
damped_wave,4,2,9,combined,0,0,False,0.0,0,False,False
damped_wave,4,2,10,combined,0,0,False,0.0,0,False,False
damped_wave,4,2,11,combined,0,0,False,0.0,0,False,False
damped_wave,4,2,12,combined,1,0,True,0.00468726576287405,0,True,False
damped_wave,4,2,13,combined,1,0,True,0.01358717786584284,0,True,False
damped_wave,4,2,14,combined,1,0,True,0.006627119354334481,0,True,False
damped_wave,4,2,15,combined,1,0,True,0.0030567186635482527,0,True,False
damped_wave,4,2,16,combined,1,0,True,0.0023928187832801644,0,True,False
damped_wave,4,2,17,combined,0,0,False,0.0,0,False,False
damped_wave,4,2,18,combined,1,0,True,0.0065228852857475116,0,True,False
damped_wave,4,2,19,combined,0,0,False,0.0,0,False,False
damped_wave,4,2,20,combined,0,0,False,0.0,0,False,False
damped_wave,4,2,21,combined,0,0,False,0.0,0,False,False
damped_wave,4,2,22,combined,0,0,False,0.0,0,False,False
damped_wave,4,2,23,combined,1,0,True,0.003250454108606648,0,True,False
damped_wave,4,2,24,combined,0,0,False,0.0,0,False,False
damped_wave,4,2,25,combined,0,0,False,0.0,0,False,False
damped_wave,4,2,26,combined,1,0,True,0.0002143421500366005,0,True,False
damped_wave,4,2,27,combined,1,0,True,0.008587252716499245,0,True,False
damped_wave,4,2,28,combined,0,0,False,0.0,0,False,False
damped_wave,4,2,29,combined,0,0,False,0.0,0,False,False
damped_wave,4,4,0,inference_only,0,0,False,0.0,0,False,False
damped_wave,4,4,1,inference_only,0,0,False,0.0,0,False,False
damped_wave,4,4,2,inference_only,0,0,False,0.0,0,False,False
damped_wave,4,4,3,inference_only,0,0,False,0.0,0,False,False
damped_wave,4,4,4,inference_only,0,1,False,0.0020438599677828594,0,False,True
damped_wave,4,4,5,inference_only,1,1,False,0.0,0,True,True
damped_wave,4,4,6,inference_only,0,1,False,0.005870273791254528,0,False,True
damped_wave,4,4,7,inference_only,0,0,False,0.0,0,False,False
damped_wave,4,4,8,inference_only,0,1,False,0.004062101262239207,0,False,True
damped_wave,4,4,9,inference_only,0,0,False,0.0,0,False,False
damped_wave,4,4,10,inference_only,0,0,False,0.0,0,False,False
damped_wave,4,4,11,inference_only,0,1,False,0.0048606087541761605,0,False,True
damped_wave,4,4,12,inference_only,1,0,True,0.00468726576287405,0,True,False
damped_wave,4,4,13,inference_only,1,1,False,0.0,0,True,True
damped_wave,4,4,14,inference_only,1,0,True,0.006627119354334481,0,True,False
damped_wave,4,4,15,inference_only,1,1,False,0.0,0,True,True
damped_wave,4,4,16,inference_only,1,1,False,0.0,0,True,True
damped_wave,4,4,17,inference_only,0,0,False,0.0,0,False,False
damped_wave,4,4,18,inference_only,1,1,False,0.0,0,True,True
damped_wave,4,4,19,inference_only,0,0,False,0.0,0,False,False
damped_wave,4,4,20,inference_only,0,0,False,0.0,0,False,False
damped_wave,4,4,21,inference_only,0,1,False,0.0008920992551955994,0,False,True
damped_wave,4,4,22,inference_only,0,0,False,0.0,0,False,False
damped_wave,4,4,23,inference_only,1,1,False,0.0,0,True,True
damped_wave,4,4,24,inference_only,0,1,False,0.004342665320055207,0,False,True
damped_wave,4,4,25,inference_only,0,1,False,0.0034212113842535816,0,False,True
damped_wave,4,4,26,inference_only,1,1,False,0.0,0,True,True
damped_wave,4,4,27,inference_only,1,1,False,0.0,0,True,True
damped_wave,4,4,28,inference_only,0,1,False,0.004007039821944113,0,False,True
damped_wave,4,4,29,inference_only,0,0,False,0.0,0,False,False
damped_wave,4,4,0,response_only,0,0,False,0.0,0,False,False
damped_wave,4,4,1,response_only,0,0,False,0.0,0,False,False
damped_wave,4,4,2,response_only,0,0,False,0.0,0,False,False
damped_wave,4,4,3,response_only,0,0,False,0.0,0,False,False
damped_wave,4,4,4,response_only,0,0,False,0.0,0,False,False
damped_wave,4,4,5,response_only,1,0,True,0.011447604948521165,0,True,False
damped_wave,4,4,6,response_only,0,0,False,0.0,0,False,False
damped_wave,4,4,7,response_only,0,0,False,0.0,0,False,False
damped_wave,4,4,8,response_only,0,0,False,0.0,0,False,False
damped_wave,4,4,9,response_only,0,0,False,0.0,0,False,False
damped_wave,4,4,10,response_only,0,0,False,0.0,0,False,False
damped_wave,4,4,11,response_only,0,0,False,0.0,0,False,False
damped_wave,4,4,12,response_only,1,0,True,0.00468726576287405,0,True,False
damped_wave,4,4,13,response_only,1,0,True,0.01358717786584284,0,True,False
damped_wave,4,4,14,response_only,1,0,True,0.006627119354334481,0,True,False
damped_wave,4,4,15,response_only,1,0,True,0.0030567186635482527,0,True,False
damped_wave,4,4,16,response_only,1,0,True,0.0023928187832801644,0,True,False
damped_wave,4,4,17,response_only,0,0,False,0.0,0,False,False
damped_wave,4,4,18,response_only,1,0,True,0.0065228852857475116,0,True,False
damped_wave,4,4,19,response_only,0,0,False,0.0,0,False,False
damped_wave,4,4,20,response_only,0,0,False,0.0,0,False,False
damped_wave,4,4,21,response_only,0,0,False,0.0,0,False,False
damped_wave,4,4,22,response_only,0,0,False,0.0,0,False,False
damped_wave,4,4,23,response_only,1,0,True,0.003250454108606648,0,True,False
damped_wave,4,4,24,response_only,0,0,False,0.0,0,False,False
damped_wave,4,4,25,response_only,0,0,False,0.0,0,False,False
damped_wave,4,4,26,response_only,1,0,True,0.0002143421500366005,0,True,False
damped_wave,4,4,27,response_only,1,0,True,0.008587252716499245,0,True,False
damped_wave,4,4,28,response_only,0,0,False,0.0,0,False,False
damped_wave,4,4,29,response_only,0,0,False,0.0,0,False,False
damped_wave,4,4,0,combined,0,0,False,0.0,0,False,False
damped_wave,4,4,1,combined,0,0,False,0.0,0,False,False
damped_wave,4,4,2,combined,0,0,False,0.0,0,False,False
damped_wave,4,4,3,combined,0,0,False,0.0,0,False,False
damped_wave,4,4,4,combined,0,0,False,0.0,0,False,False
damped_wave,4,4,5,combined,1,0,True,0.011447604948521165,0,True,False
damped_wave,4,4,6,combined,0,0,False,0.0,0,False,False
damped_wave,4,4,7,combined,0,0,False,0.0,0,False,False
damped_wave,4,4,8,combined,0,0,False,0.0,0,False,False
damped_wave,4,4,9,combined,0,0,False,0.0,0,False,False
damped_wave,4,4,10,combined,0,0,False,0.0,0,False,False
damped_wave,4,4,11,combined,0,0,False,0.0,0,False,False
damped_wave,4,4,12,combined,1,0,True,0.00468726576287405,0,True,False
damped_wave,4,4,13,combined,1,0,True,0.01358717786584284,0,True,False
damped_wave,4,4,14,combined,1,0,True,0.006627119354334481,0,True,False
damped_wave,4,4,15,combined,1,0,True,0.0030567186635482527,0,True,False
damped_wave,4,4,16,combined,1,0,True,0.0023928187832801644,0,True,False
damped_wave,4,4,17,combined,0,0,False,0.0,0,False,False
damped_wave,4,4,18,combined,1,0,True,0.0065228852857475116,0,True,False
damped_wave,4,4,19,combined,0,0,False,0.0,0,False,False
damped_wave,4,4,20,combined,0,0,False,0.0,0,False,False
damped_wave,4,4,21,combined,0,0,False,0.0,0,False,False
damped_wave,4,4,22,combined,0,0,False,0.0,0,False,False
damped_wave,4,4,23,combined,1,0,True,0.003250454108606648,0,True,False
damped_wave,4,4,24,combined,0,0,False,0.0,0,False,False
damped_wave,4,4,25,combined,0,0,False,0.0,0,False,False
damped_wave,4,4,26,combined,1,0,True,0.0002143421500366005,0,True,False
damped_wave,4,4,27,combined,1,0,True,0.008587252716499245,0,True,False
damped_wave,4,4,28,combined,0,0,False,0.0,0,False,False
damped_wave,4,4,29,combined,0,0,False,0.0,0,False,False
damped_wave,4,8,0,inference_only,0,0,False,0.0,0,False,False
damped_wave,4,8,1,inference_only,0,0,False,0.0,0,False,False
damped_wave,4,8,2,inference_only,0,0,False,0.0,0,False,False
damped_wave,4,8,3,inference_only,0,0,False,0.0,0,False,False
damped_wave,4,8,4,inference_only,0,1,False,0.0020438599677828594,0,False,True
damped_wave,4,8,5,inference_only,1,1,False,0.0,0,True,True
damped_wave,4,8,6,inference_only,0,0,False,0.0,0,False,False
damped_wave,4,8,7,inference_only,0,0,False,0.0,0,False,False
damped_wave,4,8,8,inference_only,0,1,False,0.004062101262239207,0,False,True
damped_wave,4,8,9,inference_only,0,0,False,0.0,0,False,False
damped_wave,4,8,10,inference_only,0,0,False,0.0,0,False,False
damped_wave,4,8,11,inference_only,0,0,False,0.0,0,False,False
damped_wave,4,8,12,inference_only,1,0,True,0.00468726576287405,0,True,False
damped_wave,4,8,13,inference_only,1,1,False,0.0,0,True,True
damped_wave,4,8,14,inference_only,1,1,False,0.0,0,True,True
damped_wave,4,8,15,inference_only,1,1,False,0.0,0,True,True
damped_wave,4,8,16,inference_only,1,1,False,0.0,0,True,True
damped_wave,4,8,17,inference_only,0,0,False,0.0,0,False,False
damped_wave,4,8,18,inference_only,1,1,False,0.0,0,True,True
damped_wave,4,8,19,inference_only,0,0,False,0.0,0,False,False
damped_wave,4,8,20,inference_only,0,0,False,0.0,0,False,False
damped_wave,4,8,21,inference_only,0,0,False,0.0,0,False,False
damped_wave,4,8,22,inference_only,0,1,False,0.00016176705026096916,0,False,True
damped_wave,4,8,23,inference_only,1,1,False,0.0,0,True,True
damped_wave,4,8,24,inference_only,0,0,False,0.0,0,False,False
damped_wave,4,8,25,inference_only,0,0,False,0.0,0,False,False
damped_wave,4,8,26,inference_only,1,1,False,0.0,0,True,True
damped_wave,4,8,27,inference_only,1,1,False,0.0,0,True,True
damped_wave,4,8,28,inference_only,0,0,False,0.0,0,False,False
damped_wave,4,8,29,inference_only,0,0,False,0.0,0,False,False
damped_wave,4,8,0,response_only,0,2,False,0.07957978208664898,0,False,True
damped_wave,4,8,1,response_only,0,2,False,0.07619402743642426,0,False,True
damped_wave,4,8,2,response_only,0,2,False,0.07855280197388775,0,False,True
damped_wave,4,8,3,response_only,0,2,False,0.07082664795136093,0,False,True
damped_wave,4,8,4,response_only,0,2,False,0.0720432808012741,0,False,True
damped_wave,4,8,5,response_only,1,2,False,0.06991737993095382,0,True,True
damped_wave,4,8,6,response_only,0,2,False,0.07587027123455796,0,False,True
damped_wave,4,8,7,response_only,0,2,False,0.07585616249750508,0,False,True
damped_wave,4,8,8,response_only,0,2,False,0.07406202966908595,0,False,True
damped_wave,4,8,9,response_only,0,2,False,0.07954198510170897,0,False,True
damped_wave,4,8,10,response_only,0,2,False,0.07971066926637388,0,False,True
damped_wave,4,8,11,response_only,0,2,False,0.07486059197221916,0,False,True
damped_wave,4,8,12,response_only,1,2,False,0.06998988714515707,0,True,True
damped_wave,4,8,13,response_only,1,2,False,0.06985523469641568,0,True,True
damped_wave,4,8,14,response_only,1,2,False,0.06998143972178879,0,True,True
damped_wave,4,8,15,response_only,1,2,False,0.0699940598700213,0,True,True
damped_wave,4,8,16,response_only,1,2,False,0.06999518831440257,0,True,True
damped_wave,4,8,17,response_only,0,2,False,0.07523703020543814,0,False,True
damped_wave,4,8,18,response_only,1,2,False,0.06998195186291298,0,True,True
damped_wave,4,8,19,response_only,0,2,False,0.07278531362220612,0,False,True
damped_wave,4,8,20,response_only,0,2,False,0.07778337614628382,0,False,True
damped_wave,4,8,21,response_only,0,2,False,0.07089090959823846,0,False,True
damped_wave,4,8,22,response_only,0,2,False,0.0701600066860893,0,False,True
damped_wave,4,8,23,response_only,1,2,False,0.0699936152692204,0,True,True
damped_wave,4,8,24,response_only,0,2,False,0.07434262164890919,0,False,True
damped_wave,4,8,25,response_only,0,2,False,0.07342104247267497,0,False,True
damped_wave,4,8,26,response_only,1,2,False,0.06999794959275216,0,True,True
damped_wave,4,8,27,response_only,1,2,False,0.0699658114941833,0,True,True
damped_wave,4,8,28,response_only,0,2,False,0.07400696339726506,0,False,True
damped_wave,4,8,29,response_only,0,2,False,0.07599506220682943,0,False,True
damped_wave,4,8,0,combined,0,2,False,0.07957978208664898,0,False,True
damped_wave,4,8,1,combined,0,2,False,0.07619402743642426,0,False,True
damped_wave,4,8,2,combined,0,2,False,0.07855280197388775,0,False,True
damped_wave,4,8,3,combined,0,2,False,0.07082664795136093,0,False,True
damped_wave,4,8,4,combined,0,2,False,0.0720432808012741,0,False,True
damped_wave,4,8,5,combined,1,2,False,0.06991737993095382,0,True,True
damped_wave,4,8,6,combined,0,2,False,0.07587027123455796,0,False,True
damped_wave,4,8,7,combined,0,2,False,0.07585616249750508,0,False,True
damped_wave,4,8,8,combined,0,2,False,0.07406202966908595,0,False,True
damped_wave,4,8,9,combined,0,2,False,0.07954198510170897,0,False,True
damped_wave,4,8,10,combined,0,2,False,0.07971066926637388,0,False,True
damped_wave,4,8,11,combined,0,2,False,0.07486059197221916,0,False,True
damped_wave,4,8,12,combined,1,2,False,0.06998988714515707,0,True,True
damped_wave,4,8,13,combined,1,2,False,0.06985523469641568,0,True,True
damped_wave,4,8,14,combined,1,2,False,0.06998143972178879,0,True,True
damped_wave,4,8,15,combined,1,2,False,0.0699940598700213,0,True,True
damped_wave,4,8,16,combined,1,2,False,0.06999518831440257,0,True,True
damped_wave,4,8,17,combined,0,2,False,0.07523703020543814,0,False,True
damped_wave,4,8,18,combined,1,2,False,0.06998195186291298,0,True,True
damped_wave,4,8,19,combined,0,2,False,0.07278531362220612,0,False,True
damped_wave,4,8,20,combined,0,2,False,0.07778337614628382,0,False,True
damped_wave,4,8,21,combined,0,2,False,0.07089090959823846,0,False,True
damped_wave,4,8,22,combined,0,2,False,0.0701600066860893,0,False,True
damped_wave,4,8,23,combined,1,2,False,0.0699936152692204,0,True,True
damped_wave,4,8,24,combined,0,2,False,0.07434262164890919,0,False,True
damped_wave,4,8,25,combined,0,2,False,0.07342104247267497,0,False,True
damped_wave,4,8,26,combined,1,2,False,0.06999794959275216,0,True,True
damped_wave,4,8,27,combined,1,2,False,0.0699658114941833,0,True,True
damped_wave,4,8,28,combined,0,2,False,0.07400696339726506,0,False,True
damped_wave,4,8,29,combined,0,2,False,0.07599506220682943,0,False,True
damped_wave,4,16,0,inference_only,0,0,False,0.0,0,False,False
damped_wave,4,16,1,inference_only,0,0,False,0.0,0,False,False
damped_wave,4,16,2,inference_only,0,0,False,0.0,0,False,False
damped_wave,4,16,3,inference_only,0,0,False,0.0,0,False,False
damped_wave,4,16,4,inference_only,0,1,False,0.0020438599677828594,0,False,True
damped_wave,4,16,5,inference_only,1,1,False,0.0,0,True,True
damped_wave,4,16,6,inference_only,0,0,False,0.0,0,False,False
damped_wave,4,16,7,inference_only,0,0,False,0.0,0,False,False
damped_wave,4,16,8,inference_only,0,0,False,0.0,0,False,False
damped_wave,4,16,9,inference_only,0,0,False,0.0,0,False,False
damped_wave,4,16,10,inference_only,0,0,False,0.0,0,False,False
damped_wave,4,16,11,inference_only,0,0,False,0.0,0,False,False
damped_wave,4,16,12,inference_only,1,0,True,0.00468726576287405,0,True,False
damped_wave,4,16,13,inference_only,1,1,False,0.0,0,True,True
damped_wave,4,16,14,inference_only,1,1,False,0.0,0,True,True
damped_wave,4,16,15,inference_only,1,1,False,0.0,0,True,True
damped_wave,4,16,16,inference_only,1,1,False,0.0,0,True,True
damped_wave,4,16,17,inference_only,0,0,False,0.0,0,False,False
damped_wave,4,16,18,inference_only,1,1,False,0.0,0,True,True
damped_wave,4,16,19,inference_only,0,0,False,0.0,0,False,False
damped_wave,4,16,20,inference_only,0,0,False,0.0,0,False,False
damped_wave,4,16,21,inference_only,0,1,False,0.0008920992551955994,0,False,True
damped_wave,4,16,22,inference_only,0,1,False,0.00016176705026096916,0,False,True
damped_wave,4,16,23,inference_only,1,1,False,0.0,0,True,True
damped_wave,4,16,24,inference_only,0,0,False,0.0,0,False,False
damped_wave,4,16,25,inference_only,0,0,False,0.0,0,False,False
damped_wave,4,16,26,inference_only,1,0,True,0.0002143421500366005,0,True,False
damped_wave,4,16,27,inference_only,1,1,False,0.0,0,True,True
damped_wave,4,16,28,inference_only,0,0,False,0.0,0,False,False
damped_wave,4,16,29,inference_only,0,0,False,0.0,0,False,False
damped_wave,4,16,0,response_only,0,0,False,0.0,0,False,False
damped_wave,4,16,1,response_only,0,0,False,0.0,0,False,False
damped_wave,4,16,2,response_only,0,0,False,0.0,0,False,False
damped_wave,4,16,3,response_only,0,0,False,0.0,0,False,False
damped_wave,4,16,4,response_only,0,0,False,0.0,0,False,False
damped_wave,4,16,5,response_only,1,0,True,0.011447604948521165,0,True,False
damped_wave,4,16,6,response_only,0,0,False,0.0,0,False,False
damped_wave,4,16,7,response_only,0,0,False,0.0,0,False,False
damped_wave,4,16,8,response_only,0,0,False,0.0,0,False,False
damped_wave,4,16,9,response_only,0,0,False,0.0,0,False,False
damped_wave,4,16,10,response_only,0,0,False,0.0,0,False,False
damped_wave,4,16,11,response_only,0,0,False,0.0,0,False,False
damped_wave,4,16,12,response_only,1,0,True,0.00468726576287405,0,True,False
damped_wave,4,16,13,response_only,1,0,True,0.01358717786584284,0,True,False
damped_wave,4,16,14,response_only,1,0,True,0.006627119354334481,0,True,False
damped_wave,4,16,15,response_only,1,0,True,0.0030567186635482527,0,True,False
damped_wave,4,16,16,response_only,1,0,True,0.0023928187832801644,0,True,False
damped_wave,4,16,17,response_only,0,0,False,0.0,0,False,False
damped_wave,4,16,18,response_only,1,0,True,0.0065228852857475116,0,True,False
damped_wave,4,16,19,response_only,0,0,False,0.0,0,False,False
damped_wave,4,16,20,response_only,0,0,False,0.0,0,False,False
damped_wave,4,16,21,response_only,0,0,False,0.0,0,False,False
damped_wave,4,16,22,response_only,0,0,False,0.0,0,False,False
damped_wave,4,16,23,response_only,1,0,True,0.003250454108606648,0,True,False
damped_wave,4,16,24,response_only,0,0,False,0.0,0,False,False
damped_wave,4,16,25,response_only,0,0,False,0.0,0,False,False
damped_wave,4,16,26,response_only,1,0,True,0.0002143421500366005,0,True,False
damped_wave,4,16,27,response_only,1,0,True,0.008587252716499245,0,True,False
damped_wave,4,16,28,response_only,0,0,False,0.0,0,False,False
damped_wave,4,16,29,response_only,0,0,False,0.0,0,False,False
damped_wave,4,16,0,combined,0,0,False,0.0,0,False,False
damped_wave,4,16,1,combined,0,0,False,0.0,0,False,False
damped_wave,4,16,2,combined,0,0,False,0.0,0,False,False
damped_wave,4,16,3,combined,0,0,False,0.0,0,False,False
damped_wave,4,16,4,combined,0,0,False,0.0,0,False,False
damped_wave,4,16,5,combined,1,0,True,0.011447604948521165,0,True,False
damped_wave,4,16,6,combined,0,0,False,0.0,0,False,False
damped_wave,4,16,7,combined,0,0,False,0.0,0,False,False
damped_wave,4,16,8,combined,0,0,False,0.0,0,False,False
damped_wave,4,16,9,combined,0,0,False,0.0,0,False,False
damped_wave,4,16,10,combined,0,0,False,0.0,0,False,False
damped_wave,4,16,11,combined,0,0,False,0.0,0,False,False
damped_wave,4,16,12,combined,1,0,True,0.00468726576287405,0,True,False
damped_wave,4,16,13,combined,1,0,True,0.01358717786584284,0,True,False
damped_wave,4,16,14,combined,1,0,True,0.006627119354334481,0,True,False
damped_wave,4,16,15,combined,1,0,True,0.0030567186635482527,0,True,False
damped_wave,4,16,16,combined,1,0,True,0.0023928187832801644,0,True,False
damped_wave,4,16,17,combined,0,0,False,0.0,0,False,False
damped_wave,4,16,18,combined,1,0,True,0.0065228852857475116,0,True,False
damped_wave,4,16,19,combined,0,0,False,0.0,0,False,False
damped_wave,4,16,20,combined,0,0,False,0.0,0,False,False
damped_wave,4,16,21,combined,0,0,False,0.0,0,False,False
damped_wave,4,16,22,combined,0,0,False,0.0,0,False,False
damped_wave,4,16,23,combined,1,0,True,0.003250454108606648,0,True,False
damped_wave,4,16,24,combined,0,0,False,0.0,0,False,False
damped_wave,4,16,25,combined,0,0,False,0.0,0,False,False
damped_wave,4,16,26,combined,1,0,True,0.0002143421500366005,0,True,False
damped_wave,4,16,27,combined,1,0,True,0.008587252716499245,0,True,False
damped_wave,4,16,28,combined,0,0,False,0.0,0,False,False
damped_wave,4,16,29,combined,0,0,False,0.0,0,False,False
damped_wave,4,32,0,inference_only,0,0,False,0.0,0,False,False
damped_wave,4,32,1,inference_only,0,0,False,0.0,0,False,False
damped_wave,4,32,2,inference_only,0,0,False,0.0,0,False,False
damped_wave,4,32,3,inference_only,0,0,False,0.0,0,False,False
damped_wave,4,32,4,inference_only,0,0,False,0.0,0,False,False
damped_wave,4,32,5,inference_only,1,1,False,0.0,0,True,True
damped_wave,4,32,6,inference_only,0,0,False,0.0,0,False,False
damped_wave,4,32,7,inference_only,0,0,False,0.0,0,False,False
damped_wave,4,32,8,inference_only,0,0,False,0.0,0,False,False
damped_wave,4,32,9,inference_only,0,0,False,0.0,0,False,False
damped_wave,4,32,10,inference_only,0,0,False,0.0,0,False,False
damped_wave,4,32,11,inference_only,0,0,False,0.0,0,False,False
damped_wave,4,32,12,inference_only,1,1,False,0.0,0,True,True
damped_wave,4,32,13,inference_only,1,1,False,0.0,0,True,True
damped_wave,4,32,14,inference_only,1,1,False,0.0,0,True,True
damped_wave,4,32,15,inference_only,1,1,False,0.0,0,True,True
damped_wave,4,32,16,inference_only,1,1,False,0.0,0,True,True
damped_wave,4,32,17,inference_only,0,0,False,0.0,0,False,False
damped_wave,4,32,18,inference_only,1,1,False,0.0,0,True,True
damped_wave,4,32,19,inference_only,0,0,False,0.0,0,False,False
damped_wave,4,32,20,inference_only,0,0,False,0.0,0,False,False
damped_wave,4,32,21,inference_only,0,0,False,0.0,0,False,False
damped_wave,4,32,22,inference_only,0,0,False,0.0,0,False,False
damped_wave,4,32,23,inference_only,1,1,False,0.0,0,True,True
damped_wave,4,32,24,inference_only,0,0,False,0.0,0,False,False
damped_wave,4,32,25,inference_only,0,0,False,0.0,0,False,False
damped_wave,4,32,26,inference_only,1,1,False,0.0,0,True,True
damped_wave,4,32,27,inference_only,1,1,False,0.0,0,True,True
damped_wave,4,32,28,inference_only,0,0,False,0.0,0,False,False
damped_wave,4,32,29,inference_only,0,0,False,0.0,0,False,False
damped_wave,4,32,0,response_only,0,0,False,0.0,0,False,False
damped_wave,4,32,1,response_only,0,0,False,0.0,0,False,False
damped_wave,4,32,2,response_only,0,0,False,0.0,0,False,False
damped_wave,4,32,3,response_only,0,0,False,0.0,0,False,False
damped_wave,4,32,4,response_only,0,0,False,0.0,0,False,False
damped_wave,4,32,5,response_only,1,1,False,0.0,0,True,True
damped_wave,4,32,6,response_only,0,0,False,0.0,0,False,False
damped_wave,4,32,7,response_only,0,0,False,0.0,0,False,False
damped_wave,4,32,8,response_only,0,0,False,0.0,0,False,False
damped_wave,4,32,9,response_only,0,0,False,0.0,0,False,False
damped_wave,4,32,10,response_only,0,0,False,0.0,0,False,False
damped_wave,4,32,11,response_only,0,0,False,0.0,0,False,False
damped_wave,4,32,12,response_only,1,1,False,0.0,0,True,True
damped_wave,4,32,13,response_only,1,1,False,0.0,0,True,True
damped_wave,4,32,14,response_only,1,1,False,0.0,0,True,True
damped_wave,4,32,15,response_only,1,1,False,0.0,0,True,True
damped_wave,4,32,16,response_only,1,1,False,0.0,0,True,True
damped_wave,4,32,17,response_only,0,0,False,0.0,0,False,False
damped_wave,4,32,18,response_only,1,1,False,0.0,0,True,True
damped_wave,4,32,19,response_only,0,0,False,0.0,0,False,False
damped_wave,4,32,20,response_only,0,0,False,0.0,0,False,False
damped_wave,4,32,21,response_only,0,0,False,0.0,0,False,False
damped_wave,4,32,22,response_only,0,0,False,0.0,0,False,False
damped_wave,4,32,23,response_only,1,1,False,0.0,0,True,True
damped_wave,4,32,24,response_only,0,0,False,0.0,0,False,False
damped_wave,4,32,25,response_only,0,0,False,0.0,0,False,False
damped_wave,4,32,26,response_only,1,1,False,0.0,0,True,True
damped_wave,4,32,27,response_only,1,1,False,0.0,0,True,True
damped_wave,4,32,28,response_only,0,0,False,0.0,0,False,False
damped_wave,4,32,29,response_only,0,0,False,0.0,0,False,False
damped_wave,4,32,0,combined,0,0,False,0.0,0,False,False
damped_wave,4,32,1,combined,0,0,False,0.0,0,False,False
damped_wave,4,32,2,combined,0,0,False,0.0,0,False,False
damped_wave,4,32,3,combined,0,0,False,0.0,0,False,False
damped_wave,4,32,4,combined,0,0,False,0.0,0,False,False
damped_wave,4,32,5,combined,1,1,False,0.0,0,True,True
damped_wave,4,32,6,combined,0,0,False,0.0,0,False,False
damped_wave,4,32,7,combined,0,0,False,0.0,0,False,False
damped_wave,4,32,8,combined,0,0,False,0.0,0,False,False
damped_wave,4,32,9,combined,0,0,False,0.0,0,False,False
damped_wave,4,32,10,combined,0,0,False,0.0,0,False,False
damped_wave,4,32,11,combined,0,0,False,0.0,0,False,False
damped_wave,4,32,12,combined,1,1,False,0.0,0,True,True
damped_wave,4,32,13,combined,1,1,False,0.0,0,True,True
damped_wave,4,32,14,combined,1,1,False,0.0,0,True,True
damped_wave,4,32,15,combined,1,1,False,0.0,0,True,True
damped_wave,4,32,16,combined,1,1,False,0.0,0,True,True
damped_wave,4,32,17,combined,0,0,False,0.0,0,False,False
damped_wave,4,32,18,combined,1,1,False,0.0,0,True,True
damped_wave,4,32,19,combined,0,0,False,0.0,0,False,False
damped_wave,4,32,20,combined,0,0,False,0.0,0,False,False
damped_wave,4,32,21,combined,0,0,False,0.0,0,False,False
damped_wave,4,32,22,combined,0,0,False,0.0,0,False,False
damped_wave,4,32,23,combined,1,1,False,0.0,0,True,True
damped_wave,4,32,24,combined,0,0,False,0.0,0,False,False
damped_wave,4,32,25,combined,0,0,False,0.0,0,False,False
damped_wave,4,32,26,combined,1,1,False,0.0,0,True,True
damped_wave,4,32,27,combined,1,1,False,0.0,0,True,True
damped_wave,4,32,28,combined,0,0,False,0.0,0,False,False
damped_wave,4,32,29,combined,0,0,False,0.0,0,False,False
damped_wave,4,64,0,inference_only,0,0,False,0.0,0,False,False
damped_wave,4,64,1,inference_only,0,0,False,0.0,0,False,False
damped_wave,4,64,2,inference_only,0,0,False,0.0,0,False,False
damped_wave,4,64,3,inference_only,0,0,False,0.0,0,False,False
damped_wave,4,64,4,inference_only,0,0,False,0.0,0,False,False
damped_wave,4,64,5,inference_only,1,1,False,0.0,0,True,True
damped_wave,4,64,6,inference_only,0,0,False,0.0,0,False,False
damped_wave,4,64,7,inference_only,0,0,False,0.0,0,False,False
damped_wave,4,64,8,inference_only,0,0,False,0.0,0,False,False
damped_wave,4,64,9,inference_only,0,0,False,0.0,0,False,False
damped_wave,4,64,10,inference_only,0,0,False,0.0,0,False,False
damped_wave,4,64,11,inference_only,0,0,False,0.0,0,False,False
damped_wave,4,64,12,inference_only,1,1,False,0.0,0,True,True
damped_wave,4,64,13,inference_only,1,1,False,0.0,0,True,True
damped_wave,4,64,14,inference_only,1,1,False,0.0,0,True,True
damped_wave,4,64,15,inference_only,1,1,False,0.0,0,True,True
damped_wave,4,64,16,inference_only,1,1,False,0.0,0,True,True
damped_wave,4,64,17,inference_only,0,0,False,0.0,0,False,False
damped_wave,4,64,18,inference_only,1,1,False,0.0,0,True,True
damped_wave,4,64,19,inference_only,0,0,False,0.0,0,False,False
damped_wave,4,64,20,inference_only,0,0,False,0.0,0,False,False
damped_wave,4,64,21,inference_only,0,0,False,0.0,0,False,False
damped_wave,4,64,22,inference_only,0,0,False,0.0,0,False,False
damped_wave,4,64,23,inference_only,1,1,False,0.0,0,True,True
damped_wave,4,64,24,inference_only,0,0,False,0.0,0,False,False
damped_wave,4,64,25,inference_only,0,0,False,0.0,0,False,False
damped_wave,4,64,26,inference_only,1,1,False,0.0,0,True,True
damped_wave,4,64,27,inference_only,1,1,False,0.0,0,True,True
damped_wave,4,64,28,inference_only,0,0,False,0.0,0,False,False
damped_wave,4,64,29,inference_only,0,0,False,0.0,0,False,False
damped_wave,4,64,0,response_only,0,0,False,0.0,0,False,False
damped_wave,4,64,1,response_only,0,0,False,0.0,0,False,False
damped_wave,4,64,2,response_only,0,0,False,0.0,0,False,False
damped_wave,4,64,3,response_only,0,0,False,0.0,0,False,False
damped_wave,4,64,4,response_only,0,0,False,0.0,0,False,False
damped_wave,4,64,5,response_only,1,1,False,0.0,0,True,True
damped_wave,4,64,6,response_only,0,0,False,0.0,0,False,False
damped_wave,4,64,7,response_only,0,0,False,0.0,0,False,False
damped_wave,4,64,8,response_only,0,0,False,0.0,0,False,False
damped_wave,4,64,9,response_only,0,0,False,0.0,0,False,False
damped_wave,4,64,10,response_only,0,0,False,0.0,0,False,False
damped_wave,4,64,11,response_only,0,0,False,0.0,0,False,False
damped_wave,4,64,12,response_only,1,1,False,0.0,0,True,True
damped_wave,4,64,13,response_only,1,1,False,0.0,0,True,True
damped_wave,4,64,14,response_only,1,1,False,0.0,0,True,True
damped_wave,4,64,15,response_only,1,1,False,0.0,0,True,True
damped_wave,4,64,16,response_only,1,1,False,0.0,0,True,True
damped_wave,4,64,17,response_only,0,0,False,0.0,0,False,False
damped_wave,4,64,18,response_only,1,1,False,0.0,0,True,True
damped_wave,4,64,19,response_only,0,0,False,0.0,0,False,False
damped_wave,4,64,20,response_only,0,0,False,0.0,0,False,False
damped_wave,4,64,21,response_only,0,0,False,0.0,0,False,False
damped_wave,4,64,22,response_only,0,0,False,0.0,0,False,False
damped_wave,4,64,23,response_only,1,1,False,0.0,0,True,True
damped_wave,4,64,24,response_only,0,0,False,0.0,0,False,False
damped_wave,4,64,25,response_only,0,0,False,0.0,0,False,False
damped_wave,4,64,26,response_only,1,1,False,0.0,0,True,True
damped_wave,4,64,27,response_only,1,1,False,0.0,0,True,True
damped_wave,4,64,28,response_only,0,0,False,0.0,0,False,False
damped_wave,4,64,29,response_only,0,0,False,0.0,0,False,False
damped_wave,4,64,0,combined,0,0,False,0.0,0,False,False
damped_wave,4,64,1,combined,0,0,False,0.0,0,False,False
damped_wave,4,64,2,combined,0,0,False,0.0,0,False,False
damped_wave,4,64,3,combined,0,0,False,0.0,0,False,False
damped_wave,4,64,4,combined,0,0,False,0.0,0,False,False
damped_wave,4,64,5,combined,1,1,False,0.0,0,True,True
damped_wave,4,64,6,combined,0,0,False,0.0,0,False,False
damped_wave,4,64,7,combined,0,0,False,0.0,0,False,False
damped_wave,4,64,8,combined,0,0,False,0.0,0,False,False
damped_wave,4,64,9,combined,0,0,False,0.0,0,False,False
damped_wave,4,64,10,combined,0,0,False,0.0,0,False,False
damped_wave,4,64,11,combined,0,0,False,0.0,0,False,False
damped_wave,4,64,12,combined,1,1,False,0.0,0,True,True
damped_wave,4,64,13,combined,1,1,False,0.0,0,True,True
damped_wave,4,64,14,combined,1,1,False,0.0,0,True,True
damped_wave,4,64,15,combined,1,1,False,0.0,0,True,True
damped_wave,4,64,16,combined,1,1,False,0.0,0,True,True
damped_wave,4,64,17,combined,0,0,False,0.0,0,False,False
damped_wave,4,64,18,combined,1,1,False,0.0,0,True,True
damped_wave,4,64,19,combined,0,0,False,0.0,0,False,False
damped_wave,4,64,20,combined,0,0,False,0.0,0,False,False
damped_wave,4,64,21,combined,0,0,False,0.0,0,False,False
damped_wave,4,64,22,combined,0,0,False,0.0,0,False,False
damped_wave,4,64,23,combined,1,1,False,0.0,0,True,True
damped_wave,4,64,24,combined,0,0,False,0.0,0,False,False
damped_wave,4,64,25,combined,0,0,False,0.0,0,False,False
damped_wave,4,64,26,combined,1,1,False,0.0,0,True,True
damped_wave,4,64,27,combined,1,1,False,0.0,0,True,True
damped_wave,4,64,28,combined,0,0,False,0.0,0,False,False
damped_wave,4,64,29,combined,0,0,False,0.0,0,False,False
damped_wave,5,2,0,inference_only,0,0,False,0.0,0,False,False
damped_wave,5,2,1,inference_only,0,0,False,0.0,0,False,False
damped_wave,5,2,2,inference_only,0,0,False,0.0,0,False,False
damped_wave,5,2,3,inference_only,0,0,False,0.0,0,False,False
damped_wave,5,2,4,inference_only,0,0,False,0.0,0,False,False
damped_wave,5,2,5,inference_only,0,0,False,0.0,0,False,False
damped_wave,5,2,6,inference_only,0,0,False,0.0,0,False,False
damped_wave,5,2,7,inference_only,0,0,False,0.0,0,False,False
damped_wave,5,2,8,inference_only,0,0,False,0.0,0,False,False
damped_wave,5,2,9,inference_only,0,0,False,0.0,0,False,False
damped_wave,5,2,10,inference_only,0,0,False,0.0,0,False,False
damped_wave,5,2,11,inference_only,0,0,False,0.0,0,False,False
damped_wave,5,2,12,inference_only,0,0,False,0.0,0,False,False
damped_wave,5,2,13,inference_only,0,0,False,0.0,0,False,False
damped_wave,5,2,14,inference_only,0,0,False,0.0,0,False,False
damped_wave,5,2,15,inference_only,0,0,False,0.0,0,False,False
damped_wave,5,2,16,inference_only,0,0,False,0.0,0,False,False
damped_wave,5,2,17,inference_only,0,0,False,0.0,0,False,False
damped_wave,5,2,18,inference_only,0,0,False,0.0,0,False,False
damped_wave,5,2,19,inference_only,0,0,False,0.0,0,False,False
damped_wave,5,2,20,inference_only,0,0,False,0.0,0,False,False
damped_wave,5,2,21,inference_only,0,0,False,0.0,0,False,False
damped_wave,5,2,22,inference_only,0,0,False,0.0,0,False,False
damped_wave,5,2,23,inference_only,0,0,False,0.0,0,False,False
damped_wave,5,2,24,inference_only,0,0,False,0.0,0,False,False
damped_wave,5,2,25,inference_only,0,0,False,0.0,0,False,False
damped_wave,5,2,26,inference_only,0,0,False,0.0,0,False,False
damped_wave,5,2,27,inference_only,0,0,False,0.0,0,False,False
damped_wave,5,2,28,inference_only,0,0,False,0.0,0,False,False
damped_wave,5,2,29,inference_only,0,0,False,0.0,0,False,False
damped_wave,5,2,0,response_only,0,1,False,0.01,0,False,True
damped_wave,5,2,1,response_only,0,1,False,0.01,0,False,True
damped_wave,5,2,2,response_only,0,1,False,0.01,0,False,True
damped_wave,5,2,3,response_only,0,1,False,0.010000000000000002,0,False,True
damped_wave,5,2,4,response_only,0,1,False,0.009999999999999998,0,False,True
damped_wave,5,2,5,response_only,0,1,False,0.01,0,False,True
damped_wave,5,2,6,response_only,0,1,False,0.009999999999999998,0,False,True
damped_wave,5,2,7,response_only,0,1,False,0.01,0,False,True
damped_wave,5,2,8,response_only,0,1,False,0.01,0,False,True
damped_wave,5,2,9,response_only,0,1,False,0.010000000000000002,0,False,True
damped_wave,5,2,10,response_only,0,1,False,0.01,0,False,True
damped_wave,5,2,11,response_only,0,1,False,0.01,0,False,True
damped_wave,5,2,12,response_only,0,1,False,0.01,0,False,True
damped_wave,5,2,13,response_only,0,1,False,0.01,0,False,True
damped_wave,5,2,14,response_only,0,1,False,0.01,0,False,True
damped_wave,5,2,15,response_only,0,1,False,0.01,0,False,True
damped_wave,5,2,16,response_only,0,1,False,0.01,0,False,True
damped_wave,5,2,17,response_only,0,1,False,0.010000000000000002,0,False,True
damped_wave,5,2,18,response_only,0,1,False,0.01,0,False,True
damped_wave,5,2,19,response_only,0,1,False,0.010000000000000002,0,False,True
damped_wave,5,2,20,response_only,0,1,False,0.01,0,False,True
damped_wave,5,2,21,response_only,0,1,False,0.01,0,False,True
damped_wave,5,2,22,response_only,0,1,False,0.01,0,False,True
damped_wave,5,2,23,response_only,0,1,False,0.01,0,False,True
damped_wave,5,2,24,response_only,0,1,False,0.01,0,False,True
damped_wave,5,2,25,response_only,0,1,False,0.010000000000000002,0,False,True
damped_wave,5,2,26,response_only,0,1,False,0.010000000000000002,0,False,True
damped_wave,5,2,27,response_only,0,1,False,0.009999999999999998,0,False,True
damped_wave,5,2,28,response_only,0,1,False,0.010000000000000002,0,False,True
damped_wave,5,2,29,response_only,0,1,False,0.010000000000000002,0,False,True
damped_wave,5,2,0,combined,0,1,False,0.01,0,False,True
damped_wave,5,2,1,combined,0,1,False,0.01,0,False,True
damped_wave,5,2,2,combined,0,1,False,0.01,0,False,True
damped_wave,5,2,3,combined,0,1,False,0.010000000000000002,0,False,True
damped_wave,5,2,4,combined,0,1,False,0.009999999999999998,0,False,True
damped_wave,5,2,5,combined,0,1,False,0.01,0,False,True
damped_wave,5,2,6,combined,0,1,False,0.009999999999999998,0,False,True
damped_wave,5,2,7,combined,0,1,False,0.01,0,False,True
damped_wave,5,2,8,combined,0,1,False,0.01,0,False,True
damped_wave,5,2,9,combined,0,1,False,0.010000000000000002,0,False,True
damped_wave,5,2,10,combined,0,1,False,0.01,0,False,True
damped_wave,5,2,11,combined,0,1,False,0.01,0,False,True
damped_wave,5,2,12,combined,0,1,False,0.01,0,False,True
damped_wave,5,2,13,combined,0,1,False,0.01,0,False,True
damped_wave,5,2,14,combined,0,1,False,0.01,0,False,True
damped_wave,5,2,15,combined,0,1,False,0.01,0,False,True
damped_wave,5,2,16,combined,0,1,False,0.01,0,False,True
damped_wave,5,2,17,combined,0,1,False,0.010000000000000002,0,False,True
damped_wave,5,2,18,combined,0,1,False,0.01,0,False,True
damped_wave,5,2,19,combined,0,1,False,0.010000000000000002,0,False,True
damped_wave,5,2,20,combined,0,1,False,0.01,0,False,True
damped_wave,5,2,21,combined,0,1,False,0.01,0,False,True
damped_wave,5,2,22,combined,0,1,False,0.01,0,False,True
damped_wave,5,2,23,combined,0,1,False,0.01,0,False,True
damped_wave,5,2,24,combined,0,1,False,0.01,0,False,True
damped_wave,5,2,25,combined,0,1,False,0.010000000000000002,0,False,True
damped_wave,5,2,26,combined,0,1,False,0.010000000000000002,0,False,True
damped_wave,5,2,27,combined,0,1,False,0.009999999999999998,0,False,True
damped_wave,5,2,28,combined,0,1,False,0.010000000000000002,0,False,True
damped_wave,5,2,29,combined,0,1,False,0.010000000000000002,0,False,True
damped_wave,5,4,0,inference_only,0,0,False,0.0,0,False,False
damped_wave,5,4,1,inference_only,0,0,False,0.0,0,False,False
damped_wave,5,4,2,inference_only,0,0,False,0.0,0,False,False
damped_wave,5,4,3,inference_only,0,0,False,0.0,0,False,False
damped_wave,5,4,4,inference_only,0,0,False,0.0,0,False,False
damped_wave,5,4,5,inference_only,0,0,False,0.0,0,False,False
damped_wave,5,4,6,inference_only,0,0,False,0.0,0,False,False
damped_wave,5,4,7,inference_only,0,0,False,0.0,0,False,False
damped_wave,5,4,8,inference_only,0,0,False,0.0,0,False,False
damped_wave,5,4,9,inference_only,0,0,False,0.0,0,False,False
damped_wave,5,4,10,inference_only,0,0,False,0.0,0,False,False
damped_wave,5,4,11,inference_only,0,0,False,0.0,0,False,False
damped_wave,5,4,12,inference_only,0,0,False,0.0,0,False,False
damped_wave,5,4,13,inference_only,0,0,False,0.0,0,False,False
damped_wave,5,4,14,inference_only,0,0,False,0.0,0,False,False
damped_wave,5,4,15,inference_only,0,0,False,0.0,0,False,False
damped_wave,5,4,16,inference_only,0,0,False,0.0,0,False,False
damped_wave,5,4,17,inference_only,0,0,False,0.0,0,False,False
damped_wave,5,4,18,inference_only,0,0,False,0.0,0,False,False
damped_wave,5,4,19,inference_only,0,0,False,0.0,0,False,False
damped_wave,5,4,20,inference_only,0,0,False,0.0,0,False,False
damped_wave,5,4,21,inference_only,0,0,False,0.0,0,False,False
damped_wave,5,4,22,inference_only,0,0,False,0.0,0,False,False
damped_wave,5,4,23,inference_only,0,0,False,0.0,0,False,False
damped_wave,5,4,24,inference_only,0,0,False,0.0,0,False,False
damped_wave,5,4,25,inference_only,0,0,False,0.0,0,False,False
damped_wave,5,4,26,inference_only,0,0,False,0.0,0,False,False
damped_wave,5,4,27,inference_only,0,0,False,0.0,0,False,False
damped_wave,5,4,28,inference_only,0,0,False,0.0,0,False,False
damped_wave,5,4,29,inference_only,0,0,False,0.0,0,False,False
damped_wave,5,4,0,response_only,0,0,False,0.0,0,False,False
damped_wave,5,4,1,response_only,0,0,False,0.0,0,False,False
damped_wave,5,4,2,response_only,0,0,False,0.0,0,False,False
damped_wave,5,4,3,response_only,0,0,False,0.0,0,False,False
damped_wave,5,4,4,response_only,0,0,False,0.0,0,False,False
damped_wave,5,4,5,response_only,0,0,False,0.0,0,False,False
damped_wave,5,4,6,response_only,0,0,False,0.0,0,False,False
damped_wave,5,4,7,response_only,0,0,False,0.0,0,False,False
damped_wave,5,4,8,response_only,0,0,False,0.0,0,False,False
damped_wave,5,4,9,response_only,0,0,False,0.0,0,False,False
damped_wave,5,4,10,response_only,0,0,False,0.0,0,False,False
damped_wave,5,4,11,response_only,0,0,False,0.0,0,False,False
damped_wave,5,4,12,response_only,0,0,False,0.0,0,False,False
damped_wave,5,4,13,response_only,0,0,False,0.0,0,False,False
damped_wave,5,4,14,response_only,0,0,False,0.0,0,False,False
damped_wave,5,4,15,response_only,0,0,False,0.0,0,False,False
damped_wave,5,4,16,response_only,0,0,False,0.0,0,False,False
damped_wave,5,4,17,response_only,0,0,False,0.0,0,False,False
damped_wave,5,4,18,response_only,0,0,False,0.0,0,False,False
damped_wave,5,4,19,response_only,0,0,False,0.0,0,False,False
damped_wave,5,4,20,response_only,0,0,False,0.0,0,False,False
damped_wave,5,4,21,response_only,0,0,False,0.0,0,False,False
damped_wave,5,4,22,response_only,0,0,False,0.0,0,False,False
damped_wave,5,4,23,response_only,0,0,False,0.0,0,False,False
damped_wave,5,4,24,response_only,0,0,False,0.0,0,False,False
damped_wave,5,4,25,response_only,0,0,False,0.0,0,False,False
damped_wave,5,4,26,response_only,0,0,False,0.0,0,False,False
damped_wave,5,4,27,response_only,0,0,False,0.0,0,False,False
damped_wave,5,4,28,response_only,0,0,False,0.0,0,False,False
damped_wave,5,4,29,response_only,0,0,False,0.0,0,False,False
damped_wave,5,4,0,combined,0,0,False,0.0,0,False,False
damped_wave,5,4,1,combined,0,0,False,0.0,0,False,False
damped_wave,5,4,2,combined,0,0,False,0.0,0,False,False
damped_wave,5,4,3,combined,0,0,False,0.0,0,False,False
damped_wave,5,4,4,combined,0,0,False,0.0,0,False,False
damped_wave,5,4,5,combined,0,0,False,0.0,0,False,False
damped_wave,5,4,6,combined,0,0,False,0.0,0,False,False
damped_wave,5,4,7,combined,0,0,False,0.0,0,False,False
damped_wave,5,4,8,combined,0,0,False,0.0,0,False,False
damped_wave,5,4,9,combined,0,0,False,0.0,0,False,False
damped_wave,5,4,10,combined,0,0,False,0.0,0,False,False
damped_wave,5,4,11,combined,0,0,False,0.0,0,False,False
damped_wave,5,4,12,combined,0,0,False,0.0,0,False,False
damped_wave,5,4,13,combined,0,0,False,0.0,0,False,False
damped_wave,5,4,14,combined,0,0,False,0.0,0,False,False
damped_wave,5,4,15,combined,0,0,False,0.0,0,False,False
damped_wave,5,4,16,combined,0,0,False,0.0,0,False,False
damped_wave,5,4,17,combined,0,0,False,0.0,0,False,False
damped_wave,5,4,18,combined,0,0,False,0.0,0,False,False
damped_wave,5,4,19,combined,0,0,False,0.0,0,False,False
damped_wave,5,4,20,combined,0,0,False,0.0,0,False,False
damped_wave,5,4,21,combined,0,0,False,0.0,0,False,False
damped_wave,5,4,22,combined,0,0,False,0.0,0,False,False
damped_wave,5,4,23,combined,0,0,False,0.0,0,False,False
damped_wave,5,4,24,combined,0,1,False,0.01,0,False,True
damped_wave,5,4,25,combined,0,0,False,0.0,0,False,False
damped_wave,5,4,26,combined,0,1,False,0.010000000000000002,0,False,True
damped_wave,5,4,27,combined,0,0,False,0.0,0,False,False
damped_wave,5,4,28,combined,0,0,False,0.0,0,False,False
damped_wave,5,4,29,combined,0,0,False,0.0,0,False,False
damped_wave,5,8,0,inference_only,0,0,False,0.0,0,False,False
damped_wave,5,8,1,inference_only,0,0,False,0.0,0,False,False
damped_wave,5,8,2,inference_only,0,0,False,0.0,0,False,False
damped_wave,5,8,3,inference_only,0,0,False,0.0,0,False,False
damped_wave,5,8,4,inference_only,0,0,False,0.0,0,False,False
damped_wave,5,8,5,inference_only,0,0,False,0.0,0,False,False
damped_wave,5,8,6,inference_only,0,0,False,0.0,0,False,False
damped_wave,5,8,7,inference_only,0,0,False,0.0,0,False,False
damped_wave,5,8,8,inference_only,0,0,False,0.0,0,False,False
damped_wave,5,8,9,inference_only,0,0,False,0.0,0,False,False
damped_wave,5,8,10,inference_only,0,0,False,0.0,0,False,False
damped_wave,5,8,11,inference_only,0,0,False,0.0,0,False,False
damped_wave,5,8,12,inference_only,0,0,False,0.0,0,False,False
damped_wave,5,8,13,inference_only,0,0,False,0.0,0,False,False
damped_wave,5,8,14,inference_only,0,0,False,0.0,0,False,False
damped_wave,5,8,15,inference_only,0,0,False,0.0,0,False,False
damped_wave,5,8,16,inference_only,0,0,False,0.0,0,False,False
damped_wave,5,8,17,inference_only,0,0,False,0.0,0,False,False
damped_wave,5,8,18,inference_only,0,0,False,0.0,0,False,False
damped_wave,5,8,19,inference_only,0,0,False,0.0,0,False,False
damped_wave,5,8,20,inference_only,0,0,False,0.0,0,False,False
damped_wave,5,8,21,inference_only,0,0,False,0.0,0,False,False
damped_wave,5,8,22,inference_only,0,0,False,0.0,0,False,False
damped_wave,5,8,23,inference_only,0,0,False,0.0,0,False,False
damped_wave,5,8,24,inference_only,0,0,False,0.0,0,False,False
damped_wave,5,8,25,inference_only,0,0,False,0.0,0,False,False
damped_wave,5,8,26,inference_only,0,0,False,0.0,0,False,False
damped_wave,5,8,27,inference_only,0,0,False,0.0,0,False,False
damped_wave,5,8,28,inference_only,0,0,False,0.0,0,False,False
damped_wave,5,8,29,inference_only,0,0,False,0.0,0,False,False
damped_wave,5,8,0,response_only,0,0,False,0.0,0,False,False
damped_wave,5,8,1,response_only,0,0,False,0.0,0,False,False
damped_wave,5,8,2,response_only,0,0,False,0.0,0,False,False
damped_wave,5,8,3,response_only,0,0,False,0.0,0,False,False
damped_wave,5,8,4,response_only,0,0,False,0.0,0,False,False
damped_wave,5,8,5,response_only,0,0,False,0.0,0,False,False
damped_wave,5,8,6,response_only,0,0,False,0.0,0,False,False
damped_wave,5,8,7,response_only,0,0,False,0.0,0,False,False
damped_wave,5,8,8,response_only,0,0,False,0.0,0,False,False
damped_wave,5,8,9,response_only,0,0,False,0.0,0,False,False
damped_wave,5,8,10,response_only,0,0,False,0.0,0,False,False
damped_wave,5,8,11,response_only,0,0,False,0.0,0,False,False
damped_wave,5,8,12,response_only,0,0,False,0.0,0,False,False
damped_wave,5,8,13,response_only,0,0,False,0.0,0,False,False
damped_wave,5,8,14,response_only,0,0,False,0.0,0,False,False
damped_wave,5,8,15,response_only,0,0,False,0.0,0,False,False
damped_wave,5,8,16,response_only,0,0,False,0.0,0,False,False
damped_wave,5,8,17,response_only,0,0,False,0.0,0,False,False
damped_wave,5,8,18,response_only,0,0,False,0.0,0,False,False
damped_wave,5,8,19,response_only,0,0,False,0.0,0,False,False
damped_wave,5,8,20,response_only,0,0,False,0.0,0,False,False
damped_wave,5,8,21,response_only,0,0,False,0.0,0,False,False
damped_wave,5,8,22,response_only,0,0,False,0.0,0,False,False
damped_wave,5,8,23,response_only,0,0,False,0.0,0,False,False
damped_wave,5,8,24,response_only,0,0,False,0.0,0,False,False
damped_wave,5,8,25,response_only,0,0,False,0.0,0,False,False
damped_wave,5,8,26,response_only,0,0,False,0.0,0,False,False
damped_wave,5,8,27,response_only,0,0,False,0.0,0,False,False
damped_wave,5,8,28,response_only,0,0,False,0.0,0,False,False
damped_wave,5,8,29,response_only,0,0,False,0.0,0,False,False
damped_wave,5,8,0,combined,0,0,False,0.0,0,False,False
damped_wave,5,8,1,combined,0,0,False,0.0,0,False,False
damped_wave,5,8,2,combined,0,0,False,0.0,0,False,False
damped_wave,5,8,3,combined,0,0,False,0.0,0,False,False
damped_wave,5,8,4,combined,0,0,False,0.0,0,False,False
damped_wave,5,8,5,combined,0,0,False,0.0,0,False,False
damped_wave,5,8,6,combined,0,0,False,0.0,0,False,False
damped_wave,5,8,7,combined,0,0,False,0.0,0,False,False
damped_wave,5,8,8,combined,0,0,False,0.0,0,False,False
damped_wave,5,8,9,combined,0,0,False,0.0,0,False,False
damped_wave,5,8,10,combined,0,0,False,0.0,0,False,False
damped_wave,5,8,11,combined,0,0,False,0.0,0,False,False
damped_wave,5,8,12,combined,0,0,False,0.0,0,False,False
damped_wave,5,8,13,combined,0,0,False,0.0,0,False,False
damped_wave,5,8,14,combined,0,0,False,0.0,0,False,False
damped_wave,5,8,15,combined,0,0,False,0.0,0,False,False
damped_wave,5,8,16,combined,0,0,False,0.0,0,False,False
damped_wave,5,8,17,combined,0,0,False,0.0,0,False,False
damped_wave,5,8,18,combined,0,0,False,0.0,0,False,False
damped_wave,5,8,19,combined,0,0,False,0.0,0,False,False
damped_wave,5,8,20,combined,0,0,False,0.0,0,False,False
damped_wave,5,8,21,combined,0,0,False,0.0,0,False,False
damped_wave,5,8,22,combined,0,0,False,0.0,0,False,False
damped_wave,5,8,23,combined,0,0,False,0.0,0,False,False
damped_wave,5,8,24,combined,0,0,False,0.0,0,False,False
damped_wave,5,8,25,combined,0,0,False,0.0,0,False,False
damped_wave,5,8,26,combined,0,0,False,0.0,0,False,False
damped_wave,5,8,27,combined,0,0,False,0.0,0,False,False
damped_wave,5,8,28,combined,0,0,False,0.0,0,False,False
damped_wave,5,8,29,combined,0,0,False,0.0,0,False,False
damped_wave,5,16,0,inference_only,0,0,False,0.0,0,False,False
damped_wave,5,16,1,inference_only,0,0,False,0.0,0,False,False
damped_wave,5,16,2,inference_only,0,0,False,0.0,0,False,False
damped_wave,5,16,3,inference_only,0,0,False,0.0,0,False,False
damped_wave,5,16,4,inference_only,0,0,False,0.0,0,False,False
damped_wave,5,16,5,inference_only,0,0,False,0.0,0,False,False
damped_wave,5,16,6,inference_only,0,0,False,0.0,0,False,False
damped_wave,5,16,7,inference_only,0,0,False,0.0,0,False,False
damped_wave,5,16,8,inference_only,0,0,False,0.0,0,False,False
damped_wave,5,16,9,inference_only,0,0,False,0.0,0,False,False
damped_wave,5,16,10,inference_only,0,0,False,0.0,0,False,False
damped_wave,5,16,11,inference_only,0,0,False,0.0,0,False,False
damped_wave,5,16,12,inference_only,0,0,False,0.0,0,False,False
damped_wave,5,16,13,inference_only,0,0,False,0.0,0,False,False
damped_wave,5,16,14,inference_only,0,0,False,0.0,0,False,False
damped_wave,5,16,15,inference_only,0,0,False,0.0,0,False,False
damped_wave,5,16,16,inference_only,0,0,False,0.0,0,False,False
damped_wave,5,16,17,inference_only,0,0,False,0.0,0,False,False
damped_wave,5,16,18,inference_only,0,0,False,0.0,0,False,False
damped_wave,5,16,19,inference_only,0,0,False,0.0,0,False,False
damped_wave,5,16,20,inference_only,0,0,False,0.0,0,False,False
damped_wave,5,16,21,inference_only,0,0,False,0.0,0,False,False
damped_wave,5,16,22,inference_only,0,0,False,0.0,0,False,False
damped_wave,5,16,23,inference_only,0,0,False,0.0,0,False,False
damped_wave,5,16,24,inference_only,0,0,False,0.0,0,False,False
damped_wave,5,16,25,inference_only,0,0,False,0.0,0,False,False
damped_wave,5,16,26,inference_only,0,0,False,0.0,0,False,False
damped_wave,5,16,27,inference_only,0,0,False,0.0,0,False,False
damped_wave,5,16,28,inference_only,0,0,False,0.0,0,False,False
damped_wave,5,16,29,inference_only,0,0,False,0.0,0,False,False
damped_wave,5,16,0,response_only,0,0,False,0.0,0,False,False
damped_wave,5,16,1,response_only,0,0,False,0.0,0,False,False
damped_wave,5,16,2,response_only,0,0,False,0.0,0,False,False
damped_wave,5,16,3,response_only,0,0,False,0.0,0,False,False
damped_wave,5,16,4,response_only,0,0,False,0.0,0,False,False
damped_wave,5,16,5,response_only,0,0,False,0.0,0,False,False
damped_wave,5,16,6,response_only,0,0,False,0.0,0,False,False
damped_wave,5,16,7,response_only,0,0,False,0.0,0,False,False
damped_wave,5,16,8,response_only,0,0,False,0.0,0,False,False
damped_wave,5,16,9,response_only,0,0,False,0.0,0,False,False
damped_wave,5,16,10,response_only,0,0,False,0.0,0,False,False
damped_wave,5,16,11,response_only,0,0,False,0.0,0,False,False
damped_wave,5,16,12,response_only,0,0,False,0.0,0,False,False
damped_wave,5,16,13,response_only,0,0,False,0.0,0,False,False
damped_wave,5,16,14,response_only,0,0,False,0.0,0,False,False
damped_wave,5,16,15,response_only,0,0,False,0.0,0,False,False
damped_wave,5,16,16,response_only,0,0,False,0.0,0,False,False
damped_wave,5,16,17,response_only,0,0,False,0.0,0,False,False
damped_wave,5,16,18,response_only,0,0,False,0.0,0,False,False
damped_wave,5,16,19,response_only,0,0,False,0.0,0,False,False
damped_wave,5,16,20,response_only,0,0,False,0.0,0,False,False
damped_wave,5,16,21,response_only,0,0,False,0.0,0,False,False
damped_wave,5,16,22,response_only,0,0,False,0.0,0,False,False
damped_wave,5,16,23,response_only,0,0,False,0.0,0,False,False
damped_wave,5,16,24,response_only,0,0,False,0.0,0,False,False
damped_wave,5,16,25,response_only,0,0,False,0.0,0,False,False
damped_wave,5,16,26,response_only,0,0,False,0.0,0,False,False
damped_wave,5,16,27,response_only,0,0,False,0.0,0,False,False
damped_wave,5,16,28,response_only,0,0,False,0.0,0,False,False
damped_wave,5,16,29,response_only,0,0,False,0.0,0,False,False
damped_wave,5,16,0,combined,0,0,False,0.0,0,False,False
damped_wave,5,16,1,combined,0,0,False,0.0,0,False,False
damped_wave,5,16,2,combined,0,0,False,0.0,0,False,False
damped_wave,5,16,3,combined,0,0,False,0.0,0,False,False
damped_wave,5,16,4,combined,0,0,False,0.0,0,False,False
damped_wave,5,16,5,combined,0,0,False,0.0,0,False,False
damped_wave,5,16,6,combined,0,0,False,0.0,0,False,False
damped_wave,5,16,7,combined,0,0,False,0.0,0,False,False
damped_wave,5,16,8,combined,0,0,False,0.0,0,False,False
damped_wave,5,16,9,combined,0,0,False,0.0,0,False,False
damped_wave,5,16,10,combined,0,0,False,0.0,0,False,False
damped_wave,5,16,11,combined,0,0,False,0.0,0,False,False
damped_wave,5,16,12,combined,0,0,False,0.0,0,False,False
damped_wave,5,16,13,combined,0,0,False,0.0,0,False,False
damped_wave,5,16,14,combined,0,0,False,0.0,0,False,False
damped_wave,5,16,15,combined,0,0,False,0.0,0,False,False
damped_wave,5,16,16,combined,0,0,False,0.0,0,False,False
damped_wave,5,16,17,combined,0,0,False,0.0,0,False,False
damped_wave,5,16,18,combined,0,0,False,0.0,0,False,False
damped_wave,5,16,19,combined,0,0,False,0.0,0,False,False
damped_wave,5,16,20,combined,0,0,False,0.0,0,False,False
damped_wave,5,16,21,combined,0,0,False,0.0,0,False,False
damped_wave,5,16,22,combined,0,0,False,0.0,0,False,False
damped_wave,5,16,23,combined,0,0,False,0.0,0,False,False
damped_wave,5,16,24,combined,0,0,False,0.0,0,False,False
damped_wave,5,16,25,combined,0,0,False,0.0,0,False,False
damped_wave,5,16,26,combined,0,0,False,0.0,0,False,False
damped_wave,5,16,27,combined,0,0,False,0.0,0,False,False
damped_wave,5,16,28,combined,0,0,False,0.0,0,False,False
damped_wave,5,16,29,combined,0,0,False,0.0,0,False,False
damped_wave,5,32,0,inference_only,0,0,False,0.0,0,False,False
damped_wave,5,32,1,inference_only,0,0,False,0.0,0,False,False
damped_wave,5,32,2,inference_only,0,0,False,0.0,0,False,False
damped_wave,5,32,3,inference_only,0,0,False,0.0,0,False,False
damped_wave,5,32,4,inference_only,0,0,False,0.0,0,False,False
damped_wave,5,32,5,inference_only,0,0,False,0.0,0,False,False
damped_wave,5,32,6,inference_only,0,0,False,0.0,0,False,False
damped_wave,5,32,7,inference_only,0,0,False,0.0,0,False,False
damped_wave,5,32,8,inference_only,0,0,False,0.0,0,False,False
damped_wave,5,32,9,inference_only,0,0,False,0.0,0,False,False
damped_wave,5,32,10,inference_only,0,0,False,0.0,0,False,False
damped_wave,5,32,11,inference_only,0,0,False,0.0,0,False,False
damped_wave,5,32,12,inference_only,0,0,False,0.0,0,False,False
damped_wave,5,32,13,inference_only,0,0,False,0.0,0,False,False
damped_wave,5,32,14,inference_only,0,0,False,0.0,0,False,False
damped_wave,5,32,15,inference_only,0,0,False,0.0,0,False,False
damped_wave,5,32,16,inference_only,0,0,False,0.0,0,False,False
damped_wave,5,32,17,inference_only,0,0,False,0.0,0,False,False
damped_wave,5,32,18,inference_only,0,0,False,0.0,0,False,False
damped_wave,5,32,19,inference_only,0,0,False,0.0,0,False,False
damped_wave,5,32,20,inference_only,0,0,False,0.0,0,False,False
damped_wave,5,32,21,inference_only,0,0,False,0.0,0,False,False
damped_wave,5,32,22,inference_only,0,0,False,0.0,0,False,False
damped_wave,5,32,23,inference_only,0,0,False,0.0,0,False,False
damped_wave,5,32,24,inference_only,0,0,False,0.0,0,False,False
damped_wave,5,32,25,inference_only,0,0,False,0.0,0,False,False
damped_wave,5,32,26,inference_only,0,0,False,0.0,0,False,False
damped_wave,5,32,27,inference_only,0,0,False,0.0,0,False,False
damped_wave,5,32,28,inference_only,0,0,False,0.0,0,False,False
damped_wave,5,32,29,inference_only,0,0,False,0.0,0,False,False
damped_wave,5,32,0,response_only,0,0,False,0.0,0,False,False
damped_wave,5,32,1,response_only,0,0,False,0.0,0,False,False
damped_wave,5,32,2,response_only,0,0,False,0.0,0,False,False
damped_wave,5,32,3,response_only,0,0,False,0.0,0,False,False
damped_wave,5,32,4,response_only,0,0,False,0.0,0,False,False
damped_wave,5,32,5,response_only,0,0,False,0.0,0,False,False
damped_wave,5,32,6,response_only,0,0,False,0.0,0,False,False
damped_wave,5,32,7,response_only,0,0,False,0.0,0,False,False
damped_wave,5,32,8,response_only,0,0,False,0.0,0,False,False
damped_wave,5,32,9,response_only,0,0,False,0.0,0,False,False
damped_wave,5,32,10,response_only,0,0,False,0.0,0,False,False
damped_wave,5,32,11,response_only,0,0,False,0.0,0,False,False
damped_wave,5,32,12,response_only,0,0,False,0.0,0,False,False
damped_wave,5,32,13,response_only,0,0,False,0.0,0,False,False
damped_wave,5,32,14,response_only,0,0,False,0.0,0,False,False
damped_wave,5,32,15,response_only,0,0,False,0.0,0,False,False
damped_wave,5,32,16,response_only,0,0,False,0.0,0,False,False
damped_wave,5,32,17,response_only,0,0,False,0.0,0,False,False
damped_wave,5,32,18,response_only,0,0,False,0.0,0,False,False
damped_wave,5,32,19,response_only,0,0,False,0.0,0,False,False
damped_wave,5,32,20,response_only,0,0,False,0.0,0,False,False
damped_wave,5,32,21,response_only,0,0,False,0.0,0,False,False
damped_wave,5,32,22,response_only,0,0,False,0.0,0,False,False
damped_wave,5,32,23,response_only,0,0,False,0.0,0,False,False
damped_wave,5,32,24,response_only,0,0,False,0.0,0,False,False
damped_wave,5,32,25,response_only,0,0,False,0.0,0,False,False
damped_wave,5,32,26,response_only,0,0,False,0.0,0,False,False
damped_wave,5,32,27,response_only,0,0,False,0.0,0,False,False
damped_wave,5,32,28,response_only,0,0,False,0.0,0,False,False
damped_wave,5,32,29,response_only,0,0,False,0.0,0,False,False
damped_wave,5,32,0,combined,0,0,False,0.0,0,False,False
damped_wave,5,32,1,combined,0,0,False,0.0,0,False,False
damped_wave,5,32,2,combined,0,0,False,0.0,0,False,False
damped_wave,5,32,3,combined,0,0,False,0.0,0,False,False
damped_wave,5,32,4,combined,0,0,False,0.0,0,False,False
damped_wave,5,32,5,combined,0,0,False,0.0,0,False,False
damped_wave,5,32,6,combined,0,0,False,0.0,0,False,False
damped_wave,5,32,7,combined,0,0,False,0.0,0,False,False
damped_wave,5,32,8,combined,0,0,False,0.0,0,False,False
damped_wave,5,32,9,combined,0,0,False,0.0,0,False,False
damped_wave,5,32,10,combined,0,0,False,0.0,0,False,False
damped_wave,5,32,11,combined,0,0,False,0.0,0,False,False
damped_wave,5,32,12,combined,0,0,False,0.0,0,False,False
damped_wave,5,32,13,combined,0,0,False,0.0,0,False,False
damped_wave,5,32,14,combined,0,0,False,0.0,0,False,False
damped_wave,5,32,15,combined,0,0,False,0.0,0,False,False
damped_wave,5,32,16,combined,0,0,False,0.0,0,False,False
damped_wave,5,32,17,combined,0,0,False,0.0,0,False,False
damped_wave,5,32,18,combined,0,0,False,0.0,0,False,False
damped_wave,5,32,19,combined,0,0,False,0.0,0,False,False
damped_wave,5,32,20,combined,0,0,False,0.0,0,False,False
damped_wave,5,32,21,combined,0,0,False,0.0,0,False,False
damped_wave,5,32,22,combined,0,0,False,0.0,0,False,False
damped_wave,5,32,23,combined,0,0,False,0.0,0,False,False
damped_wave,5,32,24,combined,0,0,False,0.0,0,False,False
damped_wave,5,32,25,combined,0,0,False,0.0,0,False,False
damped_wave,5,32,26,combined,0,0,False,0.0,0,False,False
damped_wave,5,32,27,combined,0,0,False,0.0,0,False,False
damped_wave,5,32,28,combined,0,0,False,0.0,0,False,False
damped_wave,5,32,29,combined,0,0,False,0.0,0,False,False
damped_wave,5,64,0,inference_only,0,0,False,0.0,0,False,False
damped_wave,5,64,1,inference_only,0,0,False,0.0,0,False,False
damped_wave,5,64,2,inference_only,0,0,False,0.0,0,False,False
damped_wave,5,64,3,inference_only,0,0,False,0.0,0,False,False
damped_wave,5,64,4,inference_only,0,0,False,0.0,0,False,False
damped_wave,5,64,5,inference_only,0,0,False,0.0,0,False,False
damped_wave,5,64,6,inference_only,0,0,False,0.0,0,False,False
damped_wave,5,64,7,inference_only,0,0,False,0.0,0,False,False
damped_wave,5,64,8,inference_only,0,0,False,0.0,0,False,False
damped_wave,5,64,9,inference_only,0,0,False,0.0,0,False,False
damped_wave,5,64,10,inference_only,0,0,False,0.0,0,False,False
damped_wave,5,64,11,inference_only,0,0,False,0.0,0,False,False
damped_wave,5,64,12,inference_only,0,0,False,0.0,0,False,False
damped_wave,5,64,13,inference_only,0,0,False,0.0,0,False,False
damped_wave,5,64,14,inference_only,0,0,False,0.0,0,False,False
damped_wave,5,64,15,inference_only,0,0,False,0.0,0,False,False
damped_wave,5,64,16,inference_only,0,0,False,0.0,0,False,False
damped_wave,5,64,17,inference_only,0,0,False,0.0,0,False,False
damped_wave,5,64,18,inference_only,0,0,False,0.0,0,False,False
damped_wave,5,64,19,inference_only,0,0,False,0.0,0,False,False
damped_wave,5,64,20,inference_only,0,0,False,0.0,0,False,False
damped_wave,5,64,21,inference_only,0,0,False,0.0,0,False,False
damped_wave,5,64,22,inference_only,0,0,False,0.0,0,False,False
damped_wave,5,64,23,inference_only,0,0,False,0.0,0,False,False
damped_wave,5,64,24,inference_only,0,0,False,0.0,0,False,False
damped_wave,5,64,25,inference_only,0,0,False,0.0,0,False,False
damped_wave,5,64,26,inference_only,0,0,False,0.0,0,False,False
damped_wave,5,64,27,inference_only,0,0,False,0.0,0,False,False
damped_wave,5,64,28,inference_only,0,0,False,0.0,0,False,False
damped_wave,5,64,29,inference_only,0,0,False,0.0,0,False,False
damped_wave,5,64,0,response_only,0,0,False,0.0,0,False,False
damped_wave,5,64,1,response_only,0,0,False,0.0,0,False,False
damped_wave,5,64,2,response_only,0,0,False,0.0,0,False,False
damped_wave,5,64,3,response_only,0,0,False,0.0,0,False,False
damped_wave,5,64,4,response_only,0,0,False,0.0,0,False,False
damped_wave,5,64,5,response_only,0,0,False,0.0,0,False,False
damped_wave,5,64,6,response_only,0,0,False,0.0,0,False,False
damped_wave,5,64,7,response_only,0,0,False,0.0,0,False,False
damped_wave,5,64,8,response_only,0,0,False,0.0,0,False,False
damped_wave,5,64,9,response_only,0,0,False,0.0,0,False,False
damped_wave,5,64,10,response_only,0,0,False,0.0,0,False,False
damped_wave,5,64,11,response_only,0,0,False,0.0,0,False,False
damped_wave,5,64,12,response_only,0,0,False,0.0,0,False,False
damped_wave,5,64,13,response_only,0,0,False,0.0,0,False,False
damped_wave,5,64,14,response_only,0,0,False,0.0,0,False,False
damped_wave,5,64,15,response_only,0,0,False,0.0,0,False,False
damped_wave,5,64,16,response_only,0,0,False,0.0,0,False,False
damped_wave,5,64,17,response_only,0,0,False,0.0,0,False,False
damped_wave,5,64,18,response_only,0,0,False,0.0,0,False,False
damped_wave,5,64,19,response_only,0,0,False,0.0,0,False,False
damped_wave,5,64,20,response_only,0,0,False,0.0,0,False,False
damped_wave,5,64,21,response_only,0,0,False,0.0,0,False,False
damped_wave,5,64,22,response_only,0,0,False,0.0,0,False,False
damped_wave,5,64,23,response_only,0,0,False,0.0,0,False,False
damped_wave,5,64,24,response_only,0,0,False,0.0,0,False,False
damped_wave,5,64,25,response_only,0,0,False,0.0,0,False,False
damped_wave,5,64,26,response_only,0,0,False,0.0,0,False,False
damped_wave,5,64,27,response_only,0,0,False,0.0,0,False,False
damped_wave,5,64,28,response_only,0,0,False,0.0,0,False,False
damped_wave,5,64,29,response_only,0,0,False,0.0,0,False,False
damped_wave,5,64,0,combined,0,0,False,0.0,0,False,False
damped_wave,5,64,1,combined,0,0,False,0.0,0,False,False
damped_wave,5,64,2,combined,0,0,False,0.0,0,False,False
damped_wave,5,64,3,combined,0,0,False,0.0,0,False,False
damped_wave,5,64,4,combined,0,0,False,0.0,0,False,False
damped_wave,5,64,5,combined,0,0,False,0.0,0,False,False
damped_wave,5,64,6,combined,0,0,False,0.0,0,False,False
damped_wave,5,64,7,combined,0,0,False,0.0,0,False,False
damped_wave,5,64,8,combined,0,0,False,0.0,0,False,False
damped_wave,5,64,9,combined,0,0,False,0.0,0,False,False
damped_wave,5,64,10,combined,0,0,False,0.0,0,False,False
damped_wave,5,64,11,combined,0,0,False,0.0,0,False,False
damped_wave,5,64,12,combined,0,0,False,0.0,0,False,False
damped_wave,5,64,13,combined,0,0,False,0.0,0,False,False
damped_wave,5,64,14,combined,0,0,False,0.0,0,False,False
damped_wave,5,64,15,combined,0,0,False,0.0,0,False,False
damped_wave,5,64,16,combined,0,0,False,0.0,0,False,False
damped_wave,5,64,17,combined,0,0,False,0.0,0,False,False
damped_wave,5,64,18,combined,0,0,False,0.0,0,False,False
damped_wave,5,64,19,combined,0,0,False,0.0,0,False,False
damped_wave,5,64,20,combined,0,0,False,0.0,0,False,False
damped_wave,5,64,21,combined,0,0,False,0.0,0,False,False
damped_wave,5,64,22,combined,0,0,False,0.0,0,False,False
damped_wave,5,64,23,combined,0,0,False,0.0,0,False,False
damped_wave,5,64,24,combined,0,0,False,0.0,0,False,False
damped_wave,5,64,25,combined,0,0,False,0.0,0,False,False
damped_wave,5,64,26,combined,0,0,False,0.0,0,False,False
damped_wave,5,64,27,combined,0,0,False,0.0,0,False,False
damped_wave,5,64,28,combined,0,0,False,0.0,0,False,False
damped_wave,5,64,29,combined,0,0,False,0.0,0,False,False
damped_wave,6,2,0,inference_only,0,0,False,0.0,0,False,False
damped_wave,6,2,1,inference_only,0,0,False,0.0,0,False,False
damped_wave,6,2,2,inference_only,0,0,False,0.0,0,False,False
damped_wave,6,2,3,inference_only,0,0,False,0.0,0,False,False
damped_wave,6,2,4,inference_only,0,0,False,0.0,0,False,False
damped_wave,6,2,5,inference_only,0,0,False,0.0,0,False,False
damped_wave,6,2,6,inference_only,0,0,False,0.0,0,False,False
damped_wave,6,2,7,inference_only,0,0,False,0.0,0,False,False
damped_wave,6,2,8,inference_only,0,0,False,0.0,0,False,False
damped_wave,6,2,9,inference_only,0,0,False,0.0,0,False,False
damped_wave,6,2,10,inference_only,0,0,False,0.0,0,False,False
damped_wave,6,2,11,inference_only,0,0,False,0.0,0,False,False
damped_wave,6,2,12,inference_only,0,0,False,0.0,0,False,False
damped_wave,6,2,13,inference_only,0,0,False,0.0,0,False,False
damped_wave,6,2,14,inference_only,0,0,False,0.0,0,False,False
damped_wave,6,2,15,inference_only,0,0,False,0.0,0,False,False
damped_wave,6,2,16,inference_only,0,0,False,0.0,0,False,False
damped_wave,6,2,17,inference_only,0,0,False,0.0,0,False,False
damped_wave,6,2,18,inference_only,0,0,False,0.0,0,False,False
damped_wave,6,2,19,inference_only,0,0,False,0.0,0,False,False
damped_wave,6,2,20,inference_only,0,0,False,0.0,0,False,False
damped_wave,6,2,21,inference_only,0,0,False,0.0,0,False,False
damped_wave,6,2,22,inference_only,0,0,False,0.0,0,False,False
damped_wave,6,2,23,inference_only,0,0,False,0.0,0,False,False
damped_wave,6,2,24,inference_only,0,0,False,0.0,0,False,False
damped_wave,6,2,25,inference_only,0,0,False,0.0,0,False,False
damped_wave,6,2,26,inference_only,0,0,False,0.0,0,False,False
damped_wave,6,2,27,inference_only,0,0,False,0.0,0,False,False
damped_wave,6,2,28,inference_only,0,0,False,0.0,0,False,False
damped_wave,6,2,29,inference_only,0,0,False,0.0,0,False,False
damped_wave,6,2,0,response_only,0,2,False,0.08,0,False,True
damped_wave,6,2,1,response_only,0,2,False,0.08,0,False,True
damped_wave,6,2,2,response_only,0,2,False,0.08,0,False,True
damped_wave,6,2,3,response_only,0,2,False,0.08,0,False,True
damped_wave,6,2,4,response_only,0,2,False,0.08,0,False,True
damped_wave,6,2,5,response_only,0,2,False,0.08,0,False,True
damped_wave,6,2,6,response_only,0,2,False,0.07999999999999999,0,False,True
damped_wave,6,2,7,response_only,0,2,False,0.08,0,False,True
damped_wave,6,2,8,response_only,0,2,False,0.08,0,False,True
damped_wave,6,2,9,response_only,0,2,False,0.08,0,False,True
damped_wave,6,2,10,response_only,0,2,False,0.08,0,False,True
damped_wave,6,2,11,response_only,0,2,False,0.08000000000000002,0,False,True
damped_wave,6,2,12,response_only,0,2,False,0.07999999999999999,0,False,True
damped_wave,6,2,13,response_only,0,2,False,0.08,0,False,True
damped_wave,6,2,14,response_only,0,2,False,0.08,0,False,True
damped_wave,6,2,15,response_only,0,2,False,0.08000000000000002,0,False,True
damped_wave,6,2,16,response_only,0,2,False,0.08,0,False,True
damped_wave,6,2,17,response_only,0,2,False,0.08,0,False,True
damped_wave,6,2,18,response_only,0,2,False,0.08,0,False,True
damped_wave,6,2,19,response_only,0,2,False,0.08,0,False,True
damped_wave,6,2,20,response_only,0,2,False,0.08000000000000002,0,False,True
damped_wave,6,2,21,response_only,0,2,False,0.08,0,False,True
damped_wave,6,2,22,response_only,0,2,False,0.08000000000000002,0,False,True
damped_wave,6,2,23,response_only,0,2,False,0.07999999999999999,0,False,True
damped_wave,6,2,24,response_only,0,2,False,0.08,0,False,True
damped_wave,6,2,25,response_only,0,2,False,0.07999999999999999,0,False,True
damped_wave,6,2,26,response_only,0,2,False,0.08,0,False,True
damped_wave,6,2,27,response_only,0,2,False,0.08,0,False,True
damped_wave,6,2,28,response_only,0,2,False,0.07999999999999999,0,False,True
damped_wave,6,2,29,response_only,0,2,False,0.08,0,False,True
damped_wave,6,2,0,combined,0,2,False,0.08,0,False,True
damped_wave,6,2,1,combined,0,2,False,0.08,0,False,True
damped_wave,6,2,2,combined,0,2,False,0.08,0,False,True
damped_wave,6,2,3,combined,0,2,False,0.08,0,False,True
damped_wave,6,2,4,combined,0,2,False,0.08,0,False,True
damped_wave,6,2,5,combined,0,2,False,0.08,0,False,True
damped_wave,6,2,6,combined,0,2,False,0.07999999999999999,0,False,True
damped_wave,6,2,7,combined,0,2,False,0.08,0,False,True
damped_wave,6,2,8,combined,0,2,False,0.08,0,False,True
damped_wave,6,2,9,combined,0,2,False,0.08,0,False,True
damped_wave,6,2,10,combined,0,2,False,0.08,0,False,True
damped_wave,6,2,11,combined,0,2,False,0.08000000000000002,0,False,True
damped_wave,6,2,12,combined,0,2,False,0.07999999999999999,0,False,True
damped_wave,6,2,13,combined,0,2,False,0.08,0,False,True
damped_wave,6,2,14,combined,0,2,False,0.08,0,False,True
damped_wave,6,2,15,combined,0,2,False,0.08000000000000002,0,False,True
damped_wave,6,2,16,combined,0,2,False,0.08,0,False,True
damped_wave,6,2,17,combined,0,2,False,0.08,0,False,True
damped_wave,6,2,18,combined,0,2,False,0.08,0,False,True
damped_wave,6,2,19,combined,0,2,False,0.08,0,False,True
damped_wave,6,2,20,combined,0,2,False,0.08000000000000002,0,False,True
damped_wave,6,2,21,combined,0,2,False,0.08,0,False,True
damped_wave,6,2,22,combined,0,2,False,0.08000000000000002,0,False,True
damped_wave,6,2,23,combined,0,2,False,0.07999999999999999,0,False,True
damped_wave,6,2,24,combined,0,2,False,0.08,0,False,True
damped_wave,6,2,25,combined,0,2,False,0.07999999999999999,0,False,True
damped_wave,6,2,26,combined,0,2,False,0.08,0,False,True
damped_wave,6,2,27,combined,0,2,False,0.08,0,False,True
damped_wave,6,2,28,combined,0,2,False,0.07999999999999999,0,False,True
damped_wave,6,2,29,combined,0,2,False,0.08,0,False,True
damped_wave,6,4,0,inference_only,0,0,False,0.0,0,False,False
damped_wave,6,4,1,inference_only,0,0,False,0.0,0,False,False
damped_wave,6,4,2,inference_only,0,0,False,0.0,0,False,False
damped_wave,6,4,3,inference_only,0,0,False,0.0,0,False,False
damped_wave,6,4,4,inference_only,0,0,False,0.0,0,False,False
damped_wave,6,4,5,inference_only,0,0,False,0.0,0,False,False
damped_wave,6,4,6,inference_only,0,0,False,0.0,0,False,False
damped_wave,6,4,7,inference_only,0,0,False,0.0,0,False,False
damped_wave,6,4,8,inference_only,0,0,False,0.0,0,False,False
damped_wave,6,4,9,inference_only,0,0,False,0.0,0,False,False
damped_wave,6,4,10,inference_only,0,0,False,0.0,0,False,False
damped_wave,6,4,11,inference_only,0,0,False,0.0,0,False,False
damped_wave,6,4,12,inference_only,0,0,False,0.0,0,False,False
damped_wave,6,4,13,inference_only,0,0,False,0.0,0,False,False
damped_wave,6,4,14,inference_only,0,0,False,0.0,0,False,False
damped_wave,6,4,15,inference_only,0,0,False,0.0,0,False,False
damped_wave,6,4,16,inference_only,0,0,False,0.0,0,False,False
damped_wave,6,4,17,inference_only,0,0,False,0.0,0,False,False
damped_wave,6,4,18,inference_only,0,0,False,0.0,0,False,False
damped_wave,6,4,19,inference_only,0,0,False,0.0,0,False,False
damped_wave,6,4,20,inference_only,0,0,False,0.0,0,False,False
damped_wave,6,4,21,inference_only,0,0,False,0.0,0,False,False
damped_wave,6,4,22,inference_only,0,0,False,0.0,0,False,False
damped_wave,6,4,23,inference_only,0,0,False,0.0,0,False,False
damped_wave,6,4,24,inference_only,0,0,False,0.0,0,False,False
damped_wave,6,4,25,inference_only,0,0,False,0.0,0,False,False
damped_wave,6,4,26,inference_only,0,0,False,0.0,0,False,False
damped_wave,6,4,27,inference_only,0,0,False,0.0,0,False,False
damped_wave,6,4,28,inference_only,0,0,False,0.0,0,False,False
damped_wave,6,4,29,inference_only,0,0,False,0.0,0,False,False
damped_wave,6,4,0,response_only,0,0,False,0.0,0,False,False
damped_wave,6,4,1,response_only,0,0,False,0.0,0,False,False
damped_wave,6,4,2,response_only,0,0,False,0.0,0,False,False
damped_wave,6,4,3,response_only,0,0,False,0.0,0,False,False
damped_wave,6,4,4,response_only,0,0,False,0.0,0,False,False
damped_wave,6,4,5,response_only,0,0,False,0.0,0,False,False
damped_wave,6,4,6,response_only,0,0,False,0.0,0,False,False
damped_wave,6,4,7,response_only,0,0,False,0.0,0,False,False
damped_wave,6,4,8,response_only,0,0,False,0.0,0,False,False
damped_wave,6,4,9,response_only,0,0,False,0.0,0,False,False
damped_wave,6,4,10,response_only,0,0,False,0.0,0,False,False
damped_wave,6,4,11,response_only,0,0,False,0.0,0,False,False
damped_wave,6,4,12,response_only,0,0,False,0.0,0,False,False
damped_wave,6,4,13,response_only,0,0,False,0.0,0,False,False
damped_wave,6,4,14,response_only,0,0,False,0.0,0,False,False
damped_wave,6,4,15,response_only,0,0,False,0.0,0,False,False
damped_wave,6,4,16,response_only,0,0,False,0.0,0,False,False
damped_wave,6,4,17,response_only,0,0,False,0.0,0,False,False
damped_wave,6,4,18,response_only,0,0,False,0.0,0,False,False
damped_wave,6,4,19,response_only,0,0,False,0.0,0,False,False
damped_wave,6,4,20,response_only,0,0,False,0.0,0,False,False
damped_wave,6,4,21,response_only,0,0,False,0.0,0,False,False
damped_wave,6,4,22,response_only,0,0,False,0.0,0,False,False
damped_wave,6,4,23,response_only,0,0,False,0.0,0,False,False
damped_wave,6,4,24,response_only,0,0,False,0.0,0,False,False
damped_wave,6,4,25,response_only,0,0,False,0.0,0,False,False
damped_wave,6,4,26,response_only,0,0,False,0.0,0,False,False
damped_wave,6,4,27,response_only,0,0,False,0.0,0,False,False
damped_wave,6,4,28,response_only,0,0,False,0.0,0,False,False
damped_wave,6,4,29,response_only,0,0,False,0.0,0,False,False
damped_wave,6,4,0,combined,0,0,False,0.0,0,False,False
damped_wave,6,4,1,combined,0,0,False,0.0,0,False,False
damped_wave,6,4,2,combined,0,0,False,0.0,0,False,False
damped_wave,6,4,3,combined,0,0,False,0.0,0,False,False
damped_wave,6,4,4,combined,0,0,False,0.0,0,False,False
damped_wave,6,4,5,combined,0,0,False,0.0,0,False,False
damped_wave,6,4,6,combined,0,0,False,0.0,0,False,False
damped_wave,6,4,7,combined,0,0,False,0.0,0,False,False
damped_wave,6,4,8,combined,0,0,False,0.0,0,False,False
damped_wave,6,4,9,combined,0,0,False,0.0,0,False,False
damped_wave,6,4,10,combined,0,0,False,0.0,0,False,False
damped_wave,6,4,11,combined,0,0,False,0.0,0,False,False
damped_wave,6,4,12,combined,0,0,False,0.0,0,False,False
damped_wave,6,4,13,combined,0,0,False,0.0,0,False,False
damped_wave,6,4,14,combined,0,0,False,0.0,0,False,False
damped_wave,6,4,15,combined,0,0,False,0.0,0,False,False
damped_wave,6,4,16,combined,0,0,False,0.0,0,False,False
damped_wave,6,4,17,combined,0,0,False,0.0,0,False,False
damped_wave,6,4,18,combined,0,0,False,0.0,0,False,False
damped_wave,6,4,19,combined,0,0,False,0.0,0,False,False
damped_wave,6,4,20,combined,0,0,False,0.0,0,False,False
damped_wave,6,4,21,combined,0,0,False,0.0,0,False,False
damped_wave,6,4,22,combined,0,0,False,0.0,0,False,False
damped_wave,6,4,23,combined,0,0,False,0.0,0,False,False
damped_wave,6,4,24,combined,0,0,False,0.0,0,False,False
damped_wave,6,4,25,combined,0,0,False,0.0,0,False,False
damped_wave,6,4,26,combined,0,0,False,0.0,0,False,False
damped_wave,6,4,27,combined,0,0,False,0.0,0,False,False
damped_wave,6,4,28,combined,0,0,False,0.0,0,False,False
damped_wave,6,4,29,combined,0,0,False,0.0,0,False,False
damped_wave,6,8,0,inference_only,0,0,False,0.0,0,False,False
damped_wave,6,8,1,inference_only,0,0,False,0.0,0,False,False
damped_wave,6,8,2,inference_only,0,0,False,0.0,0,False,False
damped_wave,6,8,3,inference_only,0,0,False,0.0,0,False,False
damped_wave,6,8,4,inference_only,0,0,False,0.0,0,False,False
damped_wave,6,8,5,inference_only,0,0,False,0.0,0,False,False
damped_wave,6,8,6,inference_only,0,0,False,0.0,0,False,False
damped_wave,6,8,7,inference_only,0,0,False,0.0,0,False,False
damped_wave,6,8,8,inference_only,0,0,False,0.0,0,False,False
damped_wave,6,8,9,inference_only,0,0,False,0.0,0,False,False
damped_wave,6,8,10,inference_only,0,0,False,0.0,0,False,False
damped_wave,6,8,11,inference_only,0,0,False,0.0,0,False,False
damped_wave,6,8,12,inference_only,0,0,False,0.0,0,False,False
damped_wave,6,8,13,inference_only,0,0,False,0.0,0,False,False
damped_wave,6,8,14,inference_only,0,0,False,0.0,0,False,False
damped_wave,6,8,15,inference_only,0,0,False,0.0,0,False,False
damped_wave,6,8,16,inference_only,0,0,False,0.0,0,False,False
damped_wave,6,8,17,inference_only,0,0,False,0.0,0,False,False
damped_wave,6,8,18,inference_only,0,0,False,0.0,0,False,False
damped_wave,6,8,19,inference_only,0,0,False,0.0,0,False,False
damped_wave,6,8,20,inference_only,0,0,False,0.0,0,False,False
damped_wave,6,8,21,inference_only,0,0,False,0.0,0,False,False
damped_wave,6,8,22,inference_only,0,0,False,0.0,0,False,False
damped_wave,6,8,23,inference_only,0,0,False,0.0,0,False,False
damped_wave,6,8,24,inference_only,0,0,False,0.0,0,False,False
damped_wave,6,8,25,inference_only,0,0,False,0.0,0,False,False
damped_wave,6,8,26,inference_only,0,0,False,0.0,0,False,False
damped_wave,6,8,27,inference_only,0,0,False,0.0,0,False,False
damped_wave,6,8,28,inference_only,0,0,False,0.0,0,False,False
damped_wave,6,8,29,inference_only,0,0,False,0.0,0,False,False
damped_wave,6,8,0,response_only,0,0,False,0.0,0,False,False
damped_wave,6,8,1,response_only,0,0,False,0.0,0,False,False
damped_wave,6,8,2,response_only,0,0,False,0.0,0,False,False
damped_wave,6,8,3,response_only,0,0,False,0.0,0,False,False
damped_wave,6,8,4,response_only,0,0,False,0.0,0,False,False
damped_wave,6,8,5,response_only,0,0,False,0.0,0,False,False
damped_wave,6,8,6,response_only,0,0,False,0.0,0,False,False
damped_wave,6,8,7,response_only,0,0,False,0.0,0,False,False
damped_wave,6,8,8,response_only,0,0,False,0.0,0,False,False
damped_wave,6,8,9,response_only,0,0,False,0.0,0,False,False
damped_wave,6,8,10,response_only,0,0,False,0.0,0,False,False
damped_wave,6,8,11,response_only,0,0,False,0.0,0,False,False
damped_wave,6,8,12,response_only,0,0,False,0.0,0,False,False
damped_wave,6,8,13,response_only,0,0,False,0.0,0,False,False
damped_wave,6,8,14,response_only,0,0,False,0.0,0,False,False
damped_wave,6,8,15,response_only,0,0,False,0.0,0,False,False
damped_wave,6,8,16,response_only,0,0,False,0.0,0,False,False
damped_wave,6,8,17,response_only,0,0,False,0.0,0,False,False
damped_wave,6,8,18,response_only,0,0,False,0.0,0,False,False
damped_wave,6,8,19,response_only,0,0,False,0.0,0,False,False
damped_wave,6,8,20,response_only,0,0,False,0.0,0,False,False
damped_wave,6,8,21,response_only,0,0,False,0.0,0,False,False
damped_wave,6,8,22,response_only,0,0,False,0.0,0,False,False
damped_wave,6,8,23,response_only,0,0,False,0.0,0,False,False
damped_wave,6,8,24,response_only,0,0,False,0.0,0,False,False
damped_wave,6,8,25,response_only,0,0,False,0.0,0,False,False
damped_wave,6,8,26,response_only,0,0,False,0.0,0,False,False
damped_wave,6,8,27,response_only,0,0,False,0.0,0,False,False
damped_wave,6,8,28,response_only,0,0,False,0.0,0,False,False
damped_wave,6,8,29,response_only,0,0,False,0.0,0,False,False
damped_wave,6,8,0,combined,0,0,False,0.0,0,False,False
damped_wave,6,8,1,combined,0,0,False,0.0,0,False,False
damped_wave,6,8,2,combined,0,0,False,0.0,0,False,False
damped_wave,6,8,3,combined,0,0,False,0.0,0,False,False
damped_wave,6,8,4,combined,0,0,False,0.0,0,False,False
damped_wave,6,8,5,combined,0,0,False,0.0,0,False,False
damped_wave,6,8,6,combined,0,0,False,0.0,0,False,False
damped_wave,6,8,7,combined,0,0,False,0.0,0,False,False
damped_wave,6,8,8,combined,0,0,False,0.0,0,False,False
damped_wave,6,8,9,combined,0,0,False,0.0,0,False,False
damped_wave,6,8,10,combined,0,0,False,0.0,0,False,False
damped_wave,6,8,11,combined,0,0,False,0.0,0,False,False
damped_wave,6,8,12,combined,0,0,False,0.0,0,False,False
damped_wave,6,8,13,combined,0,0,False,0.0,0,False,False
damped_wave,6,8,14,combined,0,0,False,0.0,0,False,False
damped_wave,6,8,15,combined,0,0,False,0.0,0,False,False
damped_wave,6,8,16,combined,0,0,False,0.0,0,False,False
damped_wave,6,8,17,combined,0,0,False,0.0,0,False,False
damped_wave,6,8,18,combined,0,0,False,0.0,0,False,False
damped_wave,6,8,19,combined,0,0,False,0.0,0,False,False
damped_wave,6,8,20,combined,0,0,False,0.0,0,False,False
damped_wave,6,8,21,combined,0,0,False,0.0,0,False,False
damped_wave,6,8,22,combined,0,0,False,0.0,0,False,False
damped_wave,6,8,23,combined,0,0,False,0.0,0,False,False
damped_wave,6,8,24,combined,0,0,False,0.0,0,False,False
damped_wave,6,8,25,combined,0,0,False,0.0,0,False,False
damped_wave,6,8,26,combined,0,0,False,0.0,0,False,False
damped_wave,6,8,27,combined,0,0,False,0.0,0,False,False
damped_wave,6,8,28,combined,0,0,False,0.0,0,False,False
damped_wave,6,8,29,combined,0,0,False,0.0,0,False,False
damped_wave,6,16,0,inference_only,0,0,False,0.0,0,False,False
damped_wave,6,16,1,inference_only,0,0,False,0.0,0,False,False
damped_wave,6,16,2,inference_only,0,0,False,0.0,0,False,False
damped_wave,6,16,3,inference_only,0,0,False,0.0,0,False,False
damped_wave,6,16,4,inference_only,0,0,False,0.0,0,False,False
damped_wave,6,16,5,inference_only,0,0,False,0.0,0,False,False
damped_wave,6,16,6,inference_only,0,0,False,0.0,0,False,False
damped_wave,6,16,7,inference_only,0,0,False,0.0,0,False,False
damped_wave,6,16,8,inference_only,0,0,False,0.0,0,False,False
damped_wave,6,16,9,inference_only,0,0,False,0.0,0,False,False
damped_wave,6,16,10,inference_only,0,0,False,0.0,0,False,False
damped_wave,6,16,11,inference_only,0,0,False,0.0,0,False,False
damped_wave,6,16,12,inference_only,0,0,False,0.0,0,False,False
damped_wave,6,16,13,inference_only,0,0,False,0.0,0,False,False
damped_wave,6,16,14,inference_only,0,0,False,0.0,0,False,False
damped_wave,6,16,15,inference_only,0,0,False,0.0,0,False,False
damped_wave,6,16,16,inference_only,0,0,False,0.0,0,False,False
damped_wave,6,16,17,inference_only,0,0,False,0.0,0,False,False
damped_wave,6,16,18,inference_only,0,0,False,0.0,0,False,False
damped_wave,6,16,19,inference_only,0,0,False,0.0,0,False,False
damped_wave,6,16,20,inference_only,0,0,False,0.0,0,False,False
damped_wave,6,16,21,inference_only,0,0,False,0.0,0,False,False
damped_wave,6,16,22,inference_only,0,0,False,0.0,0,False,False
damped_wave,6,16,23,inference_only,0,0,False,0.0,0,False,False
damped_wave,6,16,24,inference_only,0,0,False,0.0,0,False,False
damped_wave,6,16,25,inference_only,0,0,False,0.0,0,False,False
damped_wave,6,16,26,inference_only,0,0,False,0.0,0,False,False
damped_wave,6,16,27,inference_only,0,0,False,0.0,0,False,False
damped_wave,6,16,28,inference_only,0,0,False,0.0,0,False,False
damped_wave,6,16,29,inference_only,0,0,False,0.0,0,False,False
damped_wave,6,16,0,response_only,0,0,False,0.0,0,False,False
damped_wave,6,16,1,response_only,0,0,False,0.0,0,False,False
damped_wave,6,16,2,response_only,0,0,False,0.0,0,False,False
damped_wave,6,16,3,response_only,0,0,False,0.0,0,False,False
damped_wave,6,16,4,response_only,0,0,False,0.0,0,False,False
damped_wave,6,16,5,response_only,0,0,False,0.0,0,False,False
damped_wave,6,16,6,response_only,0,0,False,0.0,0,False,False
damped_wave,6,16,7,response_only,0,0,False,0.0,0,False,False
damped_wave,6,16,8,response_only,0,0,False,0.0,0,False,False
damped_wave,6,16,9,response_only,0,0,False,0.0,0,False,False
damped_wave,6,16,10,response_only,0,0,False,0.0,0,False,False
damped_wave,6,16,11,response_only,0,0,False,0.0,0,False,False
damped_wave,6,16,12,response_only,0,0,False,0.0,0,False,False
damped_wave,6,16,13,response_only,0,0,False,0.0,0,False,False
damped_wave,6,16,14,response_only,0,0,False,0.0,0,False,False
damped_wave,6,16,15,response_only,0,0,False,0.0,0,False,False
damped_wave,6,16,16,response_only,0,0,False,0.0,0,False,False
damped_wave,6,16,17,response_only,0,0,False,0.0,0,False,False
damped_wave,6,16,18,response_only,0,0,False,0.0,0,False,False
damped_wave,6,16,19,response_only,0,0,False,0.0,0,False,False
damped_wave,6,16,20,response_only,0,0,False,0.0,0,False,False
damped_wave,6,16,21,response_only,0,0,False,0.0,0,False,False
damped_wave,6,16,22,response_only,0,0,False,0.0,0,False,False
damped_wave,6,16,23,response_only,0,0,False,0.0,0,False,False
damped_wave,6,16,24,response_only,0,0,False,0.0,0,False,False
damped_wave,6,16,25,response_only,0,0,False,0.0,0,False,False
damped_wave,6,16,26,response_only,0,0,False,0.0,0,False,False
damped_wave,6,16,27,response_only,0,0,False,0.0,0,False,False
damped_wave,6,16,28,response_only,0,0,False,0.0,0,False,False
damped_wave,6,16,29,response_only,0,0,False,0.0,0,False,False
damped_wave,6,16,0,combined,0,0,False,0.0,0,False,False
damped_wave,6,16,1,combined,0,0,False,0.0,0,False,False
damped_wave,6,16,2,combined,0,0,False,0.0,0,False,False
damped_wave,6,16,3,combined,0,0,False,0.0,0,False,False
damped_wave,6,16,4,combined,0,0,False,0.0,0,False,False
damped_wave,6,16,5,combined,0,0,False,0.0,0,False,False
damped_wave,6,16,6,combined,0,0,False,0.0,0,False,False
damped_wave,6,16,7,combined,0,0,False,0.0,0,False,False
damped_wave,6,16,8,combined,0,0,False,0.0,0,False,False
damped_wave,6,16,9,combined,0,0,False,0.0,0,False,False
damped_wave,6,16,10,combined,0,0,False,0.0,0,False,False
damped_wave,6,16,11,combined,0,0,False,0.0,0,False,False
damped_wave,6,16,12,combined,0,0,False,0.0,0,False,False
damped_wave,6,16,13,combined,0,0,False,0.0,0,False,False
damped_wave,6,16,14,combined,0,0,False,0.0,0,False,False
damped_wave,6,16,15,combined,0,0,False,0.0,0,False,False
damped_wave,6,16,16,combined,0,0,False,0.0,0,False,False
damped_wave,6,16,17,combined,0,0,False,0.0,0,False,False
damped_wave,6,16,18,combined,0,0,False,0.0,0,False,False
damped_wave,6,16,19,combined,0,0,False,0.0,0,False,False
damped_wave,6,16,20,combined,0,0,False,0.0,0,False,False
damped_wave,6,16,21,combined,0,0,False,0.0,0,False,False
damped_wave,6,16,22,combined,0,0,False,0.0,0,False,False
damped_wave,6,16,23,combined,0,0,False,0.0,0,False,False
damped_wave,6,16,24,combined,0,0,False,0.0,0,False,False
damped_wave,6,16,25,combined,0,0,False,0.0,0,False,False
damped_wave,6,16,26,combined,0,0,False,0.0,0,False,False
damped_wave,6,16,27,combined,0,0,False,0.0,0,False,False
damped_wave,6,16,28,combined,0,0,False,0.0,0,False,False
damped_wave,6,16,29,combined,0,0,False,0.0,0,False,False
damped_wave,6,32,0,inference_only,0,0,False,0.0,0,False,False
damped_wave,6,32,1,inference_only,0,0,False,0.0,0,False,False
damped_wave,6,32,2,inference_only,0,0,False,0.0,0,False,False
damped_wave,6,32,3,inference_only,0,0,False,0.0,0,False,False
damped_wave,6,32,4,inference_only,0,0,False,0.0,0,False,False
damped_wave,6,32,5,inference_only,0,0,False,0.0,0,False,False
damped_wave,6,32,6,inference_only,0,0,False,0.0,0,False,False
damped_wave,6,32,7,inference_only,0,0,False,0.0,0,False,False
damped_wave,6,32,8,inference_only,0,0,False,0.0,0,False,False
damped_wave,6,32,9,inference_only,0,0,False,0.0,0,False,False
damped_wave,6,32,10,inference_only,0,0,False,0.0,0,False,False
damped_wave,6,32,11,inference_only,0,0,False,0.0,0,False,False
damped_wave,6,32,12,inference_only,0,0,False,0.0,0,False,False
damped_wave,6,32,13,inference_only,0,0,False,0.0,0,False,False
damped_wave,6,32,14,inference_only,0,0,False,0.0,0,False,False
damped_wave,6,32,15,inference_only,0,0,False,0.0,0,False,False
damped_wave,6,32,16,inference_only,0,0,False,0.0,0,False,False
damped_wave,6,32,17,inference_only,0,0,False,0.0,0,False,False
damped_wave,6,32,18,inference_only,0,0,False,0.0,0,False,False
damped_wave,6,32,19,inference_only,0,0,False,0.0,0,False,False
damped_wave,6,32,20,inference_only,0,0,False,0.0,0,False,False
damped_wave,6,32,21,inference_only,0,0,False,0.0,0,False,False
damped_wave,6,32,22,inference_only,0,0,False,0.0,0,False,False
damped_wave,6,32,23,inference_only,0,0,False,0.0,0,False,False
damped_wave,6,32,24,inference_only,0,0,False,0.0,0,False,False
damped_wave,6,32,25,inference_only,0,0,False,0.0,0,False,False
damped_wave,6,32,26,inference_only,0,0,False,0.0,0,False,False
damped_wave,6,32,27,inference_only,0,0,False,0.0,0,False,False
damped_wave,6,32,28,inference_only,0,0,False,0.0,0,False,False
damped_wave,6,32,29,inference_only,0,0,False,0.0,0,False,False
damped_wave,6,32,0,response_only,0,0,False,0.0,0,False,False
damped_wave,6,32,1,response_only,0,0,False,0.0,0,False,False
damped_wave,6,32,2,response_only,0,0,False,0.0,0,False,False
damped_wave,6,32,3,response_only,0,0,False,0.0,0,False,False
damped_wave,6,32,4,response_only,0,0,False,0.0,0,False,False
damped_wave,6,32,5,response_only,0,0,False,0.0,0,False,False
damped_wave,6,32,6,response_only,0,0,False,0.0,0,False,False
damped_wave,6,32,7,response_only,0,0,False,0.0,0,False,False
damped_wave,6,32,8,response_only,0,0,False,0.0,0,False,False
damped_wave,6,32,9,response_only,0,0,False,0.0,0,False,False
damped_wave,6,32,10,response_only,0,0,False,0.0,0,False,False
damped_wave,6,32,11,response_only,0,0,False,0.0,0,False,False
damped_wave,6,32,12,response_only,0,0,False,0.0,0,False,False
damped_wave,6,32,13,response_only,0,0,False,0.0,0,False,False
damped_wave,6,32,14,response_only,0,0,False,0.0,0,False,False
damped_wave,6,32,15,response_only,0,0,False,0.0,0,False,False
damped_wave,6,32,16,response_only,0,0,False,0.0,0,False,False
damped_wave,6,32,17,response_only,0,0,False,0.0,0,False,False
damped_wave,6,32,18,response_only,0,0,False,0.0,0,False,False
damped_wave,6,32,19,response_only,0,0,False,0.0,0,False,False
damped_wave,6,32,20,response_only,0,0,False,0.0,0,False,False
damped_wave,6,32,21,response_only,0,0,False,0.0,0,False,False
damped_wave,6,32,22,response_only,0,0,False,0.0,0,False,False
damped_wave,6,32,23,response_only,0,0,False,0.0,0,False,False
damped_wave,6,32,24,response_only,0,0,False,0.0,0,False,False
damped_wave,6,32,25,response_only,0,0,False,0.0,0,False,False
damped_wave,6,32,26,response_only,0,0,False,0.0,0,False,False
damped_wave,6,32,27,response_only,0,0,False,0.0,0,False,False
damped_wave,6,32,28,response_only,0,0,False,0.0,0,False,False
damped_wave,6,32,29,response_only,0,0,False,0.0,0,False,False
damped_wave,6,32,0,combined,0,0,False,0.0,0,False,False
damped_wave,6,32,1,combined,0,0,False,0.0,0,False,False
damped_wave,6,32,2,combined,0,0,False,0.0,0,False,False
damped_wave,6,32,3,combined,0,0,False,0.0,0,False,False
damped_wave,6,32,4,combined,0,0,False,0.0,0,False,False
damped_wave,6,32,5,combined,0,0,False,0.0,0,False,False
damped_wave,6,32,6,combined,0,0,False,0.0,0,False,False
damped_wave,6,32,7,combined,0,0,False,0.0,0,False,False
damped_wave,6,32,8,combined,0,0,False,0.0,0,False,False
damped_wave,6,32,9,combined,0,0,False,0.0,0,False,False
damped_wave,6,32,10,combined,0,0,False,0.0,0,False,False
damped_wave,6,32,11,combined,0,0,False,0.0,0,False,False
damped_wave,6,32,12,combined,0,0,False,0.0,0,False,False
damped_wave,6,32,13,combined,0,0,False,0.0,0,False,False
damped_wave,6,32,14,combined,0,0,False,0.0,0,False,False
damped_wave,6,32,15,combined,0,0,False,0.0,0,False,False
damped_wave,6,32,16,combined,0,0,False,0.0,0,False,False
damped_wave,6,32,17,combined,0,0,False,0.0,0,False,False
damped_wave,6,32,18,combined,0,0,False,0.0,0,False,False
damped_wave,6,32,19,combined,0,0,False,0.0,0,False,False
damped_wave,6,32,20,combined,0,0,False,0.0,0,False,False
damped_wave,6,32,21,combined,0,0,False,0.0,0,False,False
damped_wave,6,32,22,combined,0,0,False,0.0,0,False,False
damped_wave,6,32,23,combined,0,0,False,0.0,0,False,False
damped_wave,6,32,24,combined,0,0,False,0.0,0,False,False
damped_wave,6,32,25,combined,0,0,False,0.0,0,False,False
damped_wave,6,32,26,combined,0,0,False,0.0,0,False,False
damped_wave,6,32,27,combined,0,0,False,0.0,0,False,False
damped_wave,6,32,28,combined,0,0,False,0.0,0,False,False
damped_wave,6,32,29,combined,0,0,False,0.0,0,False,False
damped_wave,6,64,0,inference_only,0,0,False,0.0,0,False,False
damped_wave,6,64,1,inference_only,0,0,False,0.0,0,False,False
damped_wave,6,64,2,inference_only,0,0,False,0.0,0,False,False
damped_wave,6,64,3,inference_only,0,0,False,0.0,0,False,False
damped_wave,6,64,4,inference_only,0,0,False,0.0,0,False,False
damped_wave,6,64,5,inference_only,0,0,False,0.0,0,False,False
damped_wave,6,64,6,inference_only,0,0,False,0.0,0,False,False
damped_wave,6,64,7,inference_only,0,0,False,0.0,0,False,False
damped_wave,6,64,8,inference_only,0,0,False,0.0,0,False,False
damped_wave,6,64,9,inference_only,0,0,False,0.0,0,False,False
damped_wave,6,64,10,inference_only,0,0,False,0.0,0,False,False
damped_wave,6,64,11,inference_only,0,0,False,0.0,0,False,False
damped_wave,6,64,12,inference_only,0,0,False,0.0,0,False,False
damped_wave,6,64,13,inference_only,0,0,False,0.0,0,False,False
damped_wave,6,64,14,inference_only,0,0,False,0.0,0,False,False
damped_wave,6,64,15,inference_only,0,0,False,0.0,0,False,False
damped_wave,6,64,16,inference_only,0,0,False,0.0,0,False,False
damped_wave,6,64,17,inference_only,0,0,False,0.0,0,False,False
damped_wave,6,64,18,inference_only,0,0,False,0.0,0,False,False
damped_wave,6,64,19,inference_only,0,0,False,0.0,0,False,False
damped_wave,6,64,20,inference_only,0,0,False,0.0,0,False,False
damped_wave,6,64,21,inference_only,0,0,False,0.0,0,False,False
damped_wave,6,64,22,inference_only,0,0,False,0.0,0,False,False
damped_wave,6,64,23,inference_only,0,0,False,0.0,0,False,False
damped_wave,6,64,24,inference_only,0,0,False,0.0,0,False,False
damped_wave,6,64,25,inference_only,0,0,False,0.0,0,False,False
damped_wave,6,64,26,inference_only,0,0,False,0.0,0,False,False
damped_wave,6,64,27,inference_only,0,0,False,0.0,0,False,False
damped_wave,6,64,28,inference_only,0,0,False,0.0,0,False,False
damped_wave,6,64,29,inference_only,0,0,False,0.0,0,False,False
damped_wave,6,64,0,response_only,0,0,False,0.0,0,False,False
damped_wave,6,64,1,response_only,0,0,False,0.0,0,False,False
damped_wave,6,64,2,response_only,0,0,False,0.0,0,False,False
damped_wave,6,64,3,response_only,0,0,False,0.0,0,False,False
damped_wave,6,64,4,response_only,0,0,False,0.0,0,False,False
damped_wave,6,64,5,response_only,0,0,False,0.0,0,False,False
damped_wave,6,64,6,response_only,0,0,False,0.0,0,False,False
damped_wave,6,64,7,response_only,0,0,False,0.0,0,False,False
damped_wave,6,64,8,response_only,0,0,False,0.0,0,False,False
damped_wave,6,64,9,response_only,0,0,False,0.0,0,False,False
damped_wave,6,64,10,response_only,0,0,False,0.0,0,False,False
damped_wave,6,64,11,response_only,0,0,False,0.0,0,False,False
damped_wave,6,64,12,response_only,0,0,False,0.0,0,False,False
damped_wave,6,64,13,response_only,0,0,False,0.0,0,False,False
damped_wave,6,64,14,response_only,0,0,False,0.0,0,False,False
damped_wave,6,64,15,response_only,0,0,False,0.0,0,False,False
damped_wave,6,64,16,response_only,0,0,False,0.0,0,False,False
damped_wave,6,64,17,response_only,0,0,False,0.0,0,False,False
damped_wave,6,64,18,response_only,0,0,False,0.0,0,False,False
damped_wave,6,64,19,response_only,0,0,False,0.0,0,False,False
damped_wave,6,64,20,response_only,0,0,False,0.0,0,False,False
damped_wave,6,64,21,response_only,0,0,False,0.0,0,False,False
damped_wave,6,64,22,response_only,0,0,False,0.0,0,False,False
damped_wave,6,64,23,response_only,0,0,False,0.0,0,False,False
damped_wave,6,64,24,response_only,0,0,False,0.0,0,False,False
damped_wave,6,64,25,response_only,0,0,False,0.0,0,False,False
damped_wave,6,64,26,response_only,0,0,False,0.0,0,False,False
damped_wave,6,64,27,response_only,0,0,False,0.0,0,False,False
damped_wave,6,64,28,response_only,0,0,False,0.0,0,False,False
damped_wave,6,64,29,response_only,0,0,False,0.0,0,False,False
damped_wave,6,64,0,combined,0,0,False,0.0,0,False,False
damped_wave,6,64,1,combined,0,0,False,0.0,0,False,False
damped_wave,6,64,2,combined,0,0,False,0.0,0,False,False
damped_wave,6,64,3,combined,0,0,False,0.0,0,False,False
damped_wave,6,64,4,combined,0,0,False,0.0,0,False,False
damped_wave,6,64,5,combined,0,0,False,0.0,0,False,False
damped_wave,6,64,6,combined,0,0,False,0.0,0,False,False
damped_wave,6,64,7,combined,0,0,False,0.0,0,False,False
damped_wave,6,64,8,combined,0,0,False,0.0,0,False,False
damped_wave,6,64,9,combined,0,0,False,0.0,0,False,False
damped_wave,6,64,10,combined,0,0,False,0.0,0,False,False
damped_wave,6,64,11,combined,0,0,False,0.0,0,False,False
damped_wave,6,64,12,combined,0,0,False,0.0,0,False,False
damped_wave,6,64,13,combined,0,0,False,0.0,0,False,False
damped_wave,6,64,14,combined,0,0,False,0.0,0,False,False
damped_wave,6,64,15,combined,0,0,False,0.0,0,False,False
damped_wave,6,64,16,combined,0,0,False,0.0,0,False,False
damped_wave,6,64,17,combined,0,0,False,0.0,0,False,False
damped_wave,6,64,18,combined,0,0,False,0.0,0,False,False
damped_wave,6,64,19,combined,0,0,False,0.0,0,False,False
damped_wave,6,64,20,combined,0,0,False,0.0,0,False,False
damped_wave,6,64,21,combined,0,0,False,0.0,0,False,False
damped_wave,6,64,22,combined,0,0,False,0.0,0,False,False
damped_wave,6,64,23,combined,0,0,False,0.0,0,False,False
damped_wave,6,64,24,combined,0,0,False,0.0,0,False,False
damped_wave,6,64,25,combined,0,0,False,0.0,0,False,False
damped_wave,6,64,26,combined,0,0,False,0.0,0,False,False
damped_wave,6,64,27,combined,0,0,False,0.0,0,False,False
damped_wave,6,64,28,combined,0,0,False,0.0,0,False,False
damped_wave,6,64,29,combined,0,0,False,0.0,0,False,False
damped_wave,7,2,0,inference_only,0,0,False,0.0,0,False,False
damped_wave,7,2,1,inference_only,0,0,False,0.0,0,False,False
damped_wave,7,2,2,inference_only,0,0,False,0.0,0,False,False
damped_wave,7,2,3,inference_only,0,0,False,0.0,0,False,False
damped_wave,7,2,4,inference_only,0,0,False,0.0,0,False,False
damped_wave,7,2,5,inference_only,0,0,False,0.0,0,False,False
damped_wave,7,2,6,inference_only,0,0,False,0.0,0,False,False
damped_wave,7,2,7,inference_only,0,0,False,0.0,0,False,False
damped_wave,7,2,8,inference_only,0,0,False,0.0,0,False,False
damped_wave,7,2,9,inference_only,0,0,False,0.0,0,False,False
damped_wave,7,2,10,inference_only,0,0,False,0.0,0,False,False
damped_wave,7,2,11,inference_only,0,0,False,0.0,0,False,False
damped_wave,7,2,12,inference_only,0,0,False,0.0,0,False,False
damped_wave,7,2,13,inference_only,0,0,False,0.0,0,False,False
damped_wave,7,2,14,inference_only,0,0,False,0.0,0,False,False
damped_wave,7,2,15,inference_only,0,0,False,0.0,0,False,False
damped_wave,7,2,16,inference_only,0,0,False,0.0,0,False,False
damped_wave,7,2,17,inference_only,0,0,False,0.0,0,False,False
damped_wave,7,2,18,inference_only,0,0,False,0.0,0,False,False
damped_wave,7,2,19,inference_only,0,0,False,0.0,0,False,False
damped_wave,7,2,20,inference_only,0,0,False,0.0,0,False,False
damped_wave,7,2,21,inference_only,0,0,False,0.0,0,False,False
damped_wave,7,2,22,inference_only,0,0,False,0.0,0,False,False
damped_wave,7,2,23,inference_only,0,0,False,0.0,0,False,False
damped_wave,7,2,24,inference_only,0,0,False,0.0,0,False,False
damped_wave,7,2,25,inference_only,0,0,False,0.0,0,False,False
damped_wave,7,2,26,inference_only,0,0,False,0.0,0,False,False
damped_wave,7,2,27,inference_only,0,0,False,0.0,0,False,False
damped_wave,7,2,28,inference_only,0,0,False,0.0,0,False,False
damped_wave,7,2,29,inference_only,0,0,False,0.0,0,False,False
damped_wave,7,2,0,response_only,0,0,False,0.0,0,False,False
damped_wave,7,2,1,response_only,0,0,False,0.0,0,False,False
damped_wave,7,2,2,response_only,0,0,False,0.0,0,False,False
damped_wave,7,2,3,response_only,0,0,False,0.0,0,False,False
damped_wave,7,2,4,response_only,0,0,False,0.0,0,False,False
damped_wave,7,2,5,response_only,0,0,False,0.0,0,False,False
damped_wave,7,2,6,response_only,0,0,False,0.0,0,False,False
damped_wave,7,2,7,response_only,0,0,False,0.0,0,False,False
damped_wave,7,2,8,response_only,0,0,False,0.0,0,False,False
damped_wave,7,2,9,response_only,0,0,False,0.0,0,False,False
damped_wave,7,2,10,response_only,0,0,False,0.0,0,False,False
damped_wave,7,2,11,response_only,0,0,False,0.0,0,False,False
damped_wave,7,2,12,response_only,0,0,False,0.0,0,False,False
damped_wave,7,2,13,response_only,0,0,False,0.0,0,False,False
damped_wave,7,2,14,response_only,0,0,False,0.0,0,False,False
damped_wave,7,2,15,response_only,0,0,False,0.0,0,False,False
damped_wave,7,2,16,response_only,0,0,False,0.0,0,False,False
damped_wave,7,2,17,response_only,0,0,False,0.0,0,False,False
damped_wave,7,2,18,response_only,0,0,False,0.0,0,False,False
damped_wave,7,2,19,response_only,0,0,False,0.0,0,False,False
damped_wave,7,2,20,response_only,0,0,False,0.0,0,False,False
damped_wave,7,2,21,response_only,0,0,False,0.0,0,False,False
damped_wave,7,2,22,response_only,0,0,False,0.0,0,False,False
damped_wave,7,2,23,response_only,0,0,False,0.0,0,False,False
damped_wave,7,2,24,response_only,0,0,False,0.0,0,False,False
damped_wave,7,2,25,response_only,0,0,False,0.0,0,False,False
damped_wave,7,2,26,response_only,0,0,False,0.0,0,False,False
damped_wave,7,2,27,response_only,0,0,False,0.0,0,False,False
damped_wave,7,2,28,response_only,0,0,False,0.0,0,False,False
damped_wave,7,2,29,response_only,0,0,False,0.0,0,False,False
damped_wave,7,2,0,combined,0,0,False,0.0,0,False,False
damped_wave,7,2,1,combined,0,0,False,0.0,0,False,False
damped_wave,7,2,2,combined,0,0,False,0.0,0,False,False
damped_wave,7,2,3,combined,0,0,False,0.0,0,False,False
damped_wave,7,2,4,combined,0,0,False,0.0,0,False,False
damped_wave,7,2,5,combined,0,0,False,0.0,0,False,False
damped_wave,7,2,6,combined,0,0,False,0.0,0,False,False
damped_wave,7,2,7,combined,0,0,False,0.0,0,False,False
damped_wave,7,2,8,combined,0,0,False,0.0,0,False,False
damped_wave,7,2,9,combined,0,0,False,0.0,0,False,False
damped_wave,7,2,10,combined,0,0,False,0.0,0,False,False
damped_wave,7,2,11,combined,0,0,False,0.0,0,False,False
damped_wave,7,2,12,combined,0,0,False,0.0,0,False,False
damped_wave,7,2,13,combined,0,0,False,0.0,0,False,False
damped_wave,7,2,14,combined,0,0,False,0.0,0,False,False
damped_wave,7,2,15,combined,0,0,False,0.0,0,False,False
damped_wave,7,2,16,combined,0,0,False,0.0,0,False,False
damped_wave,7,2,17,combined,0,0,False,0.0,0,False,False
damped_wave,7,2,18,combined,0,0,False,0.0,0,False,False
damped_wave,7,2,19,combined,0,0,False,0.0,0,False,False
damped_wave,7,2,20,combined,0,0,False,0.0,0,False,False
damped_wave,7,2,21,combined,0,0,False,0.0,0,False,False
damped_wave,7,2,22,combined,0,0,False,0.0,0,False,False
damped_wave,7,2,23,combined,0,0,False,0.0,0,False,False
damped_wave,7,2,24,combined,0,0,False,0.0,0,False,False
damped_wave,7,2,25,combined,0,0,False,0.0,0,False,False
damped_wave,7,2,26,combined,0,0,False,0.0,0,False,False
damped_wave,7,2,27,combined,0,0,False,0.0,0,False,False
damped_wave,7,2,28,combined,0,0,False,0.0,0,False,False
damped_wave,7,2,29,combined,0,0,False,0.0,0,False,False
damped_wave,7,4,0,inference_only,0,0,False,0.0,0,False,False
damped_wave,7,4,1,inference_only,0,0,False,0.0,0,False,False
damped_wave,7,4,2,inference_only,0,0,False,0.0,0,False,False
damped_wave,7,4,3,inference_only,0,0,False,0.0,0,False,False
damped_wave,7,4,4,inference_only,0,0,False,0.0,0,False,False
damped_wave,7,4,5,inference_only,0,0,False,0.0,0,False,False
damped_wave,7,4,6,inference_only,0,0,False,0.0,0,False,False
damped_wave,7,4,7,inference_only,0,0,False,0.0,0,False,False
damped_wave,7,4,8,inference_only,0,0,False,0.0,0,False,False
damped_wave,7,4,9,inference_only,0,0,False,0.0,0,False,False
damped_wave,7,4,10,inference_only,0,0,False,0.0,0,False,False
damped_wave,7,4,11,inference_only,0,0,False,0.0,0,False,False
damped_wave,7,4,12,inference_only,0,0,False,0.0,0,False,False
damped_wave,7,4,13,inference_only,0,0,False,0.0,0,False,False
damped_wave,7,4,14,inference_only,0,0,False,0.0,0,False,False
damped_wave,7,4,15,inference_only,0,0,False,0.0,0,False,False
damped_wave,7,4,16,inference_only,0,0,False,0.0,0,False,False
damped_wave,7,4,17,inference_only,0,0,False,0.0,0,False,False
damped_wave,7,4,18,inference_only,0,0,False,0.0,0,False,False
damped_wave,7,4,19,inference_only,0,0,False,0.0,0,False,False
damped_wave,7,4,20,inference_only,0,0,False,0.0,0,False,False
damped_wave,7,4,21,inference_only,0,0,False,0.0,0,False,False
damped_wave,7,4,22,inference_only,0,0,False,0.0,0,False,False
damped_wave,7,4,23,inference_only,0,0,False,0.0,0,False,False
damped_wave,7,4,24,inference_only,0,0,False,0.0,0,False,False
damped_wave,7,4,25,inference_only,0,0,False,0.0,0,False,False
damped_wave,7,4,26,inference_only,0,0,False,0.0,0,False,False
damped_wave,7,4,27,inference_only,0,0,False,0.0,0,False,False
damped_wave,7,4,28,inference_only,0,0,False,0.0,0,False,False
damped_wave,7,4,29,inference_only,0,0,False,0.0,0,False,False
damped_wave,7,4,0,response_only,0,1,False,0.01,0,False,True
damped_wave,7,4,1,response_only,0,1,False,0.010000000000000002,0,False,True
damped_wave,7,4,2,response_only,0,1,False,0.01,0,False,True
damped_wave,7,4,3,response_only,0,1,False,0.01,0,False,True
damped_wave,7,4,4,response_only,0,1,False,0.01,0,False,True
damped_wave,7,4,5,response_only,0,1,False,0.010000000000000002,0,False,True
damped_wave,7,4,6,response_only,0,1,False,0.009999999999999998,0,False,True
damped_wave,7,4,7,response_only,0,0,False,0.0,0,False,False
damped_wave,7,4,8,response_only,0,1,False,0.009999999999999998,0,False,True
damped_wave,7,4,9,response_only,0,1,False,0.01,0,False,True
damped_wave,7,4,10,response_only,0,1,False,0.010000000000000002,0,False,True
damped_wave,7,4,11,response_only,0,1,False,0.01,0,False,True
damped_wave,7,4,12,response_only,0,1,False,0.010000000000000002,0,False,True
damped_wave,7,4,13,response_only,0,1,False,0.009999999999999998,0,False,True
damped_wave,7,4,14,response_only,0,1,False,0.01,0,False,True
damped_wave,7,4,15,response_only,0,1,False,0.010000000000000002,0,False,True
damped_wave,7,4,16,response_only,0,1,False,0.01,0,False,True
damped_wave,7,4,17,response_only,0,1,False,0.01,0,False,True
damped_wave,7,4,18,response_only,0,1,False,0.01,0,False,True
damped_wave,7,4,19,response_only,0,1,False,0.01,0,False,True
damped_wave,7,4,20,response_only,0,1,False,0.009999999999999998,0,False,True
damped_wave,7,4,21,response_only,0,1,False,0.009999999999999998,0,False,True
damped_wave,7,4,22,response_only,0,1,False,0.01,0,False,True
damped_wave,7,4,23,response_only,0,0,False,0.0,0,False,False
damped_wave,7,4,24,response_only,0,1,False,0.01,0,False,True
damped_wave,7,4,25,response_only,0,1,False,0.009999999999999998,0,False,True
damped_wave,7,4,26,response_only,0,1,False,0.01,0,False,True
damped_wave,7,4,27,response_only,0,1,False,0.01,0,False,True
damped_wave,7,4,28,response_only,0,1,False,0.010000000000000002,0,False,True
damped_wave,7,4,29,response_only,0,0,False,0.0,0,False,False
damped_wave,7,4,0,combined,0,1,False,0.01,0,False,True
damped_wave,7,4,1,combined,0,1,False,0.010000000000000002,0,False,True
damped_wave,7,4,2,combined,0,1,False,0.01,0,False,True
damped_wave,7,4,3,combined,0,1,False,0.01,0,False,True
damped_wave,7,4,4,combined,0,1,False,0.01,0,False,True
damped_wave,7,4,5,combined,0,1,False,0.010000000000000002,0,False,True
damped_wave,7,4,6,combined,0,0,False,0.0,0,False,False
damped_wave,7,4,7,combined,0,0,False,0.0,0,False,False
damped_wave,7,4,8,combined,0,1,False,0.009999999999999998,0,False,True
damped_wave,7,4,9,combined,0,0,False,0.0,0,False,False
damped_wave,7,4,10,combined,0,1,False,0.010000000000000002,0,False,True
damped_wave,7,4,11,combined,0,1,False,0.01,0,False,True
damped_wave,7,4,12,combined,0,1,False,0.010000000000000002,0,False,True
damped_wave,7,4,13,combined,0,1,False,0.009999999999999998,0,False,True
damped_wave,7,4,14,combined,0,1,False,0.01,0,False,True
damped_wave,7,4,15,combined,0,1,False,0.010000000000000002,0,False,True
damped_wave,7,4,16,combined,0,1,False,0.01,0,False,True
damped_wave,7,4,17,combined,0,1,False,0.01,0,False,True
damped_wave,7,4,18,combined,0,1,False,0.01,0,False,True
damped_wave,7,4,19,combined,0,1,False,0.01,0,False,True
damped_wave,7,4,20,combined,0,0,False,0.0,0,False,False
damped_wave,7,4,21,combined,0,1,False,0.009999999999999998,0,False,True
damped_wave,7,4,22,combined,0,1,False,0.01,0,False,True
damped_wave,7,4,23,combined,0,1,False,0.010000000000000002,0,False,True
damped_wave,7,4,24,combined,0,1,False,0.01,0,False,True
damped_wave,7,4,25,combined,0,1,False,0.009999999999999998,0,False,True
damped_wave,7,4,26,combined,0,1,False,0.01,0,False,True
damped_wave,7,4,27,combined,0,0,False,0.0,0,False,False
damped_wave,7,4,28,combined,0,1,False,0.010000000000000002,0,False,True
damped_wave,7,4,29,combined,0,1,False,0.01,0,False,True
damped_wave,7,8,0,inference_only,0,0,False,0.0,0,False,False
damped_wave,7,8,1,inference_only,0,0,False,0.0,0,False,False
damped_wave,7,8,2,inference_only,0,0,False,0.0,0,False,False
damped_wave,7,8,3,inference_only,0,0,False,0.0,0,False,False
damped_wave,7,8,4,inference_only,0,0,False,0.0,0,False,False
damped_wave,7,8,5,inference_only,0,0,False,0.0,0,False,False
damped_wave,7,8,6,inference_only,0,0,False,0.0,0,False,False
damped_wave,7,8,7,inference_only,0,0,False,0.0,0,False,False
damped_wave,7,8,8,inference_only,0,0,False,0.0,0,False,False
damped_wave,7,8,9,inference_only,0,0,False,0.0,0,False,False
damped_wave,7,8,10,inference_only,0,0,False,0.0,0,False,False
damped_wave,7,8,11,inference_only,0,0,False,0.0,0,False,False
damped_wave,7,8,12,inference_only,0,0,False,0.0,0,False,False
damped_wave,7,8,13,inference_only,0,0,False,0.0,0,False,False
damped_wave,7,8,14,inference_only,0,0,False,0.0,0,False,False
damped_wave,7,8,15,inference_only,0,0,False,0.0,0,False,False
damped_wave,7,8,16,inference_only,0,0,False,0.0,0,False,False
damped_wave,7,8,17,inference_only,0,0,False,0.0,0,False,False
damped_wave,7,8,18,inference_only,0,0,False,0.0,0,False,False
damped_wave,7,8,19,inference_only,0,0,False,0.0,0,False,False
damped_wave,7,8,20,inference_only,0,0,False,0.0,0,False,False
damped_wave,7,8,21,inference_only,0,0,False,0.0,0,False,False
damped_wave,7,8,22,inference_only,0,0,False,0.0,0,False,False
damped_wave,7,8,23,inference_only,0,0,False,0.0,0,False,False
damped_wave,7,8,24,inference_only,0,0,False,0.0,0,False,False
damped_wave,7,8,25,inference_only,0,0,False,0.0,0,False,False
damped_wave,7,8,26,inference_only,0,0,False,0.0,0,False,False
damped_wave,7,8,27,inference_only,0,0,False,0.0,0,False,False
damped_wave,7,8,28,inference_only,0,0,False,0.0,0,False,False
damped_wave,7,8,29,inference_only,0,0,False,0.0,0,False,False
damped_wave,7,8,0,response_only,0,0,False,0.0,0,False,False
damped_wave,7,8,1,response_only,0,0,False,0.0,0,False,False
damped_wave,7,8,2,response_only,0,0,False,0.0,0,False,False
damped_wave,7,8,3,response_only,0,0,False,0.0,0,False,False
damped_wave,7,8,4,response_only,0,0,False,0.0,0,False,False
damped_wave,7,8,5,response_only,0,0,False,0.0,0,False,False
damped_wave,7,8,6,response_only,0,0,False,0.0,0,False,False
damped_wave,7,8,7,response_only,0,0,False,0.0,0,False,False
damped_wave,7,8,8,response_only,0,0,False,0.0,0,False,False
damped_wave,7,8,9,response_only,0,0,False,0.0,0,False,False
damped_wave,7,8,10,response_only,0,0,False,0.0,0,False,False
damped_wave,7,8,11,response_only,0,0,False,0.0,0,False,False
damped_wave,7,8,12,response_only,0,0,False,0.0,0,False,False
damped_wave,7,8,13,response_only,0,0,False,0.0,0,False,False
damped_wave,7,8,14,response_only,0,0,False,0.0,0,False,False
damped_wave,7,8,15,response_only,0,0,False,0.0,0,False,False
damped_wave,7,8,16,response_only,0,0,False,0.0,0,False,False
damped_wave,7,8,17,response_only,0,0,False,0.0,0,False,False
damped_wave,7,8,18,response_only,0,0,False,0.0,0,False,False
damped_wave,7,8,19,response_only,0,0,False,0.0,0,False,False
damped_wave,7,8,20,response_only,0,0,False,0.0,0,False,False
damped_wave,7,8,21,response_only,0,0,False,0.0,0,False,False
damped_wave,7,8,22,response_only,0,0,False,0.0,0,False,False
damped_wave,7,8,23,response_only,0,0,False,0.0,0,False,False
damped_wave,7,8,24,response_only,0,0,False,0.0,0,False,False
damped_wave,7,8,25,response_only,0,0,False,0.0,0,False,False
damped_wave,7,8,26,response_only,0,0,False,0.0,0,False,False
damped_wave,7,8,27,response_only,0,0,False,0.0,0,False,False
damped_wave,7,8,28,response_only,0,0,False,0.0,0,False,False
damped_wave,7,8,29,response_only,0,0,False,0.0,0,False,False
damped_wave,7,8,0,combined,0,0,False,0.0,0,False,False
damped_wave,7,8,1,combined,0,0,False,0.0,0,False,False
damped_wave,7,8,2,combined,0,0,False,0.0,0,False,False
damped_wave,7,8,3,combined,0,0,False,0.0,0,False,False
damped_wave,7,8,4,combined,0,0,False,0.0,0,False,False
damped_wave,7,8,5,combined,0,0,False,0.0,0,False,False
damped_wave,7,8,6,combined,0,0,False,0.0,0,False,False
damped_wave,7,8,7,combined,0,0,False,0.0,0,False,False
damped_wave,7,8,8,combined,0,0,False,0.0,0,False,False
damped_wave,7,8,9,combined,0,0,False,0.0,0,False,False
damped_wave,7,8,10,combined,0,0,False,0.0,0,False,False
damped_wave,7,8,11,combined,0,0,False,0.0,0,False,False
damped_wave,7,8,12,combined,0,0,False,0.0,0,False,False
damped_wave,7,8,13,combined,0,0,False,0.0,0,False,False
damped_wave,7,8,14,combined,0,0,False,0.0,0,False,False
damped_wave,7,8,15,combined,0,0,False,0.0,0,False,False
damped_wave,7,8,16,combined,0,0,False,0.0,0,False,False
damped_wave,7,8,17,combined,0,0,False,0.0,0,False,False
damped_wave,7,8,18,combined,0,0,False,0.0,0,False,False
damped_wave,7,8,19,combined,0,0,False,0.0,0,False,False
damped_wave,7,8,20,combined,0,0,False,0.0,0,False,False
damped_wave,7,8,21,combined,0,0,False,0.0,0,False,False
damped_wave,7,8,22,combined,0,0,False,0.0,0,False,False
damped_wave,7,8,23,combined,0,0,False,0.0,0,False,False
damped_wave,7,8,24,combined,0,0,False,0.0,0,False,False
damped_wave,7,8,25,combined,0,0,False,0.0,0,False,False
damped_wave,7,8,26,combined,0,0,False,0.0,0,False,False
damped_wave,7,8,27,combined,0,0,False,0.0,0,False,False
damped_wave,7,8,28,combined,0,0,False,0.0,0,False,False
damped_wave,7,8,29,combined,0,0,False,0.0,0,False,False
damped_wave,7,16,0,inference_only,0,0,False,0.0,0,False,False
damped_wave,7,16,1,inference_only,0,0,False,0.0,0,False,False
damped_wave,7,16,2,inference_only,0,0,False,0.0,0,False,False
damped_wave,7,16,3,inference_only,0,0,False,0.0,0,False,False
damped_wave,7,16,4,inference_only,0,0,False,0.0,0,False,False
damped_wave,7,16,5,inference_only,0,0,False,0.0,0,False,False
damped_wave,7,16,6,inference_only,0,0,False,0.0,0,False,False
damped_wave,7,16,7,inference_only,0,0,False,0.0,0,False,False
damped_wave,7,16,8,inference_only,0,0,False,0.0,0,False,False
damped_wave,7,16,9,inference_only,0,0,False,0.0,0,False,False
damped_wave,7,16,10,inference_only,0,0,False,0.0,0,False,False
damped_wave,7,16,11,inference_only,0,0,False,0.0,0,False,False
damped_wave,7,16,12,inference_only,0,0,False,0.0,0,False,False
damped_wave,7,16,13,inference_only,0,0,False,0.0,0,False,False
damped_wave,7,16,14,inference_only,0,0,False,0.0,0,False,False
damped_wave,7,16,15,inference_only,0,0,False,0.0,0,False,False
damped_wave,7,16,16,inference_only,0,0,False,0.0,0,False,False
damped_wave,7,16,17,inference_only,0,0,False,0.0,0,False,False
damped_wave,7,16,18,inference_only,0,0,False,0.0,0,False,False
damped_wave,7,16,19,inference_only,0,0,False,0.0,0,False,False
damped_wave,7,16,20,inference_only,0,0,False,0.0,0,False,False
damped_wave,7,16,21,inference_only,0,0,False,0.0,0,False,False
damped_wave,7,16,22,inference_only,0,0,False,0.0,0,False,False
damped_wave,7,16,23,inference_only,0,0,False,0.0,0,False,False
damped_wave,7,16,24,inference_only,0,0,False,0.0,0,False,False
damped_wave,7,16,25,inference_only,0,0,False,0.0,0,False,False
damped_wave,7,16,26,inference_only,0,0,False,0.0,0,False,False
damped_wave,7,16,27,inference_only,0,0,False,0.0,0,False,False
damped_wave,7,16,28,inference_only,0,0,False,0.0,0,False,False
damped_wave,7,16,29,inference_only,0,0,False,0.0,0,False,False
damped_wave,7,16,0,response_only,0,0,False,0.0,0,False,False
damped_wave,7,16,1,response_only,0,0,False,0.0,0,False,False
damped_wave,7,16,2,response_only,0,0,False,0.0,0,False,False
damped_wave,7,16,3,response_only,0,0,False,0.0,0,False,False
damped_wave,7,16,4,response_only,0,0,False,0.0,0,False,False
damped_wave,7,16,5,response_only,0,0,False,0.0,0,False,False
damped_wave,7,16,6,response_only,0,0,False,0.0,0,False,False
damped_wave,7,16,7,response_only,0,0,False,0.0,0,False,False
damped_wave,7,16,8,response_only,0,0,False,0.0,0,False,False
damped_wave,7,16,9,response_only,0,0,False,0.0,0,False,False
damped_wave,7,16,10,response_only,0,0,False,0.0,0,False,False
damped_wave,7,16,11,response_only,0,0,False,0.0,0,False,False
damped_wave,7,16,12,response_only,0,0,False,0.0,0,False,False
damped_wave,7,16,13,response_only,0,0,False,0.0,0,False,False
damped_wave,7,16,14,response_only,0,0,False,0.0,0,False,False
damped_wave,7,16,15,response_only,0,0,False,0.0,0,False,False
damped_wave,7,16,16,response_only,0,0,False,0.0,0,False,False
damped_wave,7,16,17,response_only,0,0,False,0.0,0,False,False
damped_wave,7,16,18,response_only,0,0,False,0.0,0,False,False
damped_wave,7,16,19,response_only,0,0,False,0.0,0,False,False
damped_wave,7,16,20,response_only,0,0,False,0.0,0,False,False
damped_wave,7,16,21,response_only,0,0,False,0.0,0,False,False
damped_wave,7,16,22,response_only,0,0,False,0.0,0,False,False
damped_wave,7,16,23,response_only,0,0,False,0.0,0,False,False
damped_wave,7,16,24,response_only,0,0,False,0.0,0,False,False
damped_wave,7,16,25,response_only,0,0,False,0.0,0,False,False
damped_wave,7,16,26,response_only,0,0,False,0.0,0,False,False
damped_wave,7,16,27,response_only,0,0,False,0.0,0,False,False
damped_wave,7,16,28,response_only,0,0,False,0.0,0,False,False
damped_wave,7,16,29,response_only,0,0,False,0.0,0,False,False
damped_wave,7,16,0,combined,0,0,False,0.0,0,False,False
damped_wave,7,16,1,combined,0,0,False,0.0,0,False,False
damped_wave,7,16,2,combined,0,0,False,0.0,0,False,False
damped_wave,7,16,3,combined,0,0,False,0.0,0,False,False
damped_wave,7,16,4,combined,0,0,False,0.0,0,False,False
damped_wave,7,16,5,combined,0,0,False,0.0,0,False,False
damped_wave,7,16,6,combined,0,0,False,0.0,0,False,False
damped_wave,7,16,7,combined,0,0,False,0.0,0,False,False
damped_wave,7,16,8,combined,0,0,False,0.0,0,False,False
damped_wave,7,16,9,combined,0,0,False,0.0,0,False,False
damped_wave,7,16,10,combined,0,0,False,0.0,0,False,False
damped_wave,7,16,11,combined,0,0,False,0.0,0,False,False
damped_wave,7,16,12,combined,0,0,False,0.0,0,False,False
damped_wave,7,16,13,combined,0,0,False,0.0,0,False,False
damped_wave,7,16,14,combined,0,0,False,0.0,0,False,False
damped_wave,7,16,15,combined,0,0,False,0.0,0,False,False
damped_wave,7,16,16,combined,0,0,False,0.0,0,False,False
damped_wave,7,16,17,combined,0,0,False,0.0,0,False,False
damped_wave,7,16,18,combined,0,0,False,0.0,0,False,False
damped_wave,7,16,19,combined,0,0,False,0.0,0,False,False
damped_wave,7,16,20,combined,0,0,False,0.0,0,False,False
damped_wave,7,16,21,combined,0,0,False,0.0,0,False,False
damped_wave,7,16,22,combined,0,0,False,0.0,0,False,False
damped_wave,7,16,23,combined,0,0,False,0.0,0,False,False
damped_wave,7,16,24,combined,0,0,False,0.0,0,False,False
damped_wave,7,16,25,combined,0,0,False,0.0,0,False,False
damped_wave,7,16,26,combined,0,0,False,0.0,0,False,False
damped_wave,7,16,27,combined,0,0,False,0.0,0,False,False
damped_wave,7,16,28,combined,0,0,False,0.0,0,False,False
damped_wave,7,16,29,combined,0,0,False,0.0,0,False,False
damped_wave,7,32,0,inference_only,0,0,False,0.0,0,False,False
damped_wave,7,32,1,inference_only,0,0,False,0.0,0,False,False
damped_wave,7,32,2,inference_only,0,0,False,0.0,0,False,False
damped_wave,7,32,3,inference_only,0,0,False,0.0,0,False,False
damped_wave,7,32,4,inference_only,0,0,False,0.0,0,False,False
damped_wave,7,32,5,inference_only,0,0,False,0.0,0,False,False
damped_wave,7,32,6,inference_only,0,0,False,0.0,0,False,False
damped_wave,7,32,7,inference_only,0,0,False,0.0,0,False,False
damped_wave,7,32,8,inference_only,0,0,False,0.0,0,False,False
damped_wave,7,32,9,inference_only,0,0,False,0.0,0,False,False
damped_wave,7,32,10,inference_only,0,0,False,0.0,0,False,False
damped_wave,7,32,11,inference_only,0,0,False,0.0,0,False,False
damped_wave,7,32,12,inference_only,0,0,False,0.0,0,False,False
damped_wave,7,32,13,inference_only,0,0,False,0.0,0,False,False
damped_wave,7,32,14,inference_only,0,0,False,0.0,0,False,False
damped_wave,7,32,15,inference_only,0,0,False,0.0,0,False,False
damped_wave,7,32,16,inference_only,0,0,False,0.0,0,False,False
damped_wave,7,32,17,inference_only,0,0,False,0.0,0,False,False
damped_wave,7,32,18,inference_only,0,0,False,0.0,0,False,False
damped_wave,7,32,19,inference_only,0,0,False,0.0,0,False,False
damped_wave,7,32,20,inference_only,0,0,False,0.0,0,False,False
damped_wave,7,32,21,inference_only,0,0,False,0.0,0,False,False
damped_wave,7,32,22,inference_only,0,0,False,0.0,0,False,False
damped_wave,7,32,23,inference_only,0,0,False,0.0,0,False,False
damped_wave,7,32,24,inference_only,0,0,False,0.0,0,False,False
damped_wave,7,32,25,inference_only,0,0,False,0.0,0,False,False
damped_wave,7,32,26,inference_only,0,0,False,0.0,0,False,False
damped_wave,7,32,27,inference_only,0,0,False,0.0,0,False,False
damped_wave,7,32,28,inference_only,0,0,False,0.0,0,False,False
damped_wave,7,32,29,inference_only,0,0,False,0.0,0,False,False
damped_wave,7,32,0,response_only,0,0,False,0.0,0,False,False
damped_wave,7,32,1,response_only,0,0,False,0.0,0,False,False
damped_wave,7,32,2,response_only,0,0,False,0.0,0,False,False
damped_wave,7,32,3,response_only,0,0,False,0.0,0,False,False
damped_wave,7,32,4,response_only,0,0,False,0.0,0,False,False
damped_wave,7,32,5,response_only,0,0,False,0.0,0,False,False
damped_wave,7,32,6,response_only,0,0,False,0.0,0,False,False
damped_wave,7,32,7,response_only,0,0,False,0.0,0,False,False
damped_wave,7,32,8,response_only,0,0,False,0.0,0,False,False
damped_wave,7,32,9,response_only,0,0,False,0.0,0,False,False
damped_wave,7,32,10,response_only,0,0,False,0.0,0,False,False
damped_wave,7,32,11,response_only,0,0,False,0.0,0,False,False
damped_wave,7,32,12,response_only,0,0,False,0.0,0,False,False
damped_wave,7,32,13,response_only,0,0,False,0.0,0,False,False
damped_wave,7,32,14,response_only,0,0,False,0.0,0,False,False
damped_wave,7,32,15,response_only,0,0,False,0.0,0,False,False
damped_wave,7,32,16,response_only,0,0,False,0.0,0,False,False
damped_wave,7,32,17,response_only,0,0,False,0.0,0,False,False
damped_wave,7,32,18,response_only,0,0,False,0.0,0,False,False
damped_wave,7,32,19,response_only,0,0,False,0.0,0,False,False
damped_wave,7,32,20,response_only,0,0,False,0.0,0,False,False
damped_wave,7,32,21,response_only,0,0,False,0.0,0,False,False
damped_wave,7,32,22,response_only,0,0,False,0.0,0,False,False
damped_wave,7,32,23,response_only,0,0,False,0.0,0,False,False
damped_wave,7,32,24,response_only,0,0,False,0.0,0,False,False
damped_wave,7,32,25,response_only,0,0,False,0.0,0,False,False
damped_wave,7,32,26,response_only,0,0,False,0.0,0,False,False
damped_wave,7,32,27,response_only,0,0,False,0.0,0,False,False
damped_wave,7,32,28,response_only,0,0,False,0.0,0,False,False
damped_wave,7,32,29,response_only,0,0,False,0.0,0,False,False
damped_wave,7,32,0,combined,0,0,False,0.0,0,False,False
damped_wave,7,32,1,combined,0,0,False,0.0,0,False,False
damped_wave,7,32,2,combined,0,0,False,0.0,0,False,False
damped_wave,7,32,3,combined,0,0,False,0.0,0,False,False
damped_wave,7,32,4,combined,0,0,False,0.0,0,False,False
damped_wave,7,32,5,combined,0,0,False,0.0,0,False,False
damped_wave,7,32,6,combined,0,0,False,0.0,0,False,False
damped_wave,7,32,7,combined,0,0,False,0.0,0,False,False
damped_wave,7,32,8,combined,0,0,False,0.0,0,False,False
damped_wave,7,32,9,combined,0,0,False,0.0,0,False,False
damped_wave,7,32,10,combined,0,0,False,0.0,0,False,False
damped_wave,7,32,11,combined,0,0,False,0.0,0,False,False
damped_wave,7,32,12,combined,0,0,False,0.0,0,False,False
damped_wave,7,32,13,combined,0,0,False,0.0,0,False,False
damped_wave,7,32,14,combined,0,0,False,0.0,0,False,False
damped_wave,7,32,15,combined,0,0,False,0.0,0,False,False
damped_wave,7,32,16,combined,0,0,False,0.0,0,False,False
damped_wave,7,32,17,combined,0,0,False,0.0,0,False,False
damped_wave,7,32,18,combined,0,0,False,0.0,0,False,False
damped_wave,7,32,19,combined,0,0,False,0.0,0,False,False
damped_wave,7,32,20,combined,0,0,False,0.0,0,False,False
damped_wave,7,32,21,combined,0,0,False,0.0,0,False,False
damped_wave,7,32,22,combined,0,0,False,0.0,0,False,False
damped_wave,7,32,23,combined,0,0,False,0.0,0,False,False
damped_wave,7,32,24,combined,0,0,False,0.0,0,False,False
damped_wave,7,32,25,combined,0,0,False,0.0,0,False,False
damped_wave,7,32,26,combined,0,0,False,0.0,0,False,False
damped_wave,7,32,27,combined,0,0,False,0.0,0,False,False
damped_wave,7,32,28,combined,0,0,False,0.0,0,False,False
damped_wave,7,32,29,combined,0,0,False,0.0,0,False,False
damped_wave,7,64,0,inference_only,0,0,False,0.0,0,False,False
damped_wave,7,64,1,inference_only,0,0,False,0.0,0,False,False
damped_wave,7,64,2,inference_only,0,0,False,0.0,0,False,False
damped_wave,7,64,3,inference_only,0,0,False,0.0,0,False,False
damped_wave,7,64,4,inference_only,0,0,False,0.0,0,False,False
damped_wave,7,64,5,inference_only,0,0,False,0.0,0,False,False
damped_wave,7,64,6,inference_only,0,0,False,0.0,0,False,False
damped_wave,7,64,7,inference_only,0,0,False,0.0,0,False,False
damped_wave,7,64,8,inference_only,0,0,False,0.0,0,False,False
damped_wave,7,64,9,inference_only,0,0,False,0.0,0,False,False
damped_wave,7,64,10,inference_only,0,0,False,0.0,0,False,False
damped_wave,7,64,11,inference_only,0,0,False,0.0,0,False,False
damped_wave,7,64,12,inference_only,0,0,False,0.0,0,False,False
damped_wave,7,64,13,inference_only,0,0,False,0.0,0,False,False
damped_wave,7,64,14,inference_only,0,0,False,0.0,0,False,False
damped_wave,7,64,15,inference_only,0,0,False,0.0,0,False,False
damped_wave,7,64,16,inference_only,0,0,False,0.0,0,False,False
damped_wave,7,64,17,inference_only,0,0,False,0.0,0,False,False
damped_wave,7,64,18,inference_only,0,0,False,0.0,0,False,False
damped_wave,7,64,19,inference_only,0,0,False,0.0,0,False,False
damped_wave,7,64,20,inference_only,0,0,False,0.0,0,False,False
damped_wave,7,64,21,inference_only,0,0,False,0.0,0,False,False
damped_wave,7,64,22,inference_only,0,0,False,0.0,0,False,False
damped_wave,7,64,23,inference_only,0,0,False,0.0,0,False,False
damped_wave,7,64,24,inference_only,0,0,False,0.0,0,False,False
damped_wave,7,64,25,inference_only,0,0,False,0.0,0,False,False
damped_wave,7,64,26,inference_only,0,0,False,0.0,0,False,False
damped_wave,7,64,27,inference_only,0,0,False,0.0,0,False,False
damped_wave,7,64,28,inference_only,0,0,False,0.0,0,False,False
damped_wave,7,64,29,inference_only,0,0,False,0.0,0,False,False
damped_wave,7,64,0,response_only,0,0,False,0.0,0,False,False
damped_wave,7,64,1,response_only,0,0,False,0.0,0,False,False
damped_wave,7,64,2,response_only,0,0,False,0.0,0,False,False
damped_wave,7,64,3,response_only,0,0,False,0.0,0,False,False
damped_wave,7,64,4,response_only,0,0,False,0.0,0,False,False
damped_wave,7,64,5,response_only,0,0,False,0.0,0,False,False
damped_wave,7,64,6,response_only,0,0,False,0.0,0,False,False
damped_wave,7,64,7,response_only,0,0,False,0.0,0,False,False
damped_wave,7,64,8,response_only,0,0,False,0.0,0,False,False
damped_wave,7,64,9,response_only,0,0,False,0.0,0,False,False
damped_wave,7,64,10,response_only,0,0,False,0.0,0,False,False
damped_wave,7,64,11,response_only,0,0,False,0.0,0,False,False
damped_wave,7,64,12,response_only,0,0,False,0.0,0,False,False
damped_wave,7,64,13,response_only,0,0,False,0.0,0,False,False
damped_wave,7,64,14,response_only,0,0,False,0.0,0,False,False
damped_wave,7,64,15,response_only,0,0,False,0.0,0,False,False
damped_wave,7,64,16,response_only,0,0,False,0.0,0,False,False
damped_wave,7,64,17,response_only,0,0,False,0.0,0,False,False
damped_wave,7,64,18,response_only,0,0,False,0.0,0,False,False
damped_wave,7,64,19,response_only,0,0,False,0.0,0,False,False
damped_wave,7,64,20,response_only,0,0,False,0.0,0,False,False
damped_wave,7,64,21,response_only,0,0,False,0.0,0,False,False
damped_wave,7,64,22,response_only,0,0,False,0.0,0,False,False
damped_wave,7,64,23,response_only,0,0,False,0.0,0,False,False
damped_wave,7,64,24,response_only,0,0,False,0.0,0,False,False
damped_wave,7,64,25,response_only,0,0,False,0.0,0,False,False
damped_wave,7,64,26,response_only,0,0,False,0.0,0,False,False
damped_wave,7,64,27,response_only,0,0,False,0.0,0,False,False
damped_wave,7,64,28,response_only,0,0,False,0.0,0,False,False
damped_wave,7,64,29,response_only,0,0,False,0.0,0,False,False
damped_wave,7,64,0,combined,0,0,False,0.0,0,False,False
damped_wave,7,64,1,combined,0,0,False,0.0,0,False,False
damped_wave,7,64,2,combined,0,0,False,0.0,0,False,False
damped_wave,7,64,3,combined,0,0,False,0.0,0,False,False
damped_wave,7,64,4,combined,0,0,False,0.0,0,False,False
damped_wave,7,64,5,combined,0,0,False,0.0,0,False,False
damped_wave,7,64,6,combined,0,0,False,0.0,0,False,False
damped_wave,7,64,7,combined,0,0,False,0.0,0,False,False
damped_wave,7,64,8,combined,0,0,False,0.0,0,False,False
damped_wave,7,64,9,combined,0,0,False,0.0,0,False,False
damped_wave,7,64,10,combined,0,0,False,0.0,0,False,False
damped_wave,7,64,11,combined,0,0,False,0.0,0,False,False
damped_wave,7,64,12,combined,0,0,False,0.0,0,False,False
damped_wave,7,64,13,combined,0,0,False,0.0,0,False,False
damped_wave,7,64,14,combined,0,0,False,0.0,0,False,False
damped_wave,7,64,15,combined,0,0,False,0.0,0,False,False
damped_wave,7,64,16,combined,0,0,False,0.0,0,False,False
damped_wave,7,64,17,combined,0,0,False,0.0,0,False,False
damped_wave,7,64,18,combined,0,0,False,0.0,0,False,False
damped_wave,7,64,19,combined,0,0,False,0.0,0,False,False
damped_wave,7,64,20,combined,0,0,False,0.0,0,False,False
damped_wave,7,64,21,combined,0,0,False,0.0,0,False,False
damped_wave,7,64,22,combined,0,0,False,0.0,0,False,False
damped_wave,7,64,23,combined,0,0,False,0.0,0,False,False
damped_wave,7,64,24,combined,0,0,False,0.0,0,False,False
damped_wave,7,64,25,combined,0,0,False,0.0,0,False,False
damped_wave,7,64,26,combined,0,0,False,0.0,0,False,False
damped_wave,7,64,27,combined,0,0,False,0.0,0,False,False
damped_wave,7,64,28,combined,0,0,False,0.0,0,False,False
damped_wave,7,64,29,combined,0,0,False,0.0,0,False,False
damped_wave,8,2,0,inference_only,2,2,False,0.0,2,False,False
damped_wave,8,2,1,inference_only,2,2,False,0.0,2,False,False
damped_wave,8,2,2,inference_only,2,2,False,0.0,2,False,False
damped_wave,8,2,3,inference_only,2,2,False,0.0,2,False,False
damped_wave,8,2,4,inference_only,2,2,False,0.0,2,False,False
damped_wave,8,2,5,inference_only,2,2,False,0.0,2,False,False
damped_wave,8,2,6,inference_only,2,2,False,0.0,2,False,False
damped_wave,8,2,7,inference_only,2,2,False,0.0,2,False,False
damped_wave,8,2,8,inference_only,2,2,False,0.0,2,False,False
damped_wave,8,2,9,inference_only,2,2,False,0.0,2,False,False
damped_wave,8,2,10,inference_only,2,2,False,0.0,2,False,False
damped_wave,8,2,11,inference_only,2,2,False,0.0,2,False,False
damped_wave,8,2,12,inference_only,2,2,False,0.0,2,False,False
damped_wave,8,2,13,inference_only,2,2,False,0.0,2,False,False
damped_wave,8,2,14,inference_only,2,2,False,0.0,2,False,False
damped_wave,8,2,15,inference_only,2,2,False,0.0,2,False,False
damped_wave,8,2,16,inference_only,2,2,False,0.0,2,False,False
damped_wave,8,2,17,inference_only,2,2,False,0.0,2,False,False
damped_wave,8,2,18,inference_only,2,2,False,0.0,2,False,False
damped_wave,8,2,19,inference_only,2,2,False,0.0,2,False,False
damped_wave,8,2,20,inference_only,2,2,False,0.0,2,False,False
damped_wave,8,2,21,inference_only,2,2,False,0.0,2,False,False
damped_wave,8,2,22,inference_only,2,2,False,0.0,2,False,False
damped_wave,8,2,23,inference_only,2,2,False,0.0,2,False,False
damped_wave,8,2,24,inference_only,2,2,False,0.0,2,False,False
damped_wave,8,2,25,inference_only,2,2,False,0.0,2,False,False
damped_wave,8,2,26,inference_only,2,2,False,0.0,2,False,False
damped_wave,8,2,27,inference_only,2,2,False,0.0,2,False,False
damped_wave,8,2,28,inference_only,2,2,False,0.0,2,False,False
damped_wave,8,2,29,inference_only,2,2,False,0.0,2,False,False
damped_wave,8,2,0,response_only,2,0,True,3.705838398069199,2,False,True
damped_wave,8,2,1,response_only,2,0,True,3.332764699209665,2,False,True
damped_wave,8,2,2,response_only,2,0,True,3.7517031434217776,2,False,True
damped_wave,8,2,3,response_only,2,0,True,3.3278322851875233,2,False,True
damped_wave,8,2,4,response_only,2,0,True,3.621320881921939,2,False,True
damped_wave,8,2,5,response_only,2,0,True,3.3665095290179123,2,False,True
damped_wave,8,2,6,response_only,2,0,True,3.594663837771324,2,False,True
damped_wave,8,2,7,response_only,2,0,True,3.4038584206527753,2,False,True
damped_wave,8,2,8,response_only,2,0,True,3.8356105372937286,2,False,True
damped_wave,8,2,9,response_only,2,0,True,3.772913201076695,2,False,True
damped_wave,8,2,10,response_only,2,0,True,3.6719342132202604,2,False,True
damped_wave,8,2,11,response_only,2,0,True,3.582655302944003,2,False,True
damped_wave,8,2,12,response_only,2,0,True,3.064799022158855,2,False,True
damped_wave,8,2,13,response_only,2,0,True,3.78854756237477,2,False,True
damped_wave,8,2,14,response_only,2,0,True,3.717957405474644,2,False,True
damped_wave,8,2,15,response_only,2,0,True,3.727541413347108,2,False,True
damped_wave,8,2,16,response_only,2,0,True,3.526017359995938,2,False,True
damped_wave,8,2,17,response_only,2,0,True,3.2035611863860485,2,False,True
damped_wave,8,2,18,response_only,2,0,True,3.683719446650742,2,False,True
damped_wave,8,2,19,response_only,2,0,True,3.757943877898296,2,False,True
damped_wave,8,2,20,response_only,2,0,True,3.6497363653417048,2,False,True
damped_wave,8,2,21,response_only,2,0,True,3.6733644702975443,2,False,True
damped_wave,8,2,22,response_only,2,0,True,3.952750445060129,2,False,True
damped_wave,8,2,23,response_only,2,0,True,3.4045720160430823,2,False,True
damped_wave,8,2,24,response_only,2,0,True,3.215135685218562,2,False,True
damped_wave,8,2,25,response_only,2,0,True,3.8713090838037933,2,False,True
damped_wave,8,2,26,response_only,2,0,True,3.9491961915837073,2,False,True
damped_wave,8,2,27,response_only,2,0,True,3.677125088248758,2,False,True
damped_wave,8,2,28,response_only,2,0,True,3.610124404269925,2,False,True
damped_wave,8,2,29,response_only,2,0,True,3.496400178820289,2,False,True
damped_wave,8,2,0,combined,2,0,True,3.705838398069199,2,False,True
damped_wave,8,2,1,combined,2,0,True,3.332764699209665,2,False,True
damped_wave,8,2,2,combined,2,0,True,3.7517031434217776,2,False,True
damped_wave,8,2,3,combined,2,0,True,3.3278322851875233,2,False,True
damped_wave,8,2,4,combined,2,0,True,3.621320881921939,2,False,True
damped_wave,8,2,5,combined,2,0,True,3.3665095290179123,2,False,True
damped_wave,8,2,6,combined,2,0,True,3.594663837771324,2,False,True
damped_wave,8,2,7,combined,2,0,True,3.4038584206527753,2,False,True
damped_wave,8,2,8,combined,2,0,True,3.8356105372937286,2,False,True
damped_wave,8,2,9,combined,2,0,True,3.772913201076695,2,False,True
damped_wave,8,2,10,combined,2,0,True,3.6719342132202604,2,False,True
damped_wave,8,2,11,combined,2,0,True,3.582655302944003,2,False,True
damped_wave,8,2,12,combined,2,0,True,3.064799022158855,2,False,True
damped_wave,8,2,13,combined,2,0,True,3.78854756237477,2,False,True
damped_wave,8,2,14,combined,2,0,True,3.717957405474644,2,False,True
damped_wave,8,2,15,combined,2,0,True,3.727541413347108,2,False,True
damped_wave,8,2,16,combined,2,0,True,3.526017359995938,2,False,True
damped_wave,8,2,17,combined,2,0,True,3.2035611863860485,2,False,True
damped_wave,8,2,18,combined,2,0,True,3.683719446650742,2,False,True
damped_wave,8,2,19,combined,2,0,True,3.757943877898296,2,False,True
damped_wave,8,2,20,combined,2,0,True,3.6497363653417048,2,False,True
damped_wave,8,2,21,combined,2,0,True,3.6733644702975443,2,False,True
damped_wave,8,2,22,combined,2,0,True,3.952750445060129,2,False,True
damped_wave,8,2,23,combined,2,0,True,3.4045720160430823,2,False,True
damped_wave,8,2,24,combined,2,0,True,3.215135685218562,2,False,True
damped_wave,8,2,25,combined,2,0,True,3.8713090838037933,2,False,True
damped_wave,8,2,26,combined,2,0,True,3.9491961915837073,2,False,True
damped_wave,8,2,27,combined,2,0,True,3.677125088248758,2,False,True
damped_wave,8,2,28,combined,2,0,True,3.610124404269925,2,False,True
damped_wave,8,2,29,combined,2,0,True,3.496400178820289,2,False,True
damped_wave,8,4,0,inference_only,2,2,False,0.0,2,False,False
damped_wave,8,4,1,inference_only,2,2,False,0.0,2,False,False
damped_wave,8,4,2,inference_only,2,2,False,0.0,2,False,False
damped_wave,8,4,3,inference_only,2,2,False,0.0,2,False,False
damped_wave,8,4,4,inference_only,2,2,False,0.0,2,False,False
damped_wave,8,4,5,inference_only,2,2,False,0.0,2,False,False
damped_wave,8,4,6,inference_only,2,2,False,0.0,2,False,False
damped_wave,8,4,7,inference_only,2,2,False,0.0,2,False,False
damped_wave,8,4,8,inference_only,2,2,False,0.0,2,False,False
damped_wave,8,4,9,inference_only,2,2,False,0.0,2,False,False
damped_wave,8,4,10,inference_only,2,2,False,0.0,2,False,False
damped_wave,8,4,11,inference_only,2,2,False,0.0,2,False,False
damped_wave,8,4,12,inference_only,2,2,False,0.0,2,False,False
damped_wave,8,4,13,inference_only,2,2,False,0.0,2,False,False
damped_wave,8,4,14,inference_only,2,2,False,0.0,2,False,False
damped_wave,8,4,15,inference_only,2,2,False,0.0,2,False,False
damped_wave,8,4,16,inference_only,2,2,False,0.0,2,False,False
damped_wave,8,4,17,inference_only,2,2,False,0.0,2,False,False
damped_wave,8,4,18,inference_only,2,2,False,0.0,2,False,False
damped_wave,8,4,19,inference_only,2,2,False,0.0,2,False,False
damped_wave,8,4,20,inference_only,2,2,False,0.0,2,False,False
damped_wave,8,4,21,inference_only,2,2,False,0.0,2,False,False
damped_wave,8,4,22,inference_only,2,2,False,0.0,2,False,False
damped_wave,8,4,23,inference_only,2,2,False,0.0,2,False,False
damped_wave,8,4,24,inference_only,2,2,False,0.0,2,False,False
damped_wave,8,4,25,inference_only,2,2,False,0.0,2,False,False
damped_wave,8,4,26,inference_only,2,2,False,0.0,2,False,False
damped_wave,8,4,27,inference_only,2,2,False,0.0,2,False,False
damped_wave,8,4,28,inference_only,2,2,False,0.0,2,False,False
damped_wave,8,4,29,inference_only,2,2,False,0.0,2,False,False
damped_wave,8,4,0,response_only,2,0,True,3.705838398069199,2,False,True
damped_wave,8,4,1,response_only,2,0,True,3.332764699209665,2,False,True
damped_wave,8,4,2,response_only,2,0,True,3.7517031434217776,2,False,True
damped_wave,8,4,3,response_only,2,0,True,3.3278322851875233,2,False,True
damped_wave,8,4,4,response_only,2,0,True,3.621320881921939,2,False,True
damped_wave,8,4,5,response_only,2,0,True,3.3665095290179123,2,False,True
damped_wave,8,4,6,response_only,2,0,True,3.594663837771324,2,False,True
damped_wave,8,4,7,response_only,2,0,True,3.4038584206527753,2,False,True
damped_wave,8,4,8,response_only,2,0,True,3.8356105372937286,2,False,True
damped_wave,8,4,9,response_only,2,0,True,3.772913201076695,2,False,True
damped_wave,8,4,10,response_only,2,0,True,3.6719342132202604,2,False,True
damped_wave,8,4,11,response_only,2,0,True,3.582655302944003,2,False,True
damped_wave,8,4,12,response_only,2,0,True,3.064799022158855,2,False,True
damped_wave,8,4,13,response_only,2,0,True,3.78854756237477,2,False,True
damped_wave,8,4,14,response_only,2,0,True,3.717957405474644,2,False,True
damped_wave,8,4,15,response_only,2,0,True,3.727541413347108,2,False,True
damped_wave,8,4,16,response_only,2,0,True,3.526017359995938,2,False,True
damped_wave,8,4,17,response_only,2,0,True,3.2035611863860485,2,False,True
damped_wave,8,4,18,response_only,2,0,True,3.683719446650742,2,False,True
damped_wave,8,4,19,response_only,2,0,True,3.757943877898296,2,False,True
damped_wave,8,4,20,response_only,2,0,True,3.6497363653417048,2,False,True
damped_wave,8,4,21,response_only,2,0,True,3.6733644702975443,2,False,True
damped_wave,8,4,22,response_only,2,0,True,3.952750445060129,2,False,True
damped_wave,8,4,23,response_only,2,0,True,3.4045720160430823,2,False,True
damped_wave,8,4,24,response_only,2,0,True,3.215135685218562,2,False,True
damped_wave,8,4,25,response_only,2,0,True,3.8713090838037933,2,False,True
damped_wave,8,4,26,response_only,2,0,True,3.9491961915837073,2,False,True
damped_wave,8,4,27,response_only,2,0,True,3.677125088248758,2,False,True
damped_wave,8,4,28,response_only,2,0,True,3.610124404269925,2,False,True
damped_wave,8,4,29,response_only,2,0,True,3.496400178820289,2,False,True
damped_wave,8,4,0,combined,2,0,True,3.705838398069199,2,False,True
damped_wave,8,4,1,combined,2,0,True,3.332764699209665,2,False,True
damped_wave,8,4,2,combined,2,0,True,3.7517031434217776,2,False,True
damped_wave,8,4,3,combined,2,0,True,3.3278322851875233,2,False,True
damped_wave,8,4,4,combined,2,0,True,3.621320881921939,2,False,True
damped_wave,8,4,5,combined,2,0,True,3.3665095290179123,2,False,True
damped_wave,8,4,6,combined,2,0,True,3.594663837771324,2,False,True
damped_wave,8,4,7,combined,2,0,True,3.4038584206527753,2,False,True
damped_wave,8,4,8,combined,2,0,True,3.8356105372937286,2,False,True
damped_wave,8,4,9,combined,2,0,True,3.772913201076695,2,False,True
damped_wave,8,4,10,combined,2,0,True,3.6719342132202604,2,False,True
damped_wave,8,4,11,combined,2,0,True,3.582655302944003,2,False,True
damped_wave,8,4,12,combined,2,0,True,3.064799022158855,2,False,True
damped_wave,8,4,13,combined,2,0,True,3.78854756237477,2,False,True
damped_wave,8,4,14,combined,2,0,True,3.717957405474644,2,False,True
damped_wave,8,4,15,combined,2,0,True,3.727541413347108,2,False,True
damped_wave,8,4,16,combined,2,0,True,3.526017359995938,2,False,True
damped_wave,8,4,17,combined,2,0,True,3.2035611863860485,2,False,True
damped_wave,8,4,18,combined,2,0,True,3.683719446650742,2,False,True
damped_wave,8,4,19,combined,2,0,True,3.757943877898296,2,False,True
damped_wave,8,4,20,combined,2,0,True,3.6497363653417048,2,False,True
damped_wave,8,4,21,combined,2,0,True,3.6733644702975443,2,False,True
damped_wave,8,4,22,combined,2,0,True,3.952750445060129,2,False,True
damped_wave,8,4,23,combined,2,0,True,3.4045720160430823,2,False,True
damped_wave,8,4,24,combined,2,0,True,3.215135685218562,2,False,True
damped_wave,8,4,25,combined,2,0,True,3.8713090838037933,2,False,True
damped_wave,8,4,26,combined,2,0,True,3.9491961915837073,2,False,True
damped_wave,8,4,27,combined,2,0,True,3.677125088248758,2,False,True
damped_wave,8,4,28,combined,2,0,True,3.610124404269925,2,False,True
damped_wave,8,4,29,combined,2,0,True,3.496400178820289,2,False,True
damped_wave,8,8,0,inference_only,2,2,False,0.0,2,False,False
damped_wave,8,8,1,inference_only,2,2,False,0.0,2,False,False
damped_wave,8,8,2,inference_only,2,2,False,0.0,2,False,False
damped_wave,8,8,3,inference_only,2,2,False,0.0,2,False,False
damped_wave,8,8,4,inference_only,2,2,False,0.0,2,False,False
damped_wave,8,8,5,inference_only,2,2,False,0.0,2,False,False
damped_wave,8,8,6,inference_only,2,2,False,0.0,2,False,False
damped_wave,8,8,7,inference_only,2,2,False,0.0,2,False,False
damped_wave,8,8,8,inference_only,2,2,False,0.0,2,False,False
damped_wave,8,8,9,inference_only,2,2,False,0.0,2,False,False
damped_wave,8,8,10,inference_only,2,2,False,0.0,2,False,False
damped_wave,8,8,11,inference_only,2,2,False,0.0,2,False,False
damped_wave,8,8,12,inference_only,2,2,False,0.0,2,False,False
damped_wave,8,8,13,inference_only,2,2,False,0.0,2,False,False
damped_wave,8,8,14,inference_only,2,2,False,0.0,2,False,False
damped_wave,8,8,15,inference_only,2,2,False,0.0,2,False,False
damped_wave,8,8,16,inference_only,2,2,False,0.0,2,False,False
damped_wave,8,8,17,inference_only,2,2,False,0.0,2,False,False
damped_wave,8,8,18,inference_only,2,2,False,0.0,2,False,False
damped_wave,8,8,19,inference_only,2,2,False,0.0,2,False,False
damped_wave,8,8,20,inference_only,2,2,False,0.0,2,False,False
damped_wave,8,8,21,inference_only,2,2,False,0.0,2,False,False
damped_wave,8,8,22,inference_only,2,2,False,0.0,2,False,False
damped_wave,8,8,23,inference_only,2,2,False,0.0,2,False,False
damped_wave,8,8,24,inference_only,2,2,False,0.0,2,False,False
damped_wave,8,8,25,inference_only,2,2,False,0.0,2,False,False
damped_wave,8,8,26,inference_only,2,2,False,0.0,2,False,False
damped_wave,8,8,27,inference_only,2,2,False,0.0,2,False,False
damped_wave,8,8,28,inference_only,2,2,False,0.0,2,False,False
damped_wave,8,8,29,inference_only,2,2,False,0.0,2,False,False
damped_wave,8,8,0,response_only,2,2,False,0.0,2,False,False
damped_wave,8,8,1,response_only,2,2,False,0.0,2,False,False
damped_wave,8,8,2,response_only,2,2,False,0.0,2,False,False
damped_wave,8,8,3,response_only,2,2,False,0.0,2,False,False
damped_wave,8,8,4,response_only,2,2,False,0.0,2,False,False
damped_wave,8,8,5,response_only,2,2,False,0.0,2,False,False
damped_wave,8,8,6,response_only,2,2,False,0.0,2,False,False
damped_wave,8,8,7,response_only,2,2,False,0.0,2,False,False
damped_wave,8,8,8,response_only,2,2,False,0.0,2,False,False
damped_wave,8,8,9,response_only,2,2,False,0.0,2,False,False
damped_wave,8,8,10,response_only,2,2,False,0.0,2,False,False
damped_wave,8,8,11,response_only,2,2,False,0.0,2,False,False
damped_wave,8,8,12,response_only,2,2,False,0.0,2,False,False
damped_wave,8,8,13,response_only,2,2,False,0.0,2,False,False
damped_wave,8,8,14,response_only,2,2,False,0.0,2,False,False
damped_wave,8,8,15,response_only,2,2,False,0.0,2,False,False
damped_wave,8,8,16,response_only,2,2,False,0.0,2,False,False
damped_wave,8,8,17,response_only,2,2,False,0.0,2,False,False
damped_wave,8,8,18,response_only,2,2,False,0.0,2,False,False
damped_wave,8,8,19,response_only,2,2,False,0.0,2,False,False
damped_wave,8,8,20,response_only,2,2,False,0.0,2,False,False
damped_wave,8,8,21,response_only,2,2,False,0.0,2,False,False
damped_wave,8,8,22,response_only,2,2,False,0.0,2,False,False
damped_wave,8,8,23,response_only,2,2,False,0.0,2,False,False
damped_wave,8,8,24,response_only,2,2,False,0.0,2,False,False
damped_wave,8,8,25,response_only,2,2,False,0.0,2,False,False
damped_wave,8,8,26,response_only,2,2,False,0.0,2,False,False
damped_wave,8,8,27,response_only,2,2,False,0.0,2,False,False
damped_wave,8,8,28,response_only,2,2,False,0.0,2,False,False
damped_wave,8,8,29,response_only,2,2,False,0.0,2,False,False
damped_wave,8,8,0,combined,2,2,False,0.0,2,False,False
damped_wave,8,8,1,combined,2,2,False,0.0,2,False,False
damped_wave,8,8,2,combined,2,2,False,0.0,2,False,False
damped_wave,8,8,3,combined,2,2,False,0.0,2,False,False
damped_wave,8,8,4,combined,2,2,False,0.0,2,False,False
damped_wave,8,8,5,combined,2,2,False,0.0,2,False,False
damped_wave,8,8,6,combined,2,2,False,0.0,2,False,False
damped_wave,8,8,7,combined,2,2,False,0.0,2,False,False
damped_wave,8,8,8,combined,2,2,False,0.0,2,False,False
damped_wave,8,8,9,combined,2,2,False,0.0,2,False,False
damped_wave,8,8,10,combined,2,2,False,0.0,2,False,False
damped_wave,8,8,11,combined,2,2,False,0.0,2,False,False
damped_wave,8,8,12,combined,2,2,False,0.0,2,False,False
damped_wave,8,8,13,combined,2,2,False,0.0,2,False,False
damped_wave,8,8,14,combined,2,2,False,0.0,2,False,False
damped_wave,8,8,15,combined,2,2,False,0.0,2,False,False
damped_wave,8,8,16,combined,2,2,False,0.0,2,False,False
damped_wave,8,8,17,combined,2,2,False,0.0,2,False,False
damped_wave,8,8,18,combined,2,2,False,0.0,2,False,False
damped_wave,8,8,19,combined,2,2,False,0.0,2,False,False
damped_wave,8,8,20,combined,2,2,False,0.0,2,False,False
damped_wave,8,8,21,combined,2,2,False,0.0,2,False,False
damped_wave,8,8,22,combined,2,2,False,0.0,2,False,False
damped_wave,8,8,23,combined,2,2,False,0.0,2,False,False
damped_wave,8,8,24,combined,2,2,False,0.0,2,False,False
damped_wave,8,8,25,combined,2,2,False,0.0,2,False,False
damped_wave,8,8,26,combined,2,2,False,0.0,2,False,False
damped_wave,8,8,27,combined,2,2,False,0.0,2,False,False
damped_wave,8,8,28,combined,2,2,False,0.0,2,False,False
damped_wave,8,8,29,combined,2,2,False,0.0,2,False,False
damped_wave,8,16,0,inference_only,2,2,False,0.0,2,False,False
damped_wave,8,16,1,inference_only,2,2,False,0.0,2,False,False
damped_wave,8,16,2,inference_only,2,2,False,0.0,2,False,False
damped_wave,8,16,3,inference_only,2,2,False,0.0,2,False,False
damped_wave,8,16,4,inference_only,2,2,False,0.0,2,False,False
damped_wave,8,16,5,inference_only,2,2,False,0.0,2,False,False
damped_wave,8,16,6,inference_only,2,2,False,0.0,2,False,False
damped_wave,8,16,7,inference_only,2,2,False,0.0,2,False,False
damped_wave,8,16,8,inference_only,2,2,False,0.0,2,False,False
damped_wave,8,16,9,inference_only,2,2,False,0.0,2,False,False
damped_wave,8,16,10,inference_only,2,2,False,0.0,2,False,False
damped_wave,8,16,11,inference_only,2,2,False,0.0,2,False,False
damped_wave,8,16,12,inference_only,2,2,False,0.0,2,False,False
damped_wave,8,16,13,inference_only,2,2,False,0.0,2,False,False
damped_wave,8,16,14,inference_only,2,2,False,0.0,2,False,False
damped_wave,8,16,15,inference_only,2,2,False,0.0,2,False,False
damped_wave,8,16,16,inference_only,2,2,False,0.0,2,False,False
damped_wave,8,16,17,inference_only,2,2,False,0.0,2,False,False
damped_wave,8,16,18,inference_only,2,2,False,0.0,2,False,False
damped_wave,8,16,19,inference_only,2,2,False,0.0,2,False,False
damped_wave,8,16,20,inference_only,2,2,False,0.0,2,False,False
damped_wave,8,16,21,inference_only,2,2,False,0.0,2,False,False
damped_wave,8,16,22,inference_only,2,2,False,0.0,2,False,False
damped_wave,8,16,23,inference_only,2,2,False,0.0,2,False,False
damped_wave,8,16,24,inference_only,2,2,False,0.0,2,False,False
damped_wave,8,16,25,inference_only,2,2,False,0.0,2,False,False
damped_wave,8,16,26,inference_only,2,2,False,0.0,2,False,False
damped_wave,8,16,27,inference_only,2,2,False,0.0,2,False,False
damped_wave,8,16,28,inference_only,2,2,False,0.0,2,False,False
damped_wave,8,16,29,inference_only,2,2,False,0.0,2,False,False
damped_wave,8,16,0,response_only,2,2,False,0.0,2,False,False
damped_wave,8,16,1,response_only,2,2,False,0.0,2,False,False
damped_wave,8,16,2,response_only,2,2,False,0.0,2,False,False
damped_wave,8,16,3,response_only,2,2,False,0.0,2,False,False
damped_wave,8,16,4,response_only,2,2,False,0.0,2,False,False
damped_wave,8,16,5,response_only,2,2,False,0.0,2,False,False
damped_wave,8,16,6,response_only,2,2,False,0.0,2,False,False
damped_wave,8,16,7,response_only,2,2,False,0.0,2,False,False
damped_wave,8,16,8,response_only,2,2,False,0.0,2,False,False
damped_wave,8,16,9,response_only,2,2,False,0.0,2,False,False
damped_wave,8,16,10,response_only,2,2,False,0.0,2,False,False
damped_wave,8,16,11,response_only,2,2,False,0.0,2,False,False
damped_wave,8,16,12,response_only,2,2,False,0.0,2,False,False
damped_wave,8,16,13,response_only,2,2,False,0.0,2,False,False
damped_wave,8,16,14,response_only,2,2,False,0.0,2,False,False
damped_wave,8,16,15,response_only,2,2,False,0.0,2,False,False
damped_wave,8,16,16,response_only,2,2,False,0.0,2,False,False
damped_wave,8,16,17,response_only,2,2,False,0.0,2,False,False
damped_wave,8,16,18,response_only,2,2,False,0.0,2,False,False
damped_wave,8,16,19,response_only,2,2,False,0.0,2,False,False
damped_wave,8,16,20,response_only,2,2,False,0.0,2,False,False
damped_wave,8,16,21,response_only,2,2,False,0.0,2,False,False
damped_wave,8,16,22,response_only,2,2,False,0.0,2,False,False
damped_wave,8,16,23,response_only,2,2,False,0.0,2,False,False
damped_wave,8,16,24,response_only,2,2,False,0.0,2,False,False
damped_wave,8,16,25,response_only,2,2,False,0.0,2,False,False
damped_wave,8,16,26,response_only,2,2,False,0.0,2,False,False
damped_wave,8,16,27,response_only,2,2,False,0.0,2,False,False
damped_wave,8,16,28,response_only,2,2,False,0.0,2,False,False
damped_wave,8,16,29,response_only,2,2,False,0.0,2,False,False
damped_wave,8,16,0,combined,2,2,False,0.0,2,False,False
damped_wave,8,16,1,combined,2,2,False,0.0,2,False,False
damped_wave,8,16,2,combined,2,2,False,0.0,2,False,False
damped_wave,8,16,3,combined,2,2,False,0.0,2,False,False
damped_wave,8,16,4,combined,2,2,False,0.0,2,False,False
damped_wave,8,16,5,combined,2,2,False,0.0,2,False,False
damped_wave,8,16,6,combined,2,2,False,0.0,2,False,False
damped_wave,8,16,7,combined,2,2,False,0.0,2,False,False
damped_wave,8,16,8,combined,2,2,False,0.0,2,False,False
damped_wave,8,16,9,combined,2,2,False,0.0,2,False,False
damped_wave,8,16,10,combined,2,2,False,0.0,2,False,False
damped_wave,8,16,11,combined,2,2,False,0.0,2,False,False
damped_wave,8,16,12,combined,2,2,False,0.0,2,False,False
damped_wave,8,16,13,combined,2,2,False,0.0,2,False,False
damped_wave,8,16,14,combined,2,2,False,0.0,2,False,False
damped_wave,8,16,15,combined,2,2,False,0.0,2,False,False
damped_wave,8,16,16,combined,2,2,False,0.0,2,False,False
damped_wave,8,16,17,combined,2,2,False,0.0,2,False,False
damped_wave,8,16,18,combined,2,2,False,0.0,2,False,False
damped_wave,8,16,19,combined,2,2,False,0.0,2,False,False
damped_wave,8,16,20,combined,2,2,False,0.0,2,False,False
damped_wave,8,16,21,combined,2,2,False,0.0,2,False,False
damped_wave,8,16,22,combined,2,2,False,0.0,2,False,False
damped_wave,8,16,23,combined,2,2,False,0.0,2,False,False
damped_wave,8,16,24,combined,2,2,False,0.0,2,False,False
damped_wave,8,16,25,combined,2,2,False,0.0,2,False,False
damped_wave,8,16,26,combined,2,2,False,0.0,2,False,False
damped_wave,8,16,27,combined,2,2,False,0.0,2,False,False
damped_wave,8,16,28,combined,2,2,False,0.0,2,False,False
damped_wave,8,16,29,combined,2,2,False,0.0,2,False,False
damped_wave,8,32,0,inference_only,2,2,False,0.0,2,False,False
damped_wave,8,32,1,inference_only,2,2,False,0.0,2,False,False
damped_wave,8,32,2,inference_only,2,2,False,0.0,2,False,False
damped_wave,8,32,3,inference_only,2,2,False,0.0,2,False,False
damped_wave,8,32,4,inference_only,2,2,False,0.0,2,False,False
damped_wave,8,32,5,inference_only,2,2,False,0.0,2,False,False
damped_wave,8,32,6,inference_only,2,2,False,0.0,2,False,False
damped_wave,8,32,7,inference_only,2,2,False,0.0,2,False,False
damped_wave,8,32,8,inference_only,2,2,False,0.0,2,False,False
damped_wave,8,32,9,inference_only,2,2,False,0.0,2,False,False
damped_wave,8,32,10,inference_only,2,2,False,0.0,2,False,False
damped_wave,8,32,11,inference_only,2,2,False,0.0,2,False,False
damped_wave,8,32,12,inference_only,2,2,False,0.0,2,False,False
damped_wave,8,32,13,inference_only,2,2,False,0.0,2,False,False
damped_wave,8,32,14,inference_only,2,2,False,0.0,2,False,False
damped_wave,8,32,15,inference_only,2,2,False,0.0,2,False,False
damped_wave,8,32,16,inference_only,2,2,False,0.0,2,False,False
damped_wave,8,32,17,inference_only,2,2,False,0.0,2,False,False
damped_wave,8,32,18,inference_only,2,2,False,0.0,2,False,False
damped_wave,8,32,19,inference_only,2,2,False,0.0,2,False,False
damped_wave,8,32,20,inference_only,2,2,False,0.0,2,False,False
damped_wave,8,32,21,inference_only,2,2,False,0.0,2,False,False
damped_wave,8,32,22,inference_only,2,2,False,0.0,2,False,False
damped_wave,8,32,23,inference_only,2,2,False,0.0,2,False,False
damped_wave,8,32,24,inference_only,2,2,False,0.0,2,False,False
damped_wave,8,32,25,inference_only,2,2,False,0.0,2,False,False
damped_wave,8,32,26,inference_only,2,2,False,0.0,2,False,False
damped_wave,8,32,27,inference_only,2,2,False,0.0,2,False,False
damped_wave,8,32,28,inference_only,2,2,False,0.0,2,False,False
damped_wave,8,32,29,inference_only,2,2,False,0.0,2,False,False
damped_wave,8,32,0,response_only,2,2,False,0.0,2,False,False
damped_wave,8,32,1,response_only,2,2,False,0.0,2,False,False
damped_wave,8,32,2,response_only,2,2,False,0.0,2,False,False
damped_wave,8,32,3,response_only,2,2,False,0.0,2,False,False
damped_wave,8,32,4,response_only,2,2,False,0.0,2,False,False
damped_wave,8,32,5,response_only,2,2,False,0.0,2,False,False
damped_wave,8,32,6,response_only,2,2,False,0.0,2,False,False
damped_wave,8,32,7,response_only,2,2,False,0.0,2,False,False
damped_wave,8,32,8,response_only,2,2,False,0.0,2,False,False
damped_wave,8,32,9,response_only,2,2,False,0.0,2,False,False
damped_wave,8,32,10,response_only,2,2,False,0.0,2,False,False
damped_wave,8,32,11,response_only,2,2,False,0.0,2,False,False
damped_wave,8,32,12,response_only,2,2,False,0.0,2,False,False
damped_wave,8,32,13,response_only,2,2,False,0.0,2,False,False
damped_wave,8,32,14,response_only,2,2,False,0.0,2,False,False
damped_wave,8,32,15,response_only,2,2,False,0.0,2,False,False
damped_wave,8,32,16,response_only,2,2,False,0.0,2,False,False
damped_wave,8,32,17,response_only,2,2,False,0.0,2,False,False
damped_wave,8,32,18,response_only,2,2,False,0.0,2,False,False
damped_wave,8,32,19,response_only,2,2,False,0.0,2,False,False
damped_wave,8,32,20,response_only,2,2,False,0.0,2,False,False
damped_wave,8,32,21,response_only,2,2,False,0.0,2,False,False
damped_wave,8,32,22,response_only,2,2,False,0.0,2,False,False
damped_wave,8,32,23,response_only,2,2,False,0.0,2,False,False
damped_wave,8,32,24,response_only,2,2,False,0.0,2,False,False
damped_wave,8,32,25,response_only,2,2,False,0.0,2,False,False
damped_wave,8,32,26,response_only,2,2,False,0.0,2,False,False
damped_wave,8,32,27,response_only,2,2,False,0.0,2,False,False
damped_wave,8,32,28,response_only,2,2,False,0.0,2,False,False
damped_wave,8,32,29,response_only,2,2,False,0.0,2,False,False
damped_wave,8,32,0,combined,2,2,False,0.0,2,False,False
damped_wave,8,32,1,combined,2,2,False,0.0,2,False,False
damped_wave,8,32,2,combined,2,2,False,0.0,2,False,False
damped_wave,8,32,3,combined,2,2,False,0.0,2,False,False
damped_wave,8,32,4,combined,2,2,False,0.0,2,False,False
damped_wave,8,32,5,combined,2,2,False,0.0,2,False,False
damped_wave,8,32,6,combined,2,2,False,0.0,2,False,False
damped_wave,8,32,7,combined,2,2,False,0.0,2,False,False
damped_wave,8,32,8,combined,2,2,False,0.0,2,False,False
damped_wave,8,32,9,combined,2,2,False,0.0,2,False,False
damped_wave,8,32,10,combined,2,2,False,0.0,2,False,False
damped_wave,8,32,11,combined,2,2,False,0.0,2,False,False
damped_wave,8,32,12,combined,2,2,False,0.0,2,False,False
damped_wave,8,32,13,combined,2,2,False,0.0,2,False,False
damped_wave,8,32,14,combined,2,2,False,0.0,2,False,False
damped_wave,8,32,15,combined,2,2,False,0.0,2,False,False
damped_wave,8,32,16,combined,2,2,False,0.0,2,False,False
damped_wave,8,32,17,combined,2,2,False,0.0,2,False,False
damped_wave,8,32,18,combined,2,2,False,0.0,2,False,False
damped_wave,8,32,19,combined,2,2,False,0.0,2,False,False
damped_wave,8,32,20,combined,2,2,False,0.0,2,False,False
damped_wave,8,32,21,combined,2,2,False,0.0,2,False,False
damped_wave,8,32,22,combined,2,2,False,0.0,2,False,False
damped_wave,8,32,23,combined,2,2,False,0.0,2,False,False
damped_wave,8,32,24,combined,2,2,False,0.0,2,False,False
damped_wave,8,32,25,combined,2,2,False,0.0,2,False,False
damped_wave,8,32,26,combined,2,2,False,0.0,2,False,False
damped_wave,8,32,27,combined,2,2,False,0.0,2,False,False
damped_wave,8,32,28,combined,2,2,False,0.0,2,False,False
damped_wave,8,32,29,combined,2,2,False,0.0,2,False,False
damped_wave,8,64,0,inference_only,2,2,False,0.0,2,False,False
damped_wave,8,64,1,inference_only,2,2,False,0.0,2,False,False
damped_wave,8,64,2,inference_only,2,2,False,0.0,2,False,False
damped_wave,8,64,3,inference_only,2,2,False,0.0,2,False,False
damped_wave,8,64,4,inference_only,2,2,False,0.0,2,False,False
damped_wave,8,64,5,inference_only,2,2,False,0.0,2,False,False
damped_wave,8,64,6,inference_only,2,2,False,0.0,2,False,False
damped_wave,8,64,7,inference_only,2,2,False,0.0,2,False,False
damped_wave,8,64,8,inference_only,2,2,False,0.0,2,False,False
damped_wave,8,64,9,inference_only,2,2,False,0.0,2,False,False
damped_wave,8,64,10,inference_only,2,2,False,0.0,2,False,False
damped_wave,8,64,11,inference_only,2,2,False,0.0,2,False,False
damped_wave,8,64,12,inference_only,2,2,False,0.0,2,False,False
damped_wave,8,64,13,inference_only,2,2,False,0.0,2,False,False
damped_wave,8,64,14,inference_only,2,2,False,0.0,2,False,False
damped_wave,8,64,15,inference_only,2,2,False,0.0,2,False,False
damped_wave,8,64,16,inference_only,2,2,False,0.0,2,False,False
damped_wave,8,64,17,inference_only,2,2,False,0.0,2,False,False
damped_wave,8,64,18,inference_only,2,2,False,0.0,2,False,False
damped_wave,8,64,19,inference_only,2,2,False,0.0,2,False,False
damped_wave,8,64,20,inference_only,2,2,False,0.0,2,False,False
damped_wave,8,64,21,inference_only,2,2,False,0.0,2,False,False
damped_wave,8,64,22,inference_only,2,2,False,0.0,2,False,False
damped_wave,8,64,23,inference_only,2,2,False,0.0,2,False,False
damped_wave,8,64,24,inference_only,2,2,False,0.0,2,False,False
damped_wave,8,64,25,inference_only,2,2,False,0.0,2,False,False
damped_wave,8,64,26,inference_only,2,2,False,0.0,2,False,False
damped_wave,8,64,27,inference_only,2,2,False,0.0,2,False,False
damped_wave,8,64,28,inference_only,2,2,False,0.0,2,False,False
damped_wave,8,64,29,inference_only,2,2,False,0.0,2,False,False
damped_wave,8,64,0,response_only,2,2,False,0.0,2,False,False
damped_wave,8,64,1,response_only,2,2,False,0.0,2,False,False
damped_wave,8,64,2,response_only,2,2,False,0.0,2,False,False
damped_wave,8,64,3,response_only,2,2,False,0.0,2,False,False
damped_wave,8,64,4,response_only,2,2,False,0.0,2,False,False
damped_wave,8,64,5,response_only,2,2,False,0.0,2,False,False
damped_wave,8,64,6,response_only,2,2,False,0.0,2,False,False
damped_wave,8,64,7,response_only,2,2,False,0.0,2,False,False
damped_wave,8,64,8,response_only,2,2,False,0.0,2,False,False
damped_wave,8,64,9,response_only,2,2,False,0.0,2,False,False
damped_wave,8,64,10,response_only,2,2,False,0.0,2,False,False
damped_wave,8,64,11,response_only,2,2,False,0.0,2,False,False
damped_wave,8,64,12,response_only,2,2,False,0.0,2,False,False
damped_wave,8,64,13,response_only,2,2,False,0.0,2,False,False
damped_wave,8,64,14,response_only,2,2,False,0.0,2,False,False
damped_wave,8,64,15,response_only,2,2,False,0.0,2,False,False
damped_wave,8,64,16,response_only,2,2,False,0.0,2,False,False
damped_wave,8,64,17,response_only,2,2,False,0.0,2,False,False
damped_wave,8,64,18,response_only,2,2,False,0.0,2,False,False
damped_wave,8,64,19,response_only,2,2,False,0.0,2,False,False
damped_wave,8,64,20,response_only,2,2,False,0.0,2,False,False
damped_wave,8,64,21,response_only,2,2,False,0.0,2,False,False
damped_wave,8,64,22,response_only,2,2,False,0.0,2,False,False
damped_wave,8,64,23,response_only,2,2,False,0.0,2,False,False
damped_wave,8,64,24,response_only,2,2,False,0.0,2,False,False
damped_wave,8,64,25,response_only,2,2,False,0.0,2,False,False
damped_wave,8,64,26,response_only,2,2,False,0.0,2,False,False
damped_wave,8,64,27,response_only,2,2,False,0.0,2,False,False
damped_wave,8,64,28,response_only,2,2,False,0.0,2,False,False
damped_wave,8,64,29,response_only,2,2,False,0.0,2,False,False
damped_wave,8,64,0,combined,2,2,False,0.0,2,False,False
damped_wave,8,64,1,combined,2,2,False,0.0,2,False,False
damped_wave,8,64,2,combined,2,2,False,0.0,2,False,False
damped_wave,8,64,3,combined,2,2,False,0.0,2,False,False
damped_wave,8,64,4,combined,2,2,False,0.0,2,False,False
damped_wave,8,64,5,combined,2,2,False,0.0,2,False,False
damped_wave,8,64,6,combined,2,2,False,0.0,2,False,False
damped_wave,8,64,7,combined,2,2,False,0.0,2,False,False
damped_wave,8,64,8,combined,2,2,False,0.0,2,False,False
damped_wave,8,64,9,combined,2,2,False,0.0,2,False,False
damped_wave,8,64,10,combined,2,2,False,0.0,2,False,False
damped_wave,8,64,11,combined,2,2,False,0.0,2,False,False
damped_wave,8,64,12,combined,2,2,False,0.0,2,False,False
damped_wave,8,64,13,combined,2,2,False,0.0,2,False,False
damped_wave,8,64,14,combined,2,2,False,0.0,2,False,False
damped_wave,8,64,15,combined,2,2,False,0.0,2,False,False
damped_wave,8,64,16,combined,2,2,False,0.0,2,False,False
damped_wave,8,64,17,combined,2,2,False,0.0,2,False,False
damped_wave,8,64,18,combined,2,2,False,0.0,2,False,False
damped_wave,8,64,19,combined,2,2,False,0.0,2,False,False
damped_wave,8,64,20,combined,2,2,False,0.0,2,False,False
damped_wave,8,64,21,combined,2,2,False,0.0,2,False,False
damped_wave,8,64,22,combined,2,2,False,0.0,2,False,False
damped_wave,8,64,23,combined,2,2,False,0.0,2,False,False
damped_wave,8,64,24,combined,2,2,False,0.0,2,False,False
damped_wave,8,64,25,combined,2,2,False,0.0,2,False,False
damped_wave,8,64,26,combined,2,2,False,0.0,2,False,False
damped_wave,8,64,27,combined,2,2,False,0.0,2,False,False
damped_wave,8,64,28,combined,2,2,False,0.0,2,False,False
damped_wave,8,64,29,combined,2,2,False,0.0,2,False,False
damped_wave,9,2,0,inference_only,0,0,False,0.0,0,False,False
damped_wave,9,2,1,inference_only,0,0,False,0.0,0,False,False
damped_wave,9,2,2,inference_only,0,0,False,0.0,0,False,False
damped_wave,9,2,3,inference_only,0,0,False,0.0,0,False,False
damped_wave,9,2,4,inference_only,0,0,False,0.0,0,False,False
damped_wave,9,2,5,inference_only,0,0,False,0.0,0,False,False
damped_wave,9,2,6,inference_only,0,0,False,0.0,0,False,False
damped_wave,9,2,7,inference_only,0,0,False,0.0,0,False,False
damped_wave,9,2,8,inference_only,0,0,False,0.0,0,False,False
damped_wave,9,2,9,inference_only,0,0,False,0.0,0,False,False
damped_wave,9,2,10,inference_only,0,0,False,0.0,0,False,False
damped_wave,9,2,11,inference_only,0,0,False,0.0,0,False,False
damped_wave,9,2,12,inference_only,0,0,False,0.0,0,False,False
damped_wave,9,2,13,inference_only,0,0,False,0.0,0,False,False
damped_wave,9,2,14,inference_only,0,0,False,0.0,0,False,False
damped_wave,9,2,15,inference_only,0,0,False,0.0,0,False,False
damped_wave,9,2,16,inference_only,0,0,False,0.0,0,False,False
damped_wave,9,2,17,inference_only,0,0,False,0.0,0,False,False
damped_wave,9,2,18,inference_only,0,0,False,0.0,0,False,False
damped_wave,9,2,19,inference_only,0,0,False,0.0,0,False,False
damped_wave,9,2,20,inference_only,0,0,False,0.0,0,False,False
damped_wave,9,2,21,inference_only,0,0,False,0.0,0,False,False
damped_wave,9,2,22,inference_only,0,0,False,0.0,0,False,False
damped_wave,9,2,23,inference_only,0,0,False,0.0,0,False,False
damped_wave,9,2,24,inference_only,0,0,False,0.0,0,False,False
damped_wave,9,2,25,inference_only,0,0,False,0.0,0,False,False
damped_wave,9,2,26,inference_only,0,0,False,0.0,0,False,False
damped_wave,9,2,27,inference_only,0,0,False,0.0,0,False,False
damped_wave,9,2,28,inference_only,0,0,False,0.0,0,False,False
damped_wave,9,2,29,inference_only,0,0,False,0.0,0,False,False
damped_wave,9,2,0,response_only,0,2,False,0.07999999999999999,0,False,True
damped_wave,9,2,1,response_only,0,2,False,0.08000000000000002,0,False,True
damped_wave,9,2,2,response_only,0,2,False,0.08,0,False,True
damped_wave,9,2,3,response_only,0,2,False,0.08,0,False,True
damped_wave,9,2,4,response_only,0,2,False,0.08,0,False,True
damped_wave,9,2,5,response_only,0,2,False,0.08,0,False,True
damped_wave,9,2,6,response_only,0,2,False,0.08,0,False,True
damped_wave,9,2,7,response_only,0,2,False,0.08,0,False,True
damped_wave,9,2,8,response_only,0,2,False,0.08,0,False,True
damped_wave,9,2,9,response_only,0,2,False,0.08000000000000003,0,False,True
damped_wave,9,2,10,response_only,0,2,False,0.07999999999999999,0,False,True
damped_wave,9,2,11,response_only,0,2,False,0.07999999999999999,0,False,True
damped_wave,9,2,12,response_only,0,2,False,0.08,0,False,True
damped_wave,9,2,13,response_only,0,2,False,0.07999999999999999,0,False,True
damped_wave,9,2,14,response_only,0,2,False,0.08,0,False,True
damped_wave,9,2,15,response_only,0,2,False,0.08,0,False,True
damped_wave,9,2,16,response_only,0,2,False,0.08,0,False,True
damped_wave,9,2,17,response_only,0,2,False,0.08,0,False,True
damped_wave,9,2,18,response_only,0,2,False,0.08,0,False,True
damped_wave,9,2,19,response_only,0,2,False,0.08,0,False,True
damped_wave,9,2,20,response_only,0,2,False,0.08000000000000002,0,False,True
damped_wave,9,2,21,response_only,0,2,False,0.07999999999999997,0,False,True
damped_wave,9,2,22,response_only,0,2,False,0.08000000000000002,0,False,True
damped_wave,9,2,23,response_only,0,2,False,0.07999999999999999,0,False,True
damped_wave,9,2,24,response_only,0,2,False,0.08000000000000002,0,False,True
damped_wave,9,2,25,response_only,0,2,False,0.08,0,False,True
damped_wave,9,2,26,response_only,0,2,False,0.08,0,False,True
damped_wave,9,2,27,response_only,0,2,False,0.08,0,False,True
damped_wave,9,2,28,response_only,0,2,False,0.08000000000000003,0,False,True
damped_wave,9,2,29,response_only,0,2,False,0.08,0,False,True
damped_wave,9,2,0,combined,0,1,False,0.009999999999999998,0,False,True
damped_wave,9,2,1,combined,0,1,False,0.010000000000000002,0,False,True
damped_wave,9,2,2,combined,0,2,False,0.08,0,False,True
damped_wave,9,2,3,combined,0,2,False,0.08,0,False,True
damped_wave,9,2,4,combined,0,2,False,0.08,0,False,True
damped_wave,9,2,5,combined,0,2,False,0.08,0,False,True
damped_wave,9,2,6,combined,0,1,False,0.01,0,False,True
damped_wave,9,2,7,combined,0,2,False,0.08,0,False,True
damped_wave,9,2,8,combined,0,1,False,0.01,0,False,True
damped_wave,9,2,9,combined,0,2,False,0.08000000000000003,0,False,True
damped_wave,9,2,10,combined,0,2,False,0.07999999999999999,0,False,True
damped_wave,9,2,11,combined,0,2,False,0.07999999999999999,0,False,True
damped_wave,9,2,12,combined,0,2,False,0.08,0,False,True
damped_wave,9,2,13,combined,0,2,False,0.07999999999999999,0,False,True
damped_wave,9,2,14,combined,0,2,False,0.08,0,False,True
damped_wave,9,2,15,combined,0,2,False,0.08,0,False,True
damped_wave,9,2,16,combined,0,1,False,0.01,0,False,True
damped_wave,9,2,17,combined,0,2,False,0.08,0,False,True
damped_wave,9,2,18,combined,0,2,False,0.08,0,False,True
damped_wave,9,2,19,combined,0,2,False,0.08,0,False,True
damped_wave,9,2,20,combined,0,2,False,0.08000000000000002,0,False,True
damped_wave,9,2,21,combined,0,2,False,0.07999999999999997,0,False,True
damped_wave,9,2,22,combined,0,2,False,0.08000000000000002,0,False,True
damped_wave,9,2,23,combined,0,2,False,0.07999999999999999,0,False,True
damped_wave,9,2,24,combined,0,1,False,0.010000000000000002,0,False,True
damped_wave,9,2,25,combined,0,2,False,0.08,0,False,True
damped_wave,9,2,26,combined,0,2,False,0.08,0,False,True
damped_wave,9,2,27,combined,0,1,False,0.01,0,False,True
damped_wave,9,2,28,combined,0,2,False,0.08000000000000003,0,False,True
damped_wave,9,2,29,combined,0,1,False,0.01,0,False,True
damped_wave,9,4,0,inference_only,0,0,False,0.0,0,False,False
damped_wave,9,4,1,inference_only,0,0,False,0.0,0,False,False
damped_wave,9,4,2,inference_only,0,0,False,0.0,0,False,False
damped_wave,9,4,3,inference_only,0,0,False,0.0,0,False,False
damped_wave,9,4,4,inference_only,0,0,False,0.0,0,False,False
damped_wave,9,4,5,inference_only,0,0,False,0.0,0,False,False
damped_wave,9,4,6,inference_only,0,0,False,0.0,0,False,False
damped_wave,9,4,7,inference_only,0,0,False,0.0,0,False,False
damped_wave,9,4,8,inference_only,0,0,False,0.0,0,False,False
damped_wave,9,4,9,inference_only,0,0,False,0.0,0,False,False
damped_wave,9,4,10,inference_only,0,0,False,0.0,0,False,False
damped_wave,9,4,11,inference_only,0,0,False,0.0,0,False,False
damped_wave,9,4,12,inference_only,0,0,False,0.0,0,False,False
damped_wave,9,4,13,inference_only,0,0,False,0.0,0,False,False
damped_wave,9,4,14,inference_only,0,0,False,0.0,0,False,False
damped_wave,9,4,15,inference_only,0,0,False,0.0,0,False,False
damped_wave,9,4,16,inference_only,0,0,False,0.0,0,False,False
damped_wave,9,4,17,inference_only,0,0,False,0.0,0,False,False
damped_wave,9,4,18,inference_only,0,0,False,0.0,0,False,False
damped_wave,9,4,19,inference_only,0,0,False,0.0,0,False,False
damped_wave,9,4,20,inference_only,0,0,False,0.0,0,False,False
damped_wave,9,4,21,inference_only,0,0,False,0.0,0,False,False
damped_wave,9,4,22,inference_only,0,0,False,0.0,0,False,False
damped_wave,9,4,23,inference_only,0,0,False,0.0,0,False,False
damped_wave,9,4,24,inference_only,0,0,False,0.0,0,False,False
damped_wave,9,4,25,inference_only,0,0,False,0.0,0,False,False
damped_wave,9,4,26,inference_only,0,0,False,0.0,0,False,False
damped_wave,9,4,27,inference_only,0,0,False,0.0,0,False,False
damped_wave,9,4,28,inference_only,0,0,False,0.0,0,False,False
damped_wave,9,4,29,inference_only,0,0,False,0.0,0,False,False
damped_wave,9,4,0,response_only,0,0,False,0.0,0,False,False
damped_wave,9,4,1,response_only,0,0,False,0.0,0,False,False
damped_wave,9,4,2,response_only,0,0,False,0.0,0,False,False
damped_wave,9,4,3,response_only,0,0,False,0.0,0,False,False
damped_wave,9,4,4,response_only,0,0,False,0.0,0,False,False
damped_wave,9,4,5,response_only,0,0,False,0.0,0,False,False
damped_wave,9,4,6,response_only,0,0,False,0.0,0,False,False
damped_wave,9,4,7,response_only,0,0,False,0.0,0,False,False
damped_wave,9,4,8,response_only,0,0,False,0.0,0,False,False
damped_wave,9,4,9,response_only,0,0,False,0.0,0,False,False
damped_wave,9,4,10,response_only,0,0,False,0.0,0,False,False
damped_wave,9,4,11,response_only,0,0,False,0.0,0,False,False
damped_wave,9,4,12,response_only,0,0,False,0.0,0,False,False
damped_wave,9,4,13,response_only,0,0,False,0.0,0,False,False
damped_wave,9,4,14,response_only,0,0,False,0.0,0,False,False
damped_wave,9,4,15,response_only,0,0,False,0.0,0,False,False
damped_wave,9,4,16,response_only,0,0,False,0.0,0,False,False
damped_wave,9,4,17,response_only,0,0,False,0.0,0,False,False
damped_wave,9,4,18,response_only,0,0,False,0.0,0,False,False
damped_wave,9,4,19,response_only,0,0,False,0.0,0,False,False
damped_wave,9,4,20,response_only,0,0,False,0.0,0,False,False
damped_wave,9,4,21,response_only,0,0,False,0.0,0,False,False
damped_wave,9,4,22,response_only,0,0,False,0.0,0,False,False
damped_wave,9,4,23,response_only,0,0,False,0.0,0,False,False
damped_wave,9,4,24,response_only,0,0,False,0.0,0,False,False
damped_wave,9,4,25,response_only,0,0,False,0.0,0,False,False
damped_wave,9,4,26,response_only,0,0,False,0.0,0,False,False
damped_wave,9,4,27,response_only,0,0,False,0.0,0,False,False
damped_wave,9,4,28,response_only,0,0,False,0.0,0,False,False
damped_wave,9,4,29,response_only,0,0,False,0.0,0,False,False
damped_wave,9,4,0,combined,0,0,False,0.0,0,False,False
damped_wave,9,4,1,combined,0,0,False,0.0,0,False,False
damped_wave,9,4,2,combined,0,0,False,0.0,0,False,False
damped_wave,9,4,3,combined,0,0,False,0.0,0,False,False
damped_wave,9,4,4,combined,0,0,False,0.0,0,False,False
damped_wave,9,4,5,combined,0,0,False,0.0,0,False,False
damped_wave,9,4,6,combined,0,0,False,0.0,0,False,False
damped_wave,9,4,7,combined,0,0,False,0.0,0,False,False
damped_wave,9,4,8,combined,0,0,False,0.0,0,False,False
damped_wave,9,4,9,combined,0,0,False,0.0,0,False,False
damped_wave,9,4,10,combined,0,0,False,0.0,0,False,False
damped_wave,9,4,11,combined,0,0,False,0.0,0,False,False
damped_wave,9,4,12,combined,0,0,False,0.0,0,False,False
damped_wave,9,4,13,combined,0,0,False,0.0,0,False,False
damped_wave,9,4,14,combined,0,0,False,0.0,0,False,False
damped_wave,9,4,15,combined,0,0,False,0.0,0,False,False
damped_wave,9,4,16,combined,0,0,False,0.0,0,False,False
damped_wave,9,4,17,combined,0,0,False,0.0,0,False,False
damped_wave,9,4,18,combined,0,0,False,0.0,0,False,False
damped_wave,9,4,19,combined,0,0,False,0.0,0,False,False
damped_wave,9,4,20,combined,0,0,False,0.0,0,False,False
damped_wave,9,4,21,combined,0,0,False,0.0,0,False,False
damped_wave,9,4,22,combined,0,0,False,0.0,0,False,False
damped_wave,9,4,23,combined,0,0,False,0.0,0,False,False
damped_wave,9,4,24,combined,0,0,False,0.0,0,False,False
damped_wave,9,4,25,combined,0,0,False,0.0,0,False,False
damped_wave,9,4,26,combined,0,0,False,0.0,0,False,False
damped_wave,9,4,27,combined,0,0,False,0.0,0,False,False
damped_wave,9,4,28,combined,0,0,False,0.0,0,False,False
damped_wave,9,4,29,combined,0,0,False,0.0,0,False,False
damped_wave,9,8,0,inference_only,0,0,False,0.0,0,False,False
damped_wave,9,8,1,inference_only,0,0,False,0.0,0,False,False
damped_wave,9,8,2,inference_only,0,0,False,0.0,0,False,False
damped_wave,9,8,3,inference_only,0,0,False,0.0,0,False,False
damped_wave,9,8,4,inference_only,0,0,False,0.0,0,False,False
damped_wave,9,8,5,inference_only,0,0,False,0.0,0,False,False
damped_wave,9,8,6,inference_only,0,0,False,0.0,0,False,False
damped_wave,9,8,7,inference_only,0,0,False,0.0,0,False,False
damped_wave,9,8,8,inference_only,0,0,False,0.0,0,False,False
damped_wave,9,8,9,inference_only,0,0,False,0.0,0,False,False
damped_wave,9,8,10,inference_only,0,0,False,0.0,0,False,False
damped_wave,9,8,11,inference_only,0,0,False,0.0,0,False,False
damped_wave,9,8,12,inference_only,0,0,False,0.0,0,False,False
damped_wave,9,8,13,inference_only,0,0,False,0.0,0,False,False
damped_wave,9,8,14,inference_only,0,0,False,0.0,0,False,False
damped_wave,9,8,15,inference_only,0,0,False,0.0,0,False,False
damped_wave,9,8,16,inference_only,0,0,False,0.0,0,False,False
damped_wave,9,8,17,inference_only,0,0,False,0.0,0,False,False
damped_wave,9,8,18,inference_only,0,0,False,0.0,0,False,False
damped_wave,9,8,19,inference_only,0,0,False,0.0,0,False,False
damped_wave,9,8,20,inference_only,0,0,False,0.0,0,False,False
damped_wave,9,8,21,inference_only,0,0,False,0.0,0,False,False
damped_wave,9,8,22,inference_only,0,0,False,0.0,0,False,False
damped_wave,9,8,23,inference_only,0,0,False,0.0,0,False,False
damped_wave,9,8,24,inference_only,0,0,False,0.0,0,False,False
damped_wave,9,8,25,inference_only,0,0,False,0.0,0,False,False
damped_wave,9,8,26,inference_only,0,0,False,0.0,0,False,False
damped_wave,9,8,27,inference_only,0,0,False,0.0,0,False,False
damped_wave,9,8,28,inference_only,0,0,False,0.0,0,False,False
damped_wave,9,8,29,inference_only,0,0,False,0.0,0,False,False
damped_wave,9,8,0,response_only,0,2,False,0.07999999999999999,0,False,True
damped_wave,9,8,1,response_only,0,2,False,0.08000000000000002,0,False,True
damped_wave,9,8,2,response_only,0,2,False,0.08,0,False,True
damped_wave,9,8,3,response_only,0,2,False,0.08,0,False,True
damped_wave,9,8,4,response_only,0,2,False,0.08,0,False,True
damped_wave,9,8,5,response_only,0,2,False,0.08,0,False,True
damped_wave,9,8,6,response_only,0,2,False,0.08,0,False,True
damped_wave,9,8,7,response_only,0,2,False,0.08,0,False,True
damped_wave,9,8,8,response_only,0,2,False,0.08,0,False,True
damped_wave,9,8,9,response_only,0,2,False,0.08000000000000003,0,False,True
damped_wave,9,8,10,response_only,0,2,False,0.07999999999999999,0,False,True
damped_wave,9,8,11,response_only,0,2,False,0.07999999999999999,0,False,True
damped_wave,9,8,12,response_only,0,2,False,0.08,0,False,True
damped_wave,9,8,13,response_only,0,2,False,0.07999999999999999,0,False,True
damped_wave,9,8,14,response_only,0,2,False,0.08,0,False,True
damped_wave,9,8,15,response_only,0,2,False,0.08,0,False,True
damped_wave,9,8,16,response_only,0,2,False,0.08,0,False,True
damped_wave,9,8,17,response_only,0,2,False,0.08,0,False,True
damped_wave,9,8,18,response_only,0,2,False,0.08,0,False,True
damped_wave,9,8,19,response_only,0,2,False,0.08,0,False,True
damped_wave,9,8,20,response_only,0,2,False,0.08000000000000002,0,False,True
damped_wave,9,8,21,response_only,0,2,False,0.07999999999999997,0,False,True
damped_wave,9,8,22,response_only,0,2,False,0.08000000000000002,0,False,True
damped_wave,9,8,23,response_only,0,2,False,0.07999999999999999,0,False,True
damped_wave,9,8,24,response_only,0,2,False,0.08000000000000002,0,False,True
damped_wave,9,8,25,response_only,0,2,False,0.08,0,False,True
damped_wave,9,8,26,response_only,0,2,False,0.08,0,False,True
damped_wave,9,8,27,response_only,0,2,False,0.08,0,False,True
damped_wave,9,8,28,response_only,0,2,False,0.08000000000000003,0,False,True
damped_wave,9,8,29,response_only,0,2,False,0.08,0,False,True
damped_wave,9,8,0,combined,0,2,False,0.07999999999999999,0,False,True
damped_wave,9,8,1,combined,0,2,False,0.08000000000000002,0,False,True
damped_wave,9,8,2,combined,0,2,False,0.08,0,False,True
damped_wave,9,8,3,combined,0,2,False,0.08,0,False,True
damped_wave,9,8,4,combined,0,2,False,0.08,0,False,True
damped_wave,9,8,5,combined,0,2,False,0.08,0,False,True
damped_wave,9,8,6,combined,0,2,False,0.08,0,False,True
damped_wave,9,8,7,combined,0,2,False,0.08,0,False,True
damped_wave,9,8,8,combined,0,2,False,0.08,0,False,True
damped_wave,9,8,9,combined,0,2,False,0.08000000000000003,0,False,True
damped_wave,9,8,10,combined,0,2,False,0.07999999999999999,0,False,True
damped_wave,9,8,11,combined,0,2,False,0.07999999999999999,0,False,True
damped_wave,9,8,12,combined,0,2,False,0.08,0,False,True
damped_wave,9,8,13,combined,0,2,False,0.07999999999999999,0,False,True
damped_wave,9,8,14,combined,0,2,False,0.08,0,False,True
damped_wave,9,8,15,combined,0,2,False,0.08,0,False,True
damped_wave,9,8,16,combined,0,2,False,0.08,0,False,True
damped_wave,9,8,17,combined,0,2,False,0.08,0,False,True
damped_wave,9,8,18,combined,0,2,False,0.08,0,False,True
damped_wave,9,8,19,combined,0,2,False,0.08,0,False,True
damped_wave,9,8,20,combined,0,2,False,0.08000000000000002,0,False,True
damped_wave,9,8,21,combined,0,2,False,0.07999999999999997,0,False,True
damped_wave,9,8,22,combined,0,2,False,0.08000000000000002,0,False,True
damped_wave,9,8,23,combined,0,2,False,0.07999999999999999,0,False,True
damped_wave,9,8,24,combined,0,2,False,0.08000000000000002,0,False,True
damped_wave,9,8,25,combined,0,2,False,0.08,0,False,True
damped_wave,9,8,26,combined,0,2,False,0.08,0,False,True
damped_wave,9,8,27,combined,0,2,False,0.08,0,False,True
damped_wave,9,8,28,combined,0,2,False,0.08000000000000003,0,False,True
damped_wave,9,8,29,combined,0,2,False,0.08,0,False,True
damped_wave,9,16,0,inference_only,0,0,False,0.0,0,False,False
damped_wave,9,16,1,inference_only,0,0,False,0.0,0,False,False
damped_wave,9,16,2,inference_only,0,0,False,0.0,0,False,False
damped_wave,9,16,3,inference_only,0,0,False,0.0,0,False,False
damped_wave,9,16,4,inference_only,0,0,False,0.0,0,False,False
damped_wave,9,16,5,inference_only,0,0,False,0.0,0,False,False
damped_wave,9,16,6,inference_only,0,0,False,0.0,0,False,False
damped_wave,9,16,7,inference_only,0,0,False,0.0,0,False,False
damped_wave,9,16,8,inference_only,0,0,False,0.0,0,False,False
damped_wave,9,16,9,inference_only,0,0,False,0.0,0,False,False
damped_wave,9,16,10,inference_only,0,0,False,0.0,0,False,False
damped_wave,9,16,11,inference_only,0,0,False,0.0,0,False,False
damped_wave,9,16,12,inference_only,0,0,False,0.0,0,False,False
damped_wave,9,16,13,inference_only,0,0,False,0.0,0,False,False
damped_wave,9,16,14,inference_only,0,0,False,0.0,0,False,False
damped_wave,9,16,15,inference_only,0,0,False,0.0,0,False,False
damped_wave,9,16,16,inference_only,0,0,False,0.0,0,False,False
damped_wave,9,16,17,inference_only,0,0,False,0.0,0,False,False
damped_wave,9,16,18,inference_only,0,0,False,0.0,0,False,False
damped_wave,9,16,19,inference_only,0,0,False,0.0,0,False,False
damped_wave,9,16,20,inference_only,0,0,False,0.0,0,False,False
damped_wave,9,16,21,inference_only,0,0,False,0.0,0,False,False
damped_wave,9,16,22,inference_only,0,0,False,0.0,0,False,False
damped_wave,9,16,23,inference_only,0,0,False,0.0,0,False,False
damped_wave,9,16,24,inference_only,0,0,False,0.0,0,False,False
damped_wave,9,16,25,inference_only,0,0,False,0.0,0,False,False
damped_wave,9,16,26,inference_only,0,0,False,0.0,0,False,False
damped_wave,9,16,27,inference_only,0,0,False,0.0,0,False,False
damped_wave,9,16,28,inference_only,0,0,False,0.0,0,False,False
damped_wave,9,16,29,inference_only,0,0,False,0.0,0,False,False
damped_wave,9,16,0,response_only,0,0,False,0.0,0,False,False
damped_wave,9,16,1,response_only,0,0,False,0.0,0,False,False
damped_wave,9,16,2,response_only,0,0,False,0.0,0,False,False
damped_wave,9,16,3,response_only,0,0,False,0.0,0,False,False
damped_wave,9,16,4,response_only,0,0,False,0.0,0,False,False
damped_wave,9,16,5,response_only,0,0,False,0.0,0,False,False
damped_wave,9,16,6,response_only,0,0,False,0.0,0,False,False
damped_wave,9,16,7,response_only,0,0,False,0.0,0,False,False
damped_wave,9,16,8,response_only,0,0,False,0.0,0,False,False
damped_wave,9,16,9,response_only,0,0,False,0.0,0,False,False
damped_wave,9,16,10,response_only,0,0,False,0.0,0,False,False
damped_wave,9,16,11,response_only,0,0,False,0.0,0,False,False
damped_wave,9,16,12,response_only,0,0,False,0.0,0,False,False
damped_wave,9,16,13,response_only,0,0,False,0.0,0,False,False
damped_wave,9,16,14,response_only,0,0,False,0.0,0,False,False
damped_wave,9,16,15,response_only,0,0,False,0.0,0,False,False
damped_wave,9,16,16,response_only,0,0,False,0.0,0,False,False
damped_wave,9,16,17,response_only,0,0,False,0.0,0,False,False
damped_wave,9,16,18,response_only,0,0,False,0.0,0,False,False
damped_wave,9,16,19,response_only,0,0,False,0.0,0,False,False
damped_wave,9,16,20,response_only,0,0,False,0.0,0,False,False
damped_wave,9,16,21,response_only,0,0,False,0.0,0,False,False
damped_wave,9,16,22,response_only,0,0,False,0.0,0,False,False
damped_wave,9,16,23,response_only,0,0,False,0.0,0,False,False
damped_wave,9,16,24,response_only,0,0,False,0.0,0,False,False
damped_wave,9,16,25,response_only,0,0,False,0.0,0,False,False
damped_wave,9,16,26,response_only,0,0,False,0.0,0,False,False
damped_wave,9,16,27,response_only,0,0,False,0.0,0,False,False
damped_wave,9,16,28,response_only,0,0,False,0.0,0,False,False
damped_wave,9,16,29,response_only,0,0,False,0.0,0,False,False
damped_wave,9,16,0,combined,0,0,False,0.0,0,False,False
damped_wave,9,16,1,combined,0,0,False,0.0,0,False,False
damped_wave,9,16,2,combined,0,0,False,0.0,0,False,False
damped_wave,9,16,3,combined,0,0,False,0.0,0,False,False
damped_wave,9,16,4,combined,0,0,False,0.0,0,False,False
damped_wave,9,16,5,combined,0,0,False,0.0,0,False,False
damped_wave,9,16,6,combined,0,0,False,0.0,0,False,False
damped_wave,9,16,7,combined,0,0,False,0.0,0,False,False
damped_wave,9,16,8,combined,0,0,False,0.0,0,False,False
damped_wave,9,16,9,combined,0,0,False,0.0,0,False,False
damped_wave,9,16,10,combined,0,0,False,0.0,0,False,False
damped_wave,9,16,11,combined,0,0,False,0.0,0,False,False
damped_wave,9,16,12,combined,0,0,False,0.0,0,False,False
damped_wave,9,16,13,combined,0,0,False,0.0,0,False,False
damped_wave,9,16,14,combined,0,0,False,0.0,0,False,False
damped_wave,9,16,15,combined,0,0,False,0.0,0,False,False
damped_wave,9,16,16,combined,0,0,False,0.0,0,False,False
damped_wave,9,16,17,combined,0,0,False,0.0,0,False,False
damped_wave,9,16,18,combined,0,0,False,0.0,0,False,False
damped_wave,9,16,19,combined,0,0,False,0.0,0,False,False
damped_wave,9,16,20,combined,0,0,False,0.0,0,False,False
damped_wave,9,16,21,combined,0,0,False,0.0,0,False,False
damped_wave,9,16,22,combined,0,0,False,0.0,0,False,False
damped_wave,9,16,23,combined,0,0,False,0.0,0,False,False
damped_wave,9,16,24,combined,0,0,False,0.0,0,False,False
damped_wave,9,16,25,combined,0,0,False,0.0,0,False,False
damped_wave,9,16,26,combined,0,0,False,0.0,0,False,False
damped_wave,9,16,27,combined,0,0,False,0.0,0,False,False
damped_wave,9,16,28,combined,0,0,False,0.0,0,False,False
damped_wave,9,16,29,combined,0,0,False,0.0,0,False,False
damped_wave,9,32,0,inference_only,0,0,False,0.0,0,False,False
damped_wave,9,32,1,inference_only,0,0,False,0.0,0,False,False
damped_wave,9,32,2,inference_only,0,0,False,0.0,0,False,False
damped_wave,9,32,3,inference_only,0,0,False,0.0,0,False,False
damped_wave,9,32,4,inference_only,0,0,False,0.0,0,False,False
damped_wave,9,32,5,inference_only,0,0,False,0.0,0,False,False
damped_wave,9,32,6,inference_only,0,0,False,0.0,0,False,False
damped_wave,9,32,7,inference_only,0,0,False,0.0,0,False,False
damped_wave,9,32,8,inference_only,0,0,False,0.0,0,False,False
damped_wave,9,32,9,inference_only,0,0,False,0.0,0,False,False
damped_wave,9,32,10,inference_only,0,0,False,0.0,0,False,False
damped_wave,9,32,11,inference_only,0,0,False,0.0,0,False,False
damped_wave,9,32,12,inference_only,0,0,False,0.0,0,False,False
damped_wave,9,32,13,inference_only,0,0,False,0.0,0,False,False
damped_wave,9,32,14,inference_only,0,0,False,0.0,0,False,False
damped_wave,9,32,15,inference_only,0,0,False,0.0,0,False,False
damped_wave,9,32,16,inference_only,0,0,False,0.0,0,False,False
damped_wave,9,32,17,inference_only,0,0,False,0.0,0,False,False
damped_wave,9,32,18,inference_only,0,0,False,0.0,0,False,False
damped_wave,9,32,19,inference_only,0,0,False,0.0,0,False,False
damped_wave,9,32,20,inference_only,0,0,False,0.0,0,False,False
damped_wave,9,32,21,inference_only,0,0,False,0.0,0,False,False
damped_wave,9,32,22,inference_only,0,0,False,0.0,0,False,False
damped_wave,9,32,23,inference_only,0,0,False,0.0,0,False,False
damped_wave,9,32,24,inference_only,0,0,False,0.0,0,False,False
damped_wave,9,32,25,inference_only,0,0,False,0.0,0,False,False
damped_wave,9,32,26,inference_only,0,0,False,0.0,0,False,False
damped_wave,9,32,27,inference_only,0,0,False,0.0,0,False,False
damped_wave,9,32,28,inference_only,0,0,False,0.0,0,False,False
damped_wave,9,32,29,inference_only,0,0,False,0.0,0,False,False
damped_wave,9,32,0,response_only,0,0,False,0.0,0,False,False
damped_wave,9,32,1,response_only,0,0,False,0.0,0,False,False
damped_wave,9,32,2,response_only,0,0,False,0.0,0,False,False
damped_wave,9,32,3,response_only,0,0,False,0.0,0,False,False
damped_wave,9,32,4,response_only,0,0,False,0.0,0,False,False
damped_wave,9,32,5,response_only,0,0,False,0.0,0,False,False
damped_wave,9,32,6,response_only,0,0,False,0.0,0,False,False
damped_wave,9,32,7,response_only,0,0,False,0.0,0,False,False
damped_wave,9,32,8,response_only,0,0,False,0.0,0,False,False
damped_wave,9,32,9,response_only,0,0,False,0.0,0,False,False
damped_wave,9,32,10,response_only,0,0,False,0.0,0,False,False
damped_wave,9,32,11,response_only,0,0,False,0.0,0,False,False
damped_wave,9,32,12,response_only,0,0,False,0.0,0,False,False
damped_wave,9,32,13,response_only,0,0,False,0.0,0,False,False
damped_wave,9,32,14,response_only,0,0,False,0.0,0,False,False
damped_wave,9,32,15,response_only,0,0,False,0.0,0,False,False
damped_wave,9,32,16,response_only,0,0,False,0.0,0,False,False
damped_wave,9,32,17,response_only,0,0,False,0.0,0,False,False
damped_wave,9,32,18,response_only,0,0,False,0.0,0,False,False
damped_wave,9,32,19,response_only,0,0,False,0.0,0,False,False
damped_wave,9,32,20,response_only,0,0,False,0.0,0,False,False
damped_wave,9,32,21,response_only,0,0,False,0.0,0,False,False
damped_wave,9,32,22,response_only,0,0,False,0.0,0,False,False
damped_wave,9,32,23,response_only,0,0,False,0.0,0,False,False
damped_wave,9,32,24,response_only,0,0,False,0.0,0,False,False
damped_wave,9,32,25,response_only,0,0,False,0.0,0,False,False
damped_wave,9,32,26,response_only,0,0,False,0.0,0,False,False
damped_wave,9,32,27,response_only,0,0,False,0.0,0,False,False
damped_wave,9,32,28,response_only,0,0,False,0.0,0,False,False
damped_wave,9,32,29,response_only,0,0,False,0.0,0,False,False
damped_wave,9,32,0,combined,0,0,False,0.0,0,False,False
damped_wave,9,32,1,combined,0,0,False,0.0,0,False,False
damped_wave,9,32,2,combined,0,0,False,0.0,0,False,False
damped_wave,9,32,3,combined,0,0,False,0.0,0,False,False
damped_wave,9,32,4,combined,0,0,False,0.0,0,False,False
damped_wave,9,32,5,combined,0,0,False,0.0,0,False,False
damped_wave,9,32,6,combined,0,0,False,0.0,0,False,False
damped_wave,9,32,7,combined,0,0,False,0.0,0,False,False
damped_wave,9,32,8,combined,0,0,False,0.0,0,False,False
damped_wave,9,32,9,combined,0,0,False,0.0,0,False,False
damped_wave,9,32,10,combined,0,0,False,0.0,0,False,False
damped_wave,9,32,11,combined,0,0,False,0.0,0,False,False
damped_wave,9,32,12,combined,0,0,False,0.0,0,False,False
damped_wave,9,32,13,combined,0,0,False,0.0,0,False,False
damped_wave,9,32,14,combined,0,0,False,0.0,0,False,False
damped_wave,9,32,15,combined,0,0,False,0.0,0,False,False
damped_wave,9,32,16,combined,0,0,False,0.0,0,False,False
damped_wave,9,32,17,combined,0,0,False,0.0,0,False,False
damped_wave,9,32,18,combined,0,0,False,0.0,0,False,False
damped_wave,9,32,19,combined,0,0,False,0.0,0,False,False
damped_wave,9,32,20,combined,0,0,False,0.0,0,False,False
damped_wave,9,32,21,combined,0,0,False,0.0,0,False,False
damped_wave,9,32,22,combined,0,0,False,0.0,0,False,False
damped_wave,9,32,23,combined,0,0,False,0.0,0,False,False
damped_wave,9,32,24,combined,0,0,False,0.0,0,False,False
damped_wave,9,32,25,combined,0,0,False,0.0,0,False,False
damped_wave,9,32,26,combined,0,0,False,0.0,0,False,False
damped_wave,9,32,27,combined,0,0,False,0.0,0,False,False
damped_wave,9,32,28,combined,0,0,False,0.0,0,False,False
damped_wave,9,32,29,combined,0,0,False,0.0,0,False,False
damped_wave,9,64,0,inference_only,0,0,False,0.0,0,False,False
damped_wave,9,64,1,inference_only,0,0,False,0.0,0,False,False
damped_wave,9,64,2,inference_only,0,0,False,0.0,0,False,False
damped_wave,9,64,3,inference_only,0,0,False,0.0,0,False,False
damped_wave,9,64,4,inference_only,0,0,False,0.0,0,False,False
damped_wave,9,64,5,inference_only,0,0,False,0.0,0,False,False
damped_wave,9,64,6,inference_only,0,0,False,0.0,0,False,False
damped_wave,9,64,7,inference_only,0,0,False,0.0,0,False,False
damped_wave,9,64,8,inference_only,0,0,False,0.0,0,False,False
damped_wave,9,64,9,inference_only,0,0,False,0.0,0,False,False
damped_wave,9,64,10,inference_only,0,0,False,0.0,0,False,False
damped_wave,9,64,11,inference_only,0,0,False,0.0,0,False,False
damped_wave,9,64,12,inference_only,0,0,False,0.0,0,False,False
damped_wave,9,64,13,inference_only,0,0,False,0.0,0,False,False
damped_wave,9,64,14,inference_only,0,0,False,0.0,0,False,False
damped_wave,9,64,15,inference_only,0,0,False,0.0,0,False,False
damped_wave,9,64,16,inference_only,0,0,False,0.0,0,False,False
damped_wave,9,64,17,inference_only,0,0,False,0.0,0,False,False
damped_wave,9,64,18,inference_only,0,0,False,0.0,0,False,False
damped_wave,9,64,19,inference_only,0,0,False,0.0,0,False,False
damped_wave,9,64,20,inference_only,0,0,False,0.0,0,False,False
damped_wave,9,64,21,inference_only,0,0,False,0.0,0,False,False
damped_wave,9,64,22,inference_only,0,0,False,0.0,0,False,False
damped_wave,9,64,23,inference_only,0,0,False,0.0,0,False,False
damped_wave,9,64,24,inference_only,0,0,False,0.0,0,False,False
damped_wave,9,64,25,inference_only,0,0,False,0.0,0,False,False
damped_wave,9,64,26,inference_only,0,0,False,0.0,0,False,False
damped_wave,9,64,27,inference_only,0,0,False,0.0,0,False,False
damped_wave,9,64,28,inference_only,0,0,False,0.0,0,False,False
damped_wave,9,64,29,inference_only,0,0,False,0.0,0,False,False
damped_wave,9,64,0,response_only,0,0,False,0.0,0,False,False
damped_wave,9,64,1,response_only,0,0,False,0.0,0,False,False
damped_wave,9,64,2,response_only,0,0,False,0.0,0,False,False
damped_wave,9,64,3,response_only,0,0,False,0.0,0,False,False
damped_wave,9,64,4,response_only,0,0,False,0.0,0,False,False
damped_wave,9,64,5,response_only,0,0,False,0.0,0,False,False
damped_wave,9,64,6,response_only,0,0,False,0.0,0,False,False
damped_wave,9,64,7,response_only,0,0,False,0.0,0,False,False
damped_wave,9,64,8,response_only,0,0,False,0.0,0,False,False
damped_wave,9,64,9,response_only,0,0,False,0.0,0,False,False
damped_wave,9,64,10,response_only,0,0,False,0.0,0,False,False
damped_wave,9,64,11,response_only,0,0,False,0.0,0,False,False
damped_wave,9,64,12,response_only,0,0,False,0.0,0,False,False
damped_wave,9,64,13,response_only,0,0,False,0.0,0,False,False
damped_wave,9,64,14,response_only,0,0,False,0.0,0,False,False
damped_wave,9,64,15,response_only,0,0,False,0.0,0,False,False
damped_wave,9,64,16,response_only,0,0,False,0.0,0,False,False
damped_wave,9,64,17,response_only,0,0,False,0.0,0,False,False
damped_wave,9,64,18,response_only,0,0,False,0.0,0,False,False
damped_wave,9,64,19,response_only,0,0,False,0.0,0,False,False
damped_wave,9,64,20,response_only,0,0,False,0.0,0,False,False
damped_wave,9,64,21,response_only,0,0,False,0.0,0,False,False
damped_wave,9,64,22,response_only,0,0,False,0.0,0,False,False
damped_wave,9,64,23,response_only,0,0,False,0.0,0,False,False
damped_wave,9,64,24,response_only,0,0,False,0.0,0,False,False
damped_wave,9,64,25,response_only,0,0,False,0.0,0,False,False
damped_wave,9,64,26,response_only,0,0,False,0.0,0,False,False
damped_wave,9,64,27,response_only,0,0,False,0.0,0,False,False
damped_wave,9,64,28,response_only,0,0,False,0.0,0,False,False
damped_wave,9,64,29,response_only,0,0,False,0.0,0,False,False
damped_wave,9,64,0,combined,0,0,False,0.0,0,False,False
damped_wave,9,64,1,combined,0,0,False,0.0,0,False,False
damped_wave,9,64,2,combined,0,0,False,0.0,0,False,False
damped_wave,9,64,3,combined,0,0,False,0.0,0,False,False
damped_wave,9,64,4,combined,0,0,False,0.0,0,False,False
damped_wave,9,64,5,combined,0,0,False,0.0,0,False,False
damped_wave,9,64,6,combined,0,0,False,0.0,0,False,False
damped_wave,9,64,7,combined,0,0,False,0.0,0,False,False
damped_wave,9,64,8,combined,0,0,False,0.0,0,False,False
damped_wave,9,64,9,combined,0,0,False,0.0,0,False,False
damped_wave,9,64,10,combined,0,0,False,0.0,0,False,False
damped_wave,9,64,11,combined,0,0,False,0.0,0,False,False
damped_wave,9,64,12,combined,0,0,False,0.0,0,False,False
damped_wave,9,64,13,combined,0,0,False,0.0,0,False,False
damped_wave,9,64,14,combined,0,0,False,0.0,0,False,False
damped_wave,9,64,15,combined,0,0,False,0.0,0,False,False
damped_wave,9,64,16,combined,0,0,False,0.0,0,False,False
damped_wave,9,64,17,combined,0,0,False,0.0,0,False,False
damped_wave,9,64,18,combined,0,0,False,0.0,0,False,False
damped_wave,9,64,19,combined,0,0,False,0.0,0,False,False
damped_wave,9,64,20,combined,0,0,False,0.0,0,False,False
damped_wave,9,64,21,combined,0,0,False,0.0,0,False,False
damped_wave,9,64,22,combined,0,0,False,0.0,0,False,False
damped_wave,9,64,23,combined,0,0,False,0.0,0,False,False
damped_wave,9,64,24,combined,0,0,False,0.0,0,False,False
damped_wave,9,64,25,combined,0,0,False,0.0,0,False,False
damped_wave,9,64,26,combined,0,0,False,0.0,0,False,False
damped_wave,9,64,27,combined,0,0,False,0.0,0,False,False
damped_wave,9,64,28,combined,0,0,False,0.0,0,False,False
damped_wave,9,64,29,combined,0,0,False,0.0,0,False,False
