pde,case,pod_modes,noise_draw,posterior_total_variation,grid_action,representation_action,true_hazard
burgers,0,2,0,0.43262570653310584,True,True,True
burgers,0,2,1,0.33650899624250613,True,True,True
burgers,0,2,2,0.34168106974473,True,True,True
burgers,0,2,3,0.7091290220150558,True,True,True
burgers,0,2,4,0.4382302573660107,True,True,True
burgers,0,2,5,0.36392064451760836,True,True,True
burgers,0,2,6,0.6102206060200345,True,True,True
burgers,0,2,7,0.23384804893871494,True,True,True
burgers,0,2,8,0.35972255677701553,True,True,True
burgers,0,2,9,0.22968678908622703,True,True,True
burgers,0,2,10,0.36231313433515644,True,True,True
burgers,0,2,11,0.3136072933024294,True,True,True
burgers,0,2,12,0.6336030106092198,True,True,True
burgers,0,2,13,0.31553271297828894,True,True,True
burgers,0,2,14,0.5810381919206368,True,True,True
burgers,0,2,15,0.7997151774243684,True,True,True
burgers,0,2,16,0.5862347671130872,True,True,True
burgers,0,2,17,0.5286381279147112,True,True,True
burgers,0,2,18,0.2626157698662347,True,True,True
burgers,0,2,19,0.5970688284903795,True,True,True
burgers,0,2,20,0.37466592635115953,True,True,True
burgers,0,2,21,0.4197552523548541,True,True,True
burgers,0,2,22,0.6316732782624785,True,True,True
burgers,0,2,23,0.495156498494956,True,True,True
burgers,0,2,24,0.5827049612293987,True,True,True
burgers,0,2,25,0.3185911499519566,True,True,True
burgers,0,2,26,0.37206539817587214,True,True,True
burgers,0,2,27,0.35645417640286614,True,True,True
burgers,0,2,28,0.30061910876353065,True,True,True
burgers,0,2,29,0.6349413896299331,True,True,True
burgers,0,4,0,0.5356776628894542,True,True,True
burgers,0,4,1,0.20113263940739487,True,True,True
burgers,0,4,2,0.3455333486294513,True,True,True
burgers,0,4,3,0.4686424044560203,True,True,True
burgers,0,4,4,0.4582714305828525,True,True,True
burgers,0,4,5,0.2710704500570222,True,True,True
burgers,0,4,6,0.6245651612243621,True,True,True
burgers,0,4,7,0.1275730114716359,True,True,True
burgers,0,4,8,0.12790670072821894,True,True,True
burgers,0,4,9,0.19047167088555642,True,True,True
burgers,0,4,10,0.7163974285996835,True,True,True
burgers,0,4,11,0.12635051609458844,True,True,True
burgers,0,4,12,0.3609477023906912,True,True,True
burgers,0,4,13,0.2331311341028297,True,True,True
burgers,0,4,14,0.6271805467043985,True,True,True
burgers,0,4,15,0.40882738306739397,True,True,True
burgers,0,4,16,0.3305371067789141,True,True,True
burgers,0,4,17,0.3846256441429454,True,True,True
burgers,0,4,18,0.2302806495590659,True,True,True
burgers,0,4,19,0.21333088257522703,True,True,True
burgers,0,4,20,0.34769717801318883,True,True,True
burgers,0,4,21,0.24424249522781696,True,True,True
burgers,0,4,22,0.7617585721418824,True,True,True
burgers,0,4,23,0.3156259888334458,True,True,True
burgers,0,4,24,0.6389597851447033,True,True,True
burgers,0,4,25,0.31544856156344453,True,True,True
burgers,0,4,26,0.3965116385400469,True,True,True
burgers,0,4,27,0.20708686415062866,True,True,True
burgers,0,4,28,0.4661786435569914,True,True,True
burgers,0,4,29,0.629683845723002,True,True,True
burgers,0,8,0,0.0744920734685538,True,True,True
burgers,0,8,1,0.035361718887694314,True,True,True
burgers,0,8,2,0.07548386052385128,True,True,True
burgers,0,8,3,0.0743722724175573,True,True,True
burgers,0,8,4,0.08241086270709774,True,True,True
burgers,0,8,5,0.1014742192023921,True,True,True
burgers,0,8,6,0.1692604011855321,True,True,True
burgers,0,8,7,0.054165461699904,True,True,True
burgers,0,8,8,0.13985110192070313,True,True,True
burgers,0,8,9,0.016403545772579898,True,True,True
burgers,0,8,10,0.11887887183158907,True,True,True
burgers,0,8,11,0.13045526978342123,True,True,True
burgers,0,8,12,0.05869557780222447,True,True,True
burgers,0,8,13,0.02147269139316534,True,True,True
burgers,0,8,14,0.017981883289164457,True,True,True
burgers,0,8,15,0.006897749137113508,True,True,True
burgers,0,8,16,0.09050191912116219,True,True,True
burgers,0,8,17,0.0974188498343762,True,True,True
burgers,0,8,18,0.14306888832131387,True,True,True
burgers,0,8,19,0.0756512513631235,True,True,True
burgers,0,8,20,0.04651428891386039,True,True,True
burgers,0,8,21,0.1039419471819337,True,True,True
burgers,0,8,22,0.08438103347033744,True,True,True
burgers,0,8,23,0.05899232128560597,True,True,True
burgers,0,8,24,0.1642129521855155,True,True,True
burgers,0,8,25,0.05199770052667906,True,True,True
burgers,0,8,26,0.0947543642674352,True,True,True
burgers,0,8,27,0.02098858799536161,True,True,True
burgers,0,8,28,0.03045361890228761,True,True,True
burgers,0,8,29,0.020761639306953104,True,True,True
burgers,0,16,0,0.05054106383524014,True,True,True
burgers,0,16,1,0.026782411899225485,True,True,True
burgers,0,16,2,0.07866150542046119,True,True,True
burgers,0,16,3,0.031650586685309234,True,True,True
burgers,0,16,4,0.014970904721091114,True,True,True
burgers,0,16,5,0.01323299874360093,True,True,True
burgers,0,16,6,0.01006802029367072,True,True,True
burgers,0,16,7,0.01143996804229202,True,True,True
burgers,0,16,8,0.06823260215977832,True,True,True
burgers,0,16,9,0.0040586392086097494,True,True,True
burgers,0,16,10,0.04554273739713671,True,True,True
burgers,0,16,11,0.028872664535146066,True,True,True
burgers,0,16,12,0.014543789501493834,True,True,True
burgers,0,16,13,0.1632635289990882,True,True,True
burgers,0,16,14,0.021216607455086415,True,True,True
burgers,0,16,15,0.0019122643284885136,True,True,True
burgers,0,16,16,0.028071348710347513,True,True,True
burgers,0,16,17,0.06202209503444775,True,True,True
burgers,0,16,18,0.012464693449875055,True,True,True
burgers,0,16,19,0.06315048169214267,True,True,True
burgers,0,16,20,0.0443783602175635,True,True,True
burgers,0,16,21,0.054831826653255145,True,True,True
burgers,0,16,22,0.02441108000862147,True,True,True
burgers,0,16,23,0.05908327112070786,True,True,True
burgers,0,16,24,0.10764438899497239,True,True,True
burgers,0,16,25,0.03769969667000514,True,True,True
burgers,0,16,26,0.006673046393423998,True,True,True
burgers,0,16,27,0.08683640104968993,True,True,True
burgers,0,16,28,0.09357051058185208,True,True,True
burgers,0,16,29,0.03626777659017578,True,True,True
burgers,0,32,0,0.004043037078208298,True,True,True
burgers,0,32,1,0.0023984796678754553,True,True,True
burgers,0,32,2,0.00680964932791342,True,True,True
burgers,0,32,3,0.002000702941504984,True,True,True
burgers,0,32,4,0.010037849883197333,True,True,True
burgers,0,32,5,0.00022158785086214282,True,True,True
burgers,0,32,6,0.00012973542672494584,True,True,True
burgers,0,32,7,0.0009927786638358747,True,True,True
burgers,0,32,8,0.006918352690975407,True,True,True
burgers,0,32,9,0.0009325110371235833,True,True,True
burgers,0,32,10,0.007440687614727581,True,True,True
burgers,0,32,11,0.004264912210993556,True,True,True
burgers,0,32,12,4.581840975802702e-05,True,True,True
burgers,0,32,13,0.005812208757527948,True,True,True
burgers,0,32,14,0.0033140467470077406,True,True,True
burgers,0,32,15,0.001549807143963237,True,True,True
burgers,0,32,16,0.00312755684869029,True,True,True
burgers,0,32,17,0.0006779309217656266,True,True,True
burgers,0,32,18,0.006221592949887415,True,True,True
burgers,0,32,19,0.0006881416084231821,True,True,True
burgers,0,32,20,0.0011607360034186969,True,True,True
burgers,0,32,21,0.013750670041478862,True,True,True
burgers,0,32,22,0.00297680503035183,True,True,True
burgers,0,32,23,0.00818255754441411,True,True,True
burgers,0,32,24,0.003643822511964826,True,True,True
burgers,0,32,25,0.003899641289612425,True,True,True
burgers,0,32,26,0.0036265214237976404,True,True,True
burgers,0,32,27,0.009659797982863786,True,True,True
burgers,0,32,28,5.565866134587569e-05,True,True,True
burgers,0,32,29,0.014631842913526054,True,True,True
burgers,0,64,0,2.663131217287007e-14,True,True,True
burgers,0,64,1,1.1561102933888294e-14,True,True,True
burgers,0,64,2,1.4204119109205438e-14,True,True,True
burgers,0,64,3,9.539785492112622e-15,True,True,True
burgers,0,64,4,2.5012544119240587e-14,True,True,True
burgers,0,64,5,1.4637217219531928e-14,True,True,True
burgers,0,64,6,6.3284478070282254e-15,True,True,True
burgers,0,64,7,2.9349668540713694e-14,True,True,True
burgers,0,64,8,2.0496987757196667e-14,True,True,True
burgers,0,64,9,1.0388027488736441e-14,True,True,True
burgers,0,64,10,1.8745855562274372e-14,True,True,True
burgers,0,64,11,2.40470172704782e-14,True,True,True
burgers,0,64,12,5.033169023918801e-15,True,True,True
burgers,0,64,13,1.2654712889560715e-14,True,True,True
burgers,0,64,14,1.298245608899565e-14,True,True,True
burgers,0,64,15,6.633464776032614e-15,True,True,True
burgers,0,64,16,9.238077422781892e-15,True,True,True
burgers,0,64,17,2.8316699176929176e-15,True,True,True
burgers,0,64,18,1.8342706419380425e-14,True,True,True
burgers,0,64,19,2.876186600356007e-14,True,True,True
burgers,0,64,20,4.440338350711359e-15,True,True,True
burgers,0,64,21,1.1441041731087391e-14,True,True,True
burgers,0,64,22,1.8096327635180128e-14,True,True,True
burgers,0,64,23,8.03009314425476e-15,True,True,True
burgers,0,64,24,9.296865622422814e-15,True,True,True
burgers,0,64,25,7.939151723188043e-15,True,True,True
burgers,0,64,26,1.5108413177760023e-14,True,True,True
burgers,0,64,27,1.5848571742894512e-14,True,True,True
burgers,0,64,28,1.2073945093382939e-14,True,True,True
burgers,0,64,29,1.2596732233624072e-14,True,True,True
burgers,1,2,0,0.2879530018851264,True,True,True
burgers,1,2,1,0.5262318270474539,True,True,True
burgers,1,2,2,0.4912334463061569,True,True,True
burgers,1,2,3,0.288428720524292,True,True,True
burgers,1,2,4,0.4925907012809105,True,True,True
burgers,1,2,5,0.2653731156761613,True,True,True
burgers,1,2,6,0.27070840333707763,True,True,True
burgers,1,2,7,0.2774587592374637,True,True,True
burgers,1,2,8,0.5871098388082153,True,True,True
burgers,1,2,9,0.35153049533178543,True,True,True
burgers,1,2,10,0.24226985963315312,True,True,True
burgers,1,2,11,0.2809368406786117,True,True,True
burgers,1,2,12,0.30399210797934734,True,True,True
burgers,1,2,13,0.28952116613491885,True,True,True
burgers,1,2,14,0.30517040781707955,True,True,True
burgers,1,2,15,0.20058226563216625,True,True,True
burgers,1,2,16,0.49103367407562754,True,True,True
burgers,1,2,17,0.40794524992398185,True,True,True
burgers,1,2,18,0.3386150113686572,True,True,True
burgers,1,2,19,0.22339620941722285,True,True,True
burgers,1,2,20,0.33562622747882637,True,True,True
burgers,1,2,21,0.17505037606760704,True,True,True
burgers,1,2,22,0.35630005363972655,True,True,True
burgers,1,2,23,0.29324431712683496,True,True,True
burgers,1,2,24,0.28359882327618363,True,True,True
burgers,1,2,25,0.44648904919313154,True,True,True
burgers,1,2,26,0.2882055314159971,True,True,True
burgers,1,2,27,0.25602769772063727,True,True,True
burgers,1,2,28,0.42142150285697366,True,True,True
burgers,1,2,29,0.6370253368770832,True,True,True
burgers,1,4,0,0.24336041499473818,True,True,True
burgers,1,4,1,0.23669243391418246,True,True,True
burgers,1,4,2,0.5512101904075312,True,True,True
burgers,1,4,3,0.24231467195582226,True,True,True
burgers,1,4,4,0.40868391928341263,True,True,True
burgers,1,4,5,0.21939534855724943,True,True,True
burgers,1,4,6,0.2575388114069054,True,True,True
burgers,1,4,7,0.26681850023216014,True,True,True
burgers,1,4,8,0.6260924932972759,True,True,True
burgers,1,4,9,0.33669724351471275,True,True,True
burgers,1,4,10,0.31651549235859094,True,True,True
burgers,1,4,11,0.23798378079953814,True,True,True
burgers,1,4,12,0.12457960111114857,True,True,True
burgers,1,4,13,0.3583344825376837,True,True,True
burgers,1,4,14,0.2581084899092231,True,True,True
burgers,1,4,15,0.3826502753002867,True,True,True
burgers,1,4,16,0.6032255459484273,True,True,True
burgers,1,4,17,0.4381990153048392,True,True,True
burgers,1,4,18,0.182680818378462,True,True,True
burgers,1,4,19,0.14258256316141313,True,True,True
burgers,1,4,20,0.40961217851186527,True,True,True
burgers,1,4,21,0.22549461300293527,True,True,True
burgers,1,4,22,0.3689360441230898,True,True,True
burgers,1,4,23,0.29166819079713696,True,True,True
burgers,1,4,24,0.2407696067629457,True,True,True
burgers,1,4,25,0.10763818940791132,True,True,True
burgers,1,4,26,0.40229584260890044,True,True,True
burgers,1,4,27,0.5511464108536612,True,True,True
burgers,1,4,28,0.5202430521631929,True,True,True
burgers,1,4,29,0.6034122567310566,True,True,True
burgers,1,8,0,0.21878912852425508,True,True,True
burgers,1,8,1,0.07470122456743228,True,True,True
burgers,1,8,2,0.5884794933599165,True,True,True
burgers,1,8,3,0.35213886561733365,True,True,True
burgers,1,8,4,0.16524992951179768,True,True,True
burgers,1,8,5,0.20912913218598164,True,True,True
burgers,1,8,6,0.28852808254980683,True,True,True
burgers,1,8,7,0.37505591906919833,True,True,True
burgers,1,8,8,0.6181324247331684,True,True,True
burgers,1,8,9,0.43819764550539336,True,True,True
burgers,1,8,10,0.36039338981685104,True,True,True
burgers,1,8,11,0.22521684345059037,True,True,True
burgers,1,8,12,0.08803480704882388,True,True,True
burgers,1,8,13,0.35401680206874736,True,True,True
burgers,1,8,14,0.21901856017438429,True,True,True
burgers,1,8,15,0.4171447529583363,True,True,True
burgers,1,8,16,0.581058473876044,True,True,True
burgers,1,8,17,0.3734639534684903,True,True,True
burgers,1,8,18,0.18541649505807206,True,True,True
burgers,1,8,19,0.13725627850826905,True,True,True
burgers,1,8,20,0.3620908460883799,True,True,True
burgers,1,8,21,0.144118549464765,True,True,True
burgers,1,8,22,0.2251998742283358,True,True,True
burgers,1,8,23,0.3379720306192485,True,True,True
burgers,1,8,24,0.22086781654035886,True,True,True
burgers,1,8,25,0.1996453132371375,True,True,True
burgers,1,8,26,0.32593143682629944,True,True,True
burgers,1,8,27,0.5514306272792483,True,True,True
burgers,1,8,28,0.3441990124949161,True,True,True
burgers,1,8,29,0.5697681818037518,True,True,True
burgers,1,16,0,0.030970651529552046,True,True,True
burgers,1,16,1,0.01732067845193058,True,True,True
burgers,1,16,2,0.10718207661621248,True,True,True
burgers,1,16,3,0.011732030281916371,True,True,True
burgers,1,16,4,0.0070396772469701555,True,True,True
burgers,1,16,5,0.181557675827973,True,True,True
burgers,1,16,6,0.10177037919482729,True,True,True
burgers,1,16,7,0.03759792515021929,True,True,True
burgers,1,16,8,0.02931150399241091,True,True,True
burgers,1,16,9,0.10749388665549674,True,True,True
burgers,1,16,10,0.0659844999936114,True,True,True
burgers,1,16,11,0.0913411392553734,True,True,True
burgers,1,16,12,0.005069057010300948,True,True,True
burgers,1,16,13,0.0927403252047082,True,True,True
burgers,1,16,14,0.2069262830227618,True,True,True
burgers,1,16,15,0.04320831300551325,True,True,True
burgers,1,16,16,0.006492720600740699,True,True,True
burgers,1,16,17,0.004592447676929395,True,True,True
burgers,1,16,18,0.10905356896920929,True,True,True
burgers,1,16,19,0.024712715117614942,True,True,True
burgers,1,16,20,0.09516215564522,True,True,True
burgers,1,16,21,0.06491065094166745,True,True,True
burgers,1,16,22,0.024333612096349672,True,True,True
burgers,1,16,23,0.00932051868198499,True,True,True
burgers,1,16,24,0.012346616922617442,True,True,True
burgers,1,16,25,0.023206271560933772,True,True,True
burgers,1,16,26,0.07768552831443645,True,True,True
burgers,1,16,27,0.03427580330438007,True,True,True
burgers,1,16,28,0.08363245248852984,True,True,True
burgers,1,16,29,0.01081690056205874,True,True,True
burgers,1,32,0,0.0019507686819555912,True,True,True
burgers,1,32,1,0.004594357662006227,True,True,True
burgers,1,32,2,0.00831332032829149,True,True,True
burgers,1,32,3,0.012610740269248384,True,True,True
burgers,1,32,4,0.0017727096469826557,True,True,True
burgers,1,32,5,0.00042538044601892486,True,True,True
burgers,1,32,6,0.007690327112838626,True,True,True
burgers,1,32,7,0.003651516493213853,True,True,True
burgers,1,32,8,0.00023542332840782067,True,True,True
burgers,1,32,9,0.007941052415365931,True,True,True
burgers,1,32,10,0.002419527464964046,True,True,True
burgers,1,32,11,0.006767220395445897,True,True,True
burgers,1,32,12,0.001824360469837123,True,True,True
burgers,1,32,13,0.0036022847952720902,True,True,True
burgers,1,32,14,0.0003393491158620401,True,True,True
burgers,1,32,15,0.004171819836589923,True,True,True
burgers,1,32,16,0.004456871087121152,True,True,True
burgers,1,32,17,0.0006823887900917636,True,True,True
burgers,1,32,18,0.003122258575478112,True,True,True
burgers,1,32,19,0.011408102097320603,True,True,True
burgers,1,32,20,0.00784029154571423,True,True,True
burgers,1,32,21,0.0007040173855326582,True,True,True
burgers,1,32,22,0.004018307898766308,True,True,True
burgers,1,32,23,0.004970411066485688,True,True,True
burgers,1,32,24,0.006437993303304232,True,True,True
burgers,1,32,25,0.003910323431403635,True,True,True
burgers,1,32,26,0.0010722158237924948,True,True,True
burgers,1,32,27,0.000797356188665824,True,True,True
burgers,1,32,28,0.005229897959514346,True,True,True
burgers,1,32,29,0.0030231277603923255,True,True,True
burgers,1,64,0,3.5339786652599514e-14,True,True,True
burgers,1,64,1,2.680722074604273e-14,True,True,True
burgers,1,64,2,2.1711799025325718e-14,True,True,True
burgers,1,64,3,3.781870649977037e-14,True,True,True
burgers,1,64,4,1.4067020473945225e-14,True,True,True
burgers,1,64,5,2.664882203795571e-14,True,True,True
burgers,1,64,6,1.6755260373590986e-14,True,True,True
burgers,1,64,7,1.85866946833535e-14,True,True,True
burgers,1,64,8,1.1407297632534674e-14,True,True,True
burgers,1,64,9,2.685525413159695e-14,True,True,True
burgers,1,64,10,2.5290750396700368e-14,True,True,True
burgers,1,64,11,1.3325278380715844e-14,True,True,True
burgers,1,64,12,1.2410601382293815e-14,True,True,True
burgers,1,64,13,1.923287917815486e-14,True,True,True
burgers,1,64,14,2.183062758343013e-14,True,True,True
burgers,1,64,15,5.137638361615848e-14,True,True,True
burgers,1,64,16,2.0429567326035736e-14,True,True,True
burgers,1,64,17,1.704584519054194e-14,True,True,True
burgers,1,64,18,3.324294219211139e-14,True,True,True
burgers,1,64,19,2.5041343239447234e-14,True,True,True
burgers,1,64,20,2.2071862566808154e-14,True,True,True
burgers,1,64,21,3.042696845347026e-14,True,True,True
burgers,1,64,22,2.0338982234524572e-14,True,True,True
burgers,1,64,23,1.450142089742812e-14,True,True,True
burgers,1,64,24,2.1435977992645405e-14,True,True,True
burgers,1,64,25,1.9609092249809647e-14,True,True,True
burgers,1,64,26,2.5119663293882155e-14,True,True,True
burgers,1,64,27,1.5421691701433815e-14,True,True,True
burgers,1,64,28,2.7413835090861483e-14,True,True,True
burgers,1,64,29,1.837209510098814e-14,True,True,True
burgers,2,2,0,0.23123242115746898,False,False,False
burgers,2,2,1,0.17073246885503346,True,False,False
burgers,2,2,2,0.20961692327515208,False,False,False
burgers,2,2,3,0.4051735065426671,True,False,False
burgers,2,2,4,0.37006418261839397,True,False,False
burgers,2,2,5,0.27264626713771284,False,False,False
burgers,2,2,6,0.1869973061686588,False,False,False
burgers,2,2,7,0.2923983816317868,True,False,False
burgers,2,2,8,0.6140515295139347,False,True,False
burgers,2,2,9,0.173055812489587,False,False,False
burgers,2,2,10,0.18328999229354298,False,False,False
burgers,2,2,11,0.10551309809003447,True,True,False
burgers,2,2,12,0.195336621221623,False,False,False
burgers,2,2,13,0.17845867117637015,True,True,False
burgers,2,2,14,0.23397501458561265,False,False,False
burgers,2,2,15,0.3229111494108989,False,False,False
burgers,2,2,16,0.13996635147908115,True,True,False
burgers,2,2,17,0.191885341911946,False,False,False
burgers,2,2,18,0.20276291883471256,False,False,False
burgers,2,2,19,0.45063832099662066,False,True,False
burgers,2,2,20,0.3241499288436078,False,False,False
burgers,2,2,21,0.30470724958764916,True,True,False
burgers,2,2,22,0.1976913107229028,True,False,False
burgers,2,2,23,0.28568837604309316,True,False,False
burgers,2,2,24,0.1947155397267658,False,False,False
burgers,2,2,25,0.22095595723498637,False,True,False
burgers,2,2,26,0.15380209365179132,True,True,False
burgers,2,2,27,0.22012247459918038,True,False,False
burgers,2,2,28,0.12101049038143356,True,True,False
burgers,2,2,29,0.1707972396031141,False,True,False
burgers,2,4,0,0.18376912691374808,False,False,False
burgers,2,4,1,0.2497510237670255,True,False,False
burgers,2,4,2,0.1582648157803336,False,False,False
burgers,2,4,3,0.364837345856463,True,False,False
burgers,2,4,4,0.3547766783876214,True,False,False
burgers,2,4,5,0.2948542639149184,False,False,False
burgers,2,4,6,0.4014095404419574,False,True,False
burgers,2,4,7,0.23097559277271568,True,False,False
burgers,2,4,8,0.3262123491043612,False,False,False
burgers,2,4,9,0.1786896996366637,False,False,False
burgers,2,4,10,0.19970919723517708,False,False,False
burgers,2,4,11,0.08931229716074732,True,True,False
burgers,2,4,12,0.16329393670316358,False,False,False
burgers,2,4,13,0.08933463724634011,True,True,False
burgers,2,4,14,0.11343862679920638,False,False,False
burgers,2,4,15,0.3715515291713829,False,False,False
burgers,2,4,16,0.10373143153487793,True,True,False
burgers,2,4,17,0.2575582508921396,False,False,False
burgers,2,4,18,0.21848792812297693,False,False,False
burgers,2,4,19,0.33965746680347764,False,True,False
burgers,2,4,20,0.4594241733954265,False,False,False
burgers,2,4,21,0.13222871363577113,True,True,False
burgers,2,4,22,0.1523075367050738,True,False,False
burgers,2,4,23,0.08898056428013226,True,True,False
burgers,2,4,24,0.25400365120394514,False,False,False
burgers,2,4,25,0.15616809715013025,False,False,False
burgers,2,4,26,0.21498633875550255,True,True,False
burgers,2,4,27,0.13279253584341158,True,False,False
burgers,2,4,28,0.19663004119203867,True,True,False
burgers,2,4,29,0.17543361880621205,False,False,False
burgers,2,8,0,0.019673312422055098,False,False,False
burgers,2,8,1,0.0758350018104957,True,True,False
burgers,2,8,2,0.09079431603001273,False,False,False
burgers,2,8,3,0.055045580067610844,True,True,False
burgers,2,8,4,0.04257698069145451,True,True,False
burgers,2,8,5,0.01974265808076794,False,False,False
burgers,2,8,6,0.13139788834707938,False,False,False
burgers,2,8,7,0.008547745273529857,True,True,False
burgers,2,8,8,0.04947874921222286,False,False,False
burgers,2,8,9,0.028177958258304103,False,False,False
burgers,2,8,10,0.03095792895535523,False,False,False
burgers,2,8,11,0.00896237930979861,True,True,False
burgers,2,8,12,0.09086349633177063,False,False,False
burgers,2,8,13,0.11858922485202546,True,True,False
burgers,2,8,14,0.02602736789215471,False,False,False
burgers,2,8,15,0.022111860279999583,False,False,False
burgers,2,8,16,0.00830900571640873,True,True,False
burgers,2,8,17,0.0796899541640629,False,False,False
burgers,2,8,18,0.01671381470880833,False,False,False
burgers,2,8,19,0.031947227102334455,False,False,False
burgers,2,8,20,0.14222932488941228,False,False,False
burgers,2,8,21,0.022500388529943502,True,True,False
burgers,2,8,22,0.07239187457703682,True,False,False
burgers,2,8,23,0.03556566631400084,True,True,False
burgers,2,8,24,0.0141499233197416,False,False,False
burgers,2,8,25,0.03822376425181838,False,False,False
burgers,2,8,26,0.06887168320173354,True,True,False
burgers,2,8,27,0.027358379889668976,True,True,False
burgers,2,8,28,0.03434770491337484,True,True,False
burgers,2,8,29,0.011442292032413752,False,False,False
burgers,2,16,0,0.024557297917393927,False,False,False
burgers,2,16,1,0.029471652786697985,True,True,False
burgers,2,16,2,0.005765054589068636,False,False,False
burgers,2,16,3,0.004166813330335532,True,True,False
burgers,2,16,4,0.016212505822003807,True,True,False
burgers,2,16,5,0.039619073060765446,False,False,False
burgers,2,16,6,0.007088025139841223,False,False,False
burgers,2,16,7,0.038458896101524816,True,True,False
burgers,2,16,8,0.006047937873558862,False,False,False
burgers,2,16,9,0.022959955318250302,False,False,False
burgers,2,16,10,0.0013273975388240697,False,False,False
burgers,2,16,11,0.03667903334050711,True,True,False
burgers,2,16,12,0.025184558817983566,False,False,False
burgers,2,16,13,0.03542012970822092,True,True,False
burgers,2,16,14,0.007991385413635275,False,False,False
burgers,2,16,15,0.039042327651415354,False,True,False
burgers,2,16,16,0.019957341002378164,True,True,False
burgers,2,16,17,0.02063421266520651,False,False,False
burgers,2,16,18,0.0182340965754436,False,False,False
burgers,2,16,19,0.008801677372696548,False,False,False
burgers,2,16,20,0.0017450328169580109,False,False,False
burgers,2,16,21,0.0013084924652746008,True,True,False
burgers,2,16,22,0.004202754771974942,True,True,False
burgers,2,16,23,0.024178934454530503,True,True,False
burgers,2,16,24,0.039318464332807876,False,False,False
burgers,2,16,25,0.018904707833679046,False,False,False
burgers,2,16,26,0.0024928713140669,True,True,False
burgers,2,16,27,0.025914693093016285,True,True,False
burgers,2,16,28,0.01031817946171869,True,True,False
burgers,2,16,29,0.006165460643092544,False,False,False
burgers,2,32,0,0.0001967830808912662,False,False,False
burgers,2,32,1,0.0010422496607199365,True,True,False
burgers,2,32,2,7.825897477358942e-05,False,False,False
burgers,2,32,3,0.00033058377330523036,True,True,False
burgers,2,32,4,0.00022477991158071763,True,True,False
burgers,2,32,5,0.0013355729765503342,False,False,False
burgers,2,32,6,0.0006387864001632729,False,False,False
burgers,2,32,7,0.0018072967765314992,True,True,False
burgers,2,32,8,0.0003160649635642501,False,False,False
burgers,2,32,9,0.0006862417043105515,False,False,False
burgers,2,32,10,0.00021093499133477064,False,False,False
burgers,2,32,11,0.0005741677866635119,True,True,False
burgers,2,32,12,0.00042375199340962126,False,False,False
burgers,2,32,13,0.0010841352653441758,True,True,False
burgers,2,32,14,0.0003012651726337443,False,False,False
burgers,2,32,15,0.0014494162713908267,False,False,False
burgers,2,32,16,0.0005964309133147513,True,True,False
burgers,2,32,17,0.00023298886379328164,False,False,False
burgers,2,32,18,0.0005519121814073413,False,False,False
burgers,2,32,19,0.0012017629632421652,False,False,False
burgers,2,32,20,0.00258606438783161,False,False,False
burgers,2,32,21,0.0016879927121086489,True,True,False
burgers,2,32,22,0.00016374190776346532,True,True,False
burgers,2,32,23,0.0003779690624708275,True,True,False
burgers,2,32,24,0.0001757072123793925,False,False,False
burgers,2,32,25,0.0007976959798991767,False,False,False
burgers,2,32,26,0.00016017994005418628,True,True,False
burgers,2,32,27,3.0383168014977077e-05,True,True,False
burgers,2,32,28,8.945190215447986e-05,True,True,False
burgers,2,32,29,0.00016991937672270613,False,False,False
burgers,2,64,0,5.540273101400928e-15,False,False,False
burgers,2,64,1,1.1268763699945339e-14,True,True,False
burgers,2,64,2,1.1445705494494973e-14,False,False,False
burgers,2,64,3,8.337948387282523e-15,True,True,False
burgers,2,64,4,7.96498283994751e-15,True,True,False
burgers,2,64,5,1.275715644233344e-14,False,False,False
burgers,2,64,6,1.3603701498610121e-14,False,False,False
burgers,2,64,7,8.98066343513193e-15,True,True,False
burgers,2,64,8,1.2171687269191267e-14,False,False,False
burgers,2,64,9,1.1747547379314938e-14,False,False,False
burgers,2,64,10,5.6690763194922056e-15,False,False,False
burgers,2,64,11,7.089164325013719e-15,True,True,False
burgers,2,64,12,1.1757522039301804e-14,False,False,False
burgers,2,64,13,7.335278218167929e-15,True,True,False
burgers,2,64,14,8.72782748850831e-15,False,False,False
burgers,2,64,15,9.098624631498353e-15,False,False,False
burgers,2,64,16,7.511786331848569e-15,True,True,False
burgers,2,64,17,6.9475675212871124e-15,False,False,False
burgers,2,64,18,1.3777173846207802e-14,False,False,False
burgers,2,64,19,1.1046719095020308e-14,False,False,False
burgers,2,64,20,6.423681031542117e-15,False,False,False
burgers,2,64,21,6.7289517057325665e-15,True,True,False
burgers,2,64,22,7.235531618299262e-15,True,True,False
burgers,2,64,23,5.212193524006814e-15,True,True,False
burgers,2,64,24,5.5268289944621074e-15,False,False,False
burgers,2,64,25,6.5607241861442844e-15,False,False,False
burgers,2,64,26,7.100006346738574e-15,True,True,False
burgers,2,64,27,5.2111093218343285e-15,True,True,False
burgers,2,64,28,1.5343683355123483e-14,True,True,False
burgers,2,64,29,2.831068712794149e-15,False,False,False
burgers,3,2,0,0.2619412338551451,True,True,True
burgers,3,2,1,0.3999554335831786,True,True,True
burgers,3,2,2,0.6104913758666516,True,True,True
burgers,3,2,3,0.39080928170614204,True,True,True
burgers,3,2,4,0.30713276034380216,True,True,True
burgers,3,2,5,0.2847173500017395,True,True,True
burgers,3,2,6,0.22673012971241774,True,True,True
burgers,3,2,7,0.27414238883143943,True,True,True
burgers,3,2,8,0.23182428593644122,True,True,True
burgers,3,2,9,0.22414324796618645,True,True,True
burgers,3,2,10,0.2926563906167299,True,True,True
burgers,3,2,11,0.23833204140966402,True,True,True
burgers,3,2,12,0.3900187412343736,True,True,True
burgers,3,2,13,0.30592866274569586,True,True,True
burgers,3,2,14,0.3230460113433552,True,True,True
burgers,3,2,15,0.2272074267503421,True,True,True
burgers,3,2,16,0.23539528842481278,True,True,True
burgers,3,2,17,0.4197673012397966,True,True,True
burgers,3,2,18,0.40158229815078483,True,True,True
burgers,3,2,19,0.2387503628663556,True,True,True
burgers,3,2,20,0.6096099977569847,True,True,True
burgers,3,2,21,0.4386330822754569,True,True,True
burgers,3,2,22,0.24002321408056407,True,True,True
burgers,3,2,23,0.2345651042835378,True,True,True
burgers,3,2,24,0.25235879629219116,True,True,True
burgers,3,2,25,0.31653671028332886,True,True,True
burgers,3,2,26,0.2449243466839997,True,True,True
burgers,3,2,27,0.24488130254014256,True,True,True
burgers,3,2,28,0.5188573813792121,True,True,True
burgers,3,2,29,0.24924596981919606,True,True,True
burgers,3,4,0,0.12432186262264201,True,True,True
burgers,3,4,1,0.27700918150369064,True,True,True
burgers,3,4,2,0.5741343303271556,True,True,True
burgers,3,4,3,0.23573653601460196,True,True,True
burgers,3,4,4,0.18785337537347185,True,True,True
burgers,3,4,5,0.5612597688482004,True,True,True
burgers,3,4,6,0.2623276437818,True,True,True
burgers,3,4,7,0.25271812614132033,True,True,True
burgers,3,4,8,0.18506442676873375,True,True,True
burgers,3,4,9,0.1594181302027727,True,True,True
burgers,3,4,10,0.22844532139332369,True,True,True
burgers,3,4,11,0.1149013115142433,True,True,True
burgers,3,4,12,0.19189634991457918,True,True,True
burgers,3,4,13,0.20747302117911276,True,True,True
burgers,3,4,14,0.17465940603246696,True,True,True
burgers,3,4,15,0.2016783218116481,True,True,True
burgers,3,4,16,0.34594783907458204,True,True,True
burgers,3,4,17,0.11240193916341894,True,True,True
burgers,3,4,18,0.3964761805111198,True,True,True
burgers,3,4,19,0.20016127949662765,True,True,True
burgers,3,4,20,0.33082933146989635,True,True,True
burgers,3,4,21,0.31330625876495033,True,True,True
burgers,3,4,22,0.28651813013030936,True,True,True
burgers,3,4,23,0.17752720349229115,True,True,True
burgers,3,4,24,0.14475774569533545,True,True,True
burgers,3,4,25,0.1902719224212255,True,True,True
burgers,3,4,26,0.31581163352184205,True,True,True
burgers,3,4,27,0.29450611561610485,True,True,True
burgers,3,4,28,0.332436493734599,True,True,True
burgers,3,4,29,0.42479022248583326,True,True,True
burgers,3,8,0,0.10412683099153634,True,True,True
burgers,3,8,1,0.08556985391150612,True,True,True
burgers,3,8,2,0.2296332804280527,True,True,True
burgers,3,8,3,0.3802450422673199,True,True,True
burgers,3,8,4,0.14860587494507824,True,True,True
burgers,3,8,5,0.5147106771405102,True,True,True
burgers,3,8,6,0.08815737826948034,True,True,True
burgers,3,8,7,0.31052904101724443,True,True,True
burgers,3,8,8,0.2976666650590256,True,True,True
burgers,3,8,9,0.15032453412781072,True,True,True
burgers,3,8,10,0.1747974686971227,True,True,True
burgers,3,8,11,0.13526239528017167,True,True,True
burgers,3,8,12,0.29437164168324903,True,True,True
burgers,3,8,13,0.453868743342653,True,True,True
burgers,3,8,14,0.2426967491749666,True,True,True
burgers,3,8,15,0.09389411488729711,True,True,True
burgers,3,8,16,0.1832799801210638,True,True,True
burgers,3,8,17,0.12562660774990536,True,True,True
burgers,3,8,18,0.2056694403389233,True,True,True
burgers,3,8,19,0.3282358395008915,True,True,True
burgers,3,8,20,0.2751025712173285,True,True,True
burgers,3,8,21,0.0975259550674795,True,True,True
burgers,3,8,22,0.4648081558458805,True,True,True
burgers,3,8,23,0.2983594778615327,True,True,True
burgers,3,8,24,0.16576598604841908,True,True,True
burgers,3,8,25,0.22285910152040941,True,True,True
burgers,3,8,26,0.149638844992422,True,True,True
burgers,3,8,27,0.13938260184356252,True,True,True
burgers,3,8,28,0.1638181148587958,True,True,True
burgers,3,8,29,0.15868129908456782,True,True,True
burgers,3,16,0,0.03378939449311004,True,True,True
burgers,3,16,1,0.07950228066281723,True,True,True
burgers,3,16,2,0.043574326784086986,True,True,True
burgers,3,16,3,0.004739431555840041,True,True,True
burgers,3,16,4,0.02735051924478234,True,True,True
burgers,3,16,5,0.06372768013382625,True,True,True
burgers,3,16,6,0.024457779597669618,True,True,True
burgers,3,16,7,0.03910657929944368,True,True,True
burgers,3,16,8,0.008168672075144642,True,True,True
burgers,3,16,9,0.006696712236349479,True,True,True
burgers,3,16,10,0.048567327545819605,True,True,True
burgers,3,16,11,0.02225005738026882,True,True,True
burgers,3,16,12,0.01075903630358656,True,True,True
burgers,3,16,13,0.04593378662787329,True,True,True
burgers,3,16,14,0.024177994691686893,True,True,True
burgers,3,16,15,0.058581927544059734,True,True,True
burgers,3,16,16,0.08231404204501182,True,True,True
burgers,3,16,17,0.01435192330995603,True,True,True
burgers,3,16,18,0.022132834126931164,True,True,True
burgers,3,16,19,0.008471245219858623,True,True,True
burgers,3,16,20,0.0009538069905883964,True,True,True
burgers,3,16,21,0.011863062118696328,True,True,True
burgers,3,16,22,0.014403774294618794,True,True,True
burgers,3,16,23,0.04712213062715229,True,True,True
burgers,3,16,24,0.007057723416135057,True,True,True
burgers,3,16,25,0.002817683461197906,True,True,True
burgers,3,16,26,0.018259506340496647,True,True,True
burgers,3,16,27,0.0030251401555734525,True,True,True
burgers,3,16,28,0.017022412971182045,True,True,True
burgers,3,16,29,0.06253044285435803,True,True,True
burgers,3,32,0,0.0005650867969325174,True,True,True
burgers,3,32,1,0.0015216563669828015,True,True,True
burgers,3,32,2,0.00032508173053503965,True,True,True
burgers,3,32,3,0.0032847708346730497,True,True,True
burgers,3,32,4,0.00041356018180592306,True,True,True
burgers,3,32,5,0.00046049197367778667,True,True,True
burgers,3,32,6,0.0017215351820140238,True,True,True
burgers,3,32,7,0.0033331063241695616,True,True,True
burgers,3,32,8,0.000344521053876121,True,True,True
burgers,3,32,9,0.0007030376768231263,True,True,True
burgers,3,32,10,0.0007548669035523682,True,True,True
burgers,3,32,11,0.0011333478324322011,True,True,True
burgers,3,32,12,0.0005585563179252998,True,True,True
burgers,3,32,13,0.004351328926927351,True,True,True
burgers,3,32,14,0.0007152140537585224,True,True,True
burgers,3,32,15,0.0008640609380789477,True,True,True
burgers,3,32,16,0.0015451065444877232,True,True,True
burgers,3,32,17,0.0004372652865570194,True,True,True
burgers,3,32,18,0.000993886838765593,True,True,True
burgers,3,32,19,0.001321687236071404,True,True,True
burgers,3,32,20,0.00018024535848781262,True,True,True
burgers,3,32,21,0.0029465455089953637,True,True,True
burgers,3,32,22,0.0006151755418765635,True,True,True
burgers,3,32,23,0.0028236286022725286,True,True,True
burgers,3,32,24,0.000505930279345411,True,True,True
burgers,3,32,25,0.000730035375945735,True,True,True
burgers,3,32,26,0.001394868449908257,True,True,True
burgers,3,32,27,0.002073591488954609,True,True,True
burgers,3,32,28,0.0031840794608254484,True,True,True
burgers,3,32,29,0.0011499460478007154,True,True,True
burgers,3,64,0,6.107961358914338e-15,True,True,True
burgers,3,64,1,1.8006429680639258e-14,True,True,True
burgers,3,64,2,9.471834124322176e-15,True,True,True
burgers,3,64,3,4.5997073879790185e-15,True,True,True
burgers,3,64,4,1.0273032424734652e-14,True,True,True
burgers,3,64,5,5.92558500097512e-15,True,True,True
burgers,3,64,6,1.570098218106608e-14,True,True,True
burgers,3,64,7,1.4438970852292954e-14,True,True,True
burgers,3,64,8,7.244205235679146e-15,True,True,True
burgers,3,64,9,1.2364241575024693e-14,True,True,True
burgers,3,64,10,2.1354445989274495e-14,True,True,True
burgers,3,64,11,6.82105468028521e-15,True,True,True
burgers,3,64,12,5.251007961781795e-15,True,True,True
burgers,3,64,13,4.2266537492174905e-15,True,True,True
burgers,3,64,14,1.2432763152325776e-14,True,True,True
burgers,3,64,15,5.5355026118419914e-15,True,True,True
burgers,3,64,16,1.0449974219284286e-14,True,True,True
burgers,3,64,17,1.1142779407502523e-14,True,True,True
burgers,3,64,18,4.969034081772628e-16,True,True,True
burgers,3,64,19,1.2372047830666588e-14,True,True,True
burgers,3,64,20,6.963113964001018e-15,True,True,True
burgers,3,64,21,1.8726339923169633e-14,True,True,True
burgers,3,64,22,1.0281706042114536e-14,True,True,True
burgers,3,64,23,1.1234069230425803e-14,True,True,True
burgers,3,64,24,9.339464897522957e-15,True,True,True
burgers,3,64,25,1.0762224444960111e-14,True,True,True
burgers,3,64,26,1.491862189340054e-14,True,True,True
burgers,3,64,27,1.2656542480726785e-14,True,True,True
burgers,3,64,28,8.475140619683408e-15,True,True,True
burgers,3,64,29,1.5171891520893155e-14,True,True,True
burgers,4,2,0,0.49079654495603214,True,True,True
burgers,4,2,1,0.33572980271104713,True,True,True
burgers,4,2,2,0.46316704133270786,True,True,True
burgers,4,2,3,0.3487628092546941,True,True,True
burgers,4,2,4,0.3788719328255624,True,True,True
burgers,4,2,5,0.8253206811506701,True,True,True
burgers,4,2,6,0.5653438723763192,True,True,True
burgers,4,2,7,0.34312035694701404,True,True,True
burgers,4,2,8,0.6537438708352415,True,True,True
burgers,4,2,9,0.3267025287389802,True,True,True
burgers,4,2,10,0.5157184829310822,True,True,True
burgers,4,2,11,0.4672078980250939,True,True,True
burgers,4,2,12,0.28841601550319274,True,True,True
burgers,4,2,13,0.5979172771676851,True,True,True
burgers,4,2,14,0.4284999773803979,True,True,True
burgers,4,2,15,0.3568666822670857,True,True,True
burgers,4,2,16,0.48742224706866394,True,True,True
burgers,4,2,17,0.33022491202812426,True,True,True
burgers,4,2,18,0.481985206213567,True,True,True
burgers,4,2,19,0.7615634899756469,True,True,True
burgers,4,2,20,0.4261405571949314,True,True,True
burgers,4,2,21,0.33753733863256097,True,True,True
burgers,4,2,22,0.39075722359460846,True,True,True
burgers,4,2,23,0.34477572841753484,True,True,True
burgers,4,2,24,0.5580839980921115,True,True,True
burgers,4,2,25,0.3390488947527486,True,True,True
burgers,4,2,26,0.5447528093376884,True,True,True
burgers,4,2,27,0.44081233085571936,True,True,True
burgers,4,2,28,0.37432577723075633,True,True,True
burgers,4,2,29,0.3070877306609787,True,True,True
burgers,4,4,0,0.65557694698583,True,True,True
burgers,4,4,1,0.4277138551223518,True,True,True
burgers,4,4,2,0.2549345359588596,True,True,True
burgers,4,4,3,0.26119094983665475,True,True,True
burgers,4,4,4,0.2515726801421698,True,True,True
burgers,4,4,5,0.18569864916620943,True,True,True
burgers,4,4,6,0.23928296900829696,True,True,True
burgers,4,4,7,0.25777376913663613,True,True,True
burgers,4,4,8,0.7289637580887257,True,True,True
burgers,4,4,9,0.23765888909619598,True,True,True
burgers,4,4,10,0.5777055225831922,True,True,True
burgers,4,4,11,0.39840994667403123,True,True,True
burgers,4,4,12,0.22607388966176084,True,True,True
burgers,4,4,13,0.5627135372665216,True,True,True
burgers,4,4,14,0.42834576550962045,True,True,True
burgers,4,4,15,0.333650497642212,True,True,True
burgers,4,4,16,0.6870153081283338,True,True,True
burgers,4,4,17,0.2599818550786042,True,True,True
burgers,4,4,18,0.22276529563044511,True,True,True
burgers,4,4,19,0.3143027223469872,True,True,True
burgers,4,4,20,0.8135761157331028,True,True,True
burgers,4,4,21,0.34941852568903886,True,True,True
burgers,4,4,22,0.2892451546249343,True,True,True
burgers,4,4,23,0.2355839773898448,True,True,True
burgers,4,4,24,0.07963486248327133,True,True,True
burgers,4,4,25,0.34393526349493536,True,True,True
burgers,4,4,26,0.30406652150911084,True,True,True
burgers,4,4,27,0.5000982165189589,True,True,True
burgers,4,4,28,0.34749258189730114,True,True,True
burgers,4,4,29,0.21499757582889203,True,True,True
burgers,4,8,0,0.4618060351168874,True,True,True
burgers,4,8,1,0.3027097936785088,True,True,True
burgers,4,8,2,0.22511204842781246,True,True,True
burgers,4,8,3,0.19352082366829804,True,True,True
burgers,4,8,4,0.25509559627200984,True,True,True
burgers,4,8,5,0.19263934487614784,True,True,True
burgers,4,8,6,0.19307256073678425,True,True,True
burgers,4,8,7,0.23247799066456235,True,True,True
burgers,4,8,8,0.4505215562750154,True,True,True
burgers,4,8,9,0.23443409610127317,True,True,True
burgers,4,8,10,0.24686987027667223,True,True,True
burgers,4,8,11,0.372645903219932,True,True,True
burgers,4,8,12,0.19749095740620598,True,True,True
burgers,4,8,13,0.53952409569988,True,True,True
burgers,4,8,14,0.4865095682011095,True,True,True
burgers,4,8,15,0.269081708775889,True,True,True
burgers,4,8,16,0.6190074525981701,True,True,True
burgers,4,8,17,0.2205969862197716,True,True,True
burgers,4,8,18,0.22614982668632788,True,True,True
burgers,4,8,19,0.24054554411955312,True,True,True
burgers,4,8,20,0.7623008216007106,True,True,True
burgers,4,8,21,0.5214094788072816,True,True,True
burgers,4,8,22,0.36121572118950973,True,True,True
burgers,4,8,23,0.1894177877528079,True,True,True
burgers,4,8,24,0.07882355870936886,True,True,True
burgers,4,8,25,0.1986874769348111,True,True,True
burgers,4,8,26,0.19360956286015793,True,True,True
burgers,4,8,27,0.3040319135746588,True,True,True
burgers,4,8,28,0.2423726174496137,True,True,True
burgers,4,8,29,0.17408810076942352,True,True,True
burgers,4,16,0,0.0657749817331586,True,True,True
burgers,4,16,1,0.07712574826448391,True,True,True
burgers,4,16,2,0.0751700271081832,True,True,True
burgers,4,16,3,0.004140288510805004,True,True,True
burgers,4,16,4,0.029543167454951717,True,True,True
burgers,4,16,5,0.015103056773361377,True,True,True
burgers,4,16,6,0.042234801652835566,True,True,True
burgers,4,16,7,0.021390979571103218,True,True,True
burgers,4,16,8,0.01740223005405411,True,True,True
burgers,4,16,9,0.011984061796864195,True,True,True
burgers,4,16,10,0.012559252063225062,True,True,True
burgers,4,16,11,0.08539244217990716,True,True,True
burgers,4,16,12,0.00445590143604974,True,True,True
burgers,4,16,13,0.0018458702613254041,True,True,True
burgers,4,16,14,0.031070059006389553,True,True,True
burgers,4,16,15,0.016695765467467955,True,True,True
burgers,4,16,16,0.07069660424657309,True,True,True
burgers,4,16,17,0.0036736575657052564,True,True,True
burgers,4,16,18,0.03391771151073194,True,True,True
burgers,4,16,19,0.005507740315090749,True,True,True
burgers,4,16,20,0.016420575774421624,True,True,True
burgers,4,16,21,0.07046657787051937,True,True,True
burgers,4,16,22,0.02122837141332885,True,True,True
burgers,4,16,23,0.009825372283289936,True,True,True
burgers,4,16,24,0.0015282851561240257,True,True,True
burgers,4,16,25,0.055599946414421106,True,True,True
burgers,4,16,26,0.09836927922732688,True,True,True
burgers,4,16,27,0.04914707922545232,True,True,True
burgers,4,16,28,0.012035804086376606,True,True,True
burgers,4,16,29,0.06940915715535019,True,True,True
burgers,4,32,0,0.0005207565431932401,True,True,True
burgers,4,32,1,0.002973783213392641,True,True,True
burgers,4,32,2,0.0013404384821396197,True,True,True
burgers,4,32,3,0.0029954391898374287,True,True,True
burgers,4,32,4,0.0007836980416435968,True,True,True
burgers,4,32,5,0.0012154108551398974,True,True,True
burgers,4,32,6,0.001859521587329802,True,True,True
burgers,4,32,7,0.0008132617378478876,True,True,True
burgers,4,32,8,0.00419076069205606,True,True,True
burgers,4,32,9,0.0012482467988594796,True,True,True
burgers,4,32,10,0.006213720457490158,True,True,True
burgers,4,32,11,0.003900941481241268,True,True,True
burgers,4,32,12,0.004708265146801628,True,True,True
burgers,4,32,13,0.0014282399404739752,True,True,True
burgers,4,32,14,0.0048917878336854435,True,True,True
burgers,4,32,15,0.0034894359586468216,True,True,True
burgers,4,32,16,0.0011675608589142724,True,True,True
burgers,4,32,17,0.0019001788120329701,True,True,True
burgers,4,32,18,0.0016460313541325415,True,True,True
burgers,4,32,19,0.0015385478763844575,True,True,True
burgers,4,32,20,0.002994287062331426,True,True,True
burgers,4,32,21,0.00404204618448216,True,True,True
burgers,4,32,22,0.0004230028745081093,True,True,True
burgers,4,32,23,0.00034523482343242623,True,True,True
burgers,4,32,24,0.0045708445770679005,True,True,True
burgers,4,32,25,0.002469772290077365,True,True,True
burgers,4,32,26,0.0007736760321334266,True,True,True
burgers,4,32,27,0.0018346371663225496,True,True,True
burgers,4,32,28,0.0035351708557509968,True,True,True
burgers,4,32,29,0.001609884423248164,True,True,True
burgers,4,64,0,5.274643569141979e-15,True,True,True
burgers,4,64,1,7.735918025955635e-15,True,True,True
burgers,4,64,2,4.7567201913456536e-15,True,True,True
burgers,4,64,3,1.3699436550440591e-14,True,True,True
burgers,4,64,4,5.444863310222203e-15,True,True,True
burgers,4,64,5,3.4132232408729236e-15,True,True,True
burgers,4,64,6,3.5250339126336513e-15,True,True,True
burgers,4,64,7,4.362721121864421e-15,True,True,True
burgers,4,64,8,6.891758214458421e-15,True,True,True
burgers,4,64,9,4.3814778194484205e-15,True,True,True
burgers,4,64,10,7.890728543659409e-15,True,True,True
burgers,4,64,11,5.461343183243983e-15,True,True,True
burgers,4,64,12,7.040808908120866e-15,True,True,True
burgers,4,64,13,4.7281243590463484e-15,True,True,True
burgers,4,64,14,7.939395668676852e-15,True,True,True
burgers,4,64,15,1.1086617734967774e-14,True,True,True
burgers,4,64,16,3.1464673599349187e-15,True,True,True
burgers,4,64,17,3.217912047936977e-15,True,True,True
burgers,4,64,18,5.668995004329269e-15,True,True,True
burgers,4,64,19,1.067804292253019e-14,True,True,True
burgers,4,64,20,9.737328131309564e-15,True,True,True
burgers,4,64,21,4.470924498678475e-15,True,True,True
burgers,4,64,22,5.982302327123268e-15,True,True,True
burgers,4,64,23,2.4143556077993455e-15,True,True,True
burgers,4,64,24,2.260818379138642e-15,True,True,True
burgers,4,64,25,9.796850830579018e-15,True,True,True
burgers,4,64,26,7.316196259932184e-15,True,True,True
burgers,4,64,27,3.421525215929755e-15,True,True,True
burgers,4,64,28,3.8861058468397935e-15,True,True,True
burgers,4,64,29,7.566863802210833e-15,True,True,True
burgers,5,2,0,0.682441804191384,True,True,True
burgers,5,2,1,0.733359751885052,True,True,True
burgers,5,2,2,0.5473634448955347,True,True,True
burgers,5,2,3,0.487633720570966,True,True,True
burgers,5,2,4,0.6652339352688125,True,True,True
burgers,5,2,5,0.7434493775655417,True,True,True
burgers,5,2,6,0.8514018213727093,True,True,True
burgers,5,2,7,0.5630587922070494,True,True,True
burgers,5,2,8,0.7663375380468842,True,True,True
burgers,5,2,9,0.6502978892805331,True,True,True
burgers,5,2,10,0.8435939731972943,True,True,True
burgers,5,2,11,0.6605752120788563,True,True,True
burgers,5,2,12,0.7934196271481622,True,True,True
burgers,5,2,13,0.8532723708140348,True,True,True
burgers,5,2,14,0.5207823224976065,True,True,True
burgers,5,2,15,0.5633036966023093,True,True,True
burgers,5,2,16,0.713702140311691,True,True,True
burgers,5,2,17,0.6547032922140699,True,True,True
burgers,5,2,18,0.667600552078427,True,True,True
burgers,5,2,19,0.6060006056525503,True,True,True
burgers,5,2,20,0.468533709085323,True,True,True
burgers,5,2,21,0.6724600460073474,True,True,True
burgers,5,2,22,0.776853298694387,True,True,True
burgers,5,2,23,0.6753404584580843,True,True,True
burgers,5,2,24,0.8080574946579848,True,True,True
burgers,5,2,25,0.5170032863230795,True,True,True
burgers,5,2,26,0.6708890663726572,True,True,True
burgers,5,2,27,0.5628099493691046,True,True,True
burgers,5,2,28,0.7430021491848409,True,True,True
burgers,5,2,29,0.7658203772742616,True,True,True
burgers,5,4,0,0.42672291712430965,True,True,True
burgers,5,4,1,0.6575738694263413,True,True,True
burgers,5,4,2,0.43179221414930513,True,True,True
burgers,5,4,3,0.37060279644616156,True,True,True
burgers,5,4,4,0.27467994190075884,True,True,True
burgers,5,4,5,0.46166432218477965,True,True,True
burgers,5,4,6,0.8105842391528774,True,True,True
burgers,5,4,7,0.5248560164574698,True,True,True
burgers,5,4,8,0.6201525205991505,True,True,True
burgers,5,4,9,0.36485822789808975,True,True,True
burgers,5,4,10,0.3633458323991228,True,True,True
burgers,5,4,11,0.45659094326371247,True,True,True
burgers,5,4,12,0.5184446599745867,True,True,True
burgers,5,4,13,0.8222746341868458,True,True,True
burgers,5,4,14,0.5322367199786247,True,True,True
burgers,5,4,15,0.34505601336652203,True,True,True
burgers,5,4,16,0.09531259710560343,True,True,True
burgers,5,4,17,0.35731003128448824,True,True,True
burgers,5,4,18,0.13898237138552724,True,True,True
burgers,5,4,19,0.2690029145311289,True,True,True
burgers,5,4,20,0.3563689189083765,True,True,True
burgers,5,4,21,0.3774181498231658,True,True,True
burgers,5,4,22,0.49146681707488926,True,True,True
burgers,5,4,23,0.692795370998442,True,True,True
burgers,5,4,24,0.7578130562514278,True,True,True
burgers,5,4,25,0.48660429504610203,True,True,True
burgers,5,4,26,0.5323314538046207,True,True,True
burgers,5,4,27,0.5505859913827993,True,True,True
burgers,5,4,28,0.798986735554879,True,True,True
burgers,5,4,29,0.4775323340907581,True,True,True
burgers,5,8,0,0.44149116922685905,True,True,True
burgers,5,8,1,0.4418664898968655,True,True,True
burgers,5,8,2,0.5396447875735695,True,True,True
burgers,5,8,3,0.46631147571803966,True,True,True
burgers,5,8,4,0.27641845338290316,True,True,True
burgers,5,8,5,0.2617863728760975,True,True,True
burgers,5,8,6,0.6889421300748311,True,True,True
burgers,5,8,7,0.5392246063446042,True,True,True
burgers,5,8,8,0.5910046768414174,True,True,True
burgers,5,8,9,0.33448357382918265,True,True,True
burgers,5,8,10,0.3439504643404606,True,True,True
burgers,5,8,11,0.5696059129750434,True,True,True
burgers,5,8,12,0.3498810070900118,True,True,True
burgers,5,8,13,0.6456552515109557,True,True,True
burgers,5,8,14,0.4961924029685999,True,True,True
burgers,5,8,15,0.12238522265686946,True,True,True
burgers,5,8,16,0.052651156712164596,True,True,True
burgers,5,8,17,0.28885913070626,True,True,True
burgers,5,8,18,0.06294730160352638,True,True,True
burgers,5,8,19,0.1758012584253473,True,True,True
burgers,5,8,20,0.3686576115470551,True,True,True
burgers,5,8,21,0.39887364070419384,True,True,True
burgers,5,8,22,0.2056103869165362,True,True,True
burgers,5,8,23,0.5087997977910174,True,True,True
burgers,5,8,24,0.7057921856565377,True,True,True
burgers,5,8,25,0.4459588623222245,True,True,True
burgers,5,8,26,0.34265133559450545,True,True,True
burgers,5,8,27,0.4794738738325837,True,True,True
burgers,5,8,28,0.6877748643566719,True,True,True
burgers,5,8,29,0.1853484627329386,True,True,True
burgers,5,16,0,0.1530845456312508,True,True,True
burgers,5,16,1,0.33947399137693823,True,True,True
burgers,5,16,2,0.06896387693981015,True,True,True
burgers,5,16,3,0.1056108594829072,True,True,True
burgers,5,16,4,0.0572279420377209,True,True,True
burgers,5,16,5,0.07585374801428242,True,True,True
burgers,5,16,6,0.0557943365526723,True,True,True
burgers,5,16,7,0.1597546989496309,True,True,True
burgers,5,16,8,0.010760368667649761,True,True,True
burgers,5,16,9,0.09952291322397,True,True,True
burgers,5,16,10,0.015838305301824847,True,True,True
burgers,5,16,11,0.25247814676251995,True,True,True
burgers,5,16,12,0.03716843371180483,True,True,True
burgers,5,16,13,0.0005483676486995519,True,True,True
burgers,5,16,14,0.030320745524499593,True,True,True
burgers,5,16,15,0.018127506080830434,True,True,True
burgers,5,16,16,0.08196549646587858,True,True,True
burgers,5,16,17,0.1729123295943129,True,True,True
burgers,5,16,18,0.08404137286999758,True,True,True
burgers,5,16,19,0.12426584604228341,True,True,True
burgers,5,16,20,0.3119902865118162,True,True,True
burgers,5,16,21,0.09826595965512563,True,True,True
burgers,5,16,22,0.03014370706672053,True,True,True
burgers,5,16,23,0.19648949479873623,True,True,True
burgers,5,16,24,0.01940840495771458,True,True,True
burgers,5,16,25,0.16994728860333375,True,True,True
burgers,5,16,26,0.04361879342611592,True,True,True
burgers,5,16,27,0.05827421613157861,True,True,True
burgers,5,16,28,0.06936133573348344,True,True,True
burgers,5,16,29,0.005111683902328254,True,True,True
burgers,5,32,0,0.0038328264285407,True,True,True
burgers,5,32,1,0.006526891504456978,True,True,True
burgers,5,32,2,0.0013566434820149265,True,True,True
burgers,5,32,3,0.0021312853390093736,True,True,True
burgers,5,32,4,0.0007467246907799673,True,True,True
burgers,5,32,5,0.005468418013762454,True,True,True
burgers,5,32,6,0.0011313381145451119,True,True,True
burgers,5,32,7,0.0019155052911606703,True,True,True
burgers,5,32,8,0.00229307533896631,True,True,True
burgers,5,32,9,0.0060796034071137085,True,True,True
burgers,5,32,10,0.00017070948696073975,True,True,True
burgers,5,32,11,0.015323128402444052,True,True,True
burgers,5,32,12,0.0006804103098264893,True,True,True
burgers,5,32,13,6.718790968027725e-05,True,True,True
burgers,5,32,14,0.008469481388168994,True,True,True
burgers,5,32,15,0.005989548820948474,True,True,True
burgers,5,32,16,0.0038819045888099186,True,True,True
burgers,5,32,17,0.006164861151630753,True,True,True
burgers,5,32,18,0.007835584263766265,True,True,True
burgers,5,32,19,0.003825904181594217,True,True,True
burgers,5,32,20,0.0018737874707199936,True,True,True
burgers,5,32,21,0.012683704893972445,True,True,True
burgers,5,32,22,0.0006692389996665461,True,True,True
burgers,5,32,23,0.0035015398815570094,True,True,True
burgers,5,32,24,0.0003820603012206408,True,True,True
burgers,5,32,25,0.014283380093085624,True,True,True
burgers,5,32,26,0.004621466772242398,True,True,True
burgers,5,32,27,0.0006959574302203574,True,True,True
burgers,5,32,28,0.0013061840205619742,True,True,True
burgers,5,32,29,0.0005226101165155821,True,True,True
burgers,5,64,0,9.977692159573622e-18,True,True,True
burgers,5,64,1,6.2264853304539445e-15,True,True,True
burgers,5,64,2,4.122146624421137e-15,True,True,True
burgers,5,64,3,3.578084009636662e-15,True,True,True
burgers,5,64,4,4.859878234400565e-15,True,True,True
burgers,5,64,5,3.4707336507317872e-15,True,True,True
burgers,5,64,6,4.039758491379895e-15,True,True,True
burgers,5,64,7,9.00118787724196e-15,True,True,True
burgers,5,64,8,3.1710066801645525e-16,True,True,True
burgers,5,64,9,5.921079844486911e-15,True,True,True
burgers,5,64,10,2.132828962539836e-17,True,True,True
burgers,5,64,11,2.8522258961348862e-15,True,True,True
burgers,5,64,12,6.064211157490912e-16,True,True,True
burgers,5,64,13,1.1971351710560708e-15,True,True,True
burgers,5,64,14,1.0009436238802762e-14,True,True,True
burgers,5,64,15,3.325476999930022e-15,True,True,True
burgers,5,64,16,2.4745475226153607e-16,True,True,True
burgers,5,64,17,3.6042772065113005e-15,True,True,True
burgers,5,64,18,1.4625198325349793e-15,True,True,True
burgers,5,64,19,1.5960006384966218e-14,True,True,True
burgers,5,64,20,1.9830070877005448e-14,True,True,True
burgers,5,64,21,6.5558938765378096e-15,True,True,True
burgers,5,64,22,4.4274891429717694e-16,True,True,True
burgers,5,64,23,6.341032412512828e-15,True,True,True
burgers,5,64,24,4.113033572821095e-16,True,True,True
burgers,5,64,25,1.3358992991934084e-14,True,True,True
burgers,5,64,26,6.082070791264953e-16,True,True,True
burgers,5,64,27,7.315946438152303e-15,True,True,True
burgers,5,64,28,1.5133615884077698e-15,True,True,True
burgers,5,64,29,2.773632618018135e-15,True,True,True
burgers,6,2,0,0.4363629005396477,True,True,True
burgers,6,2,1,0.5644155216777027,True,True,True
burgers,6,2,2,0.4161685843136688,True,True,True
burgers,6,2,3,0.22623841006371995,True,True,True
burgers,6,2,4,0.608657469019449,True,True,True
burgers,6,2,5,0.5243333571763604,True,True,True
burgers,6,2,6,0.42054801608455866,True,True,True
burgers,6,2,7,0.4115098560620379,True,True,True
burgers,6,2,8,0.5890543427333687,True,True,True
burgers,6,2,9,0.47248746345630765,True,True,True
burgers,6,2,10,0.860471499202953,True,True,True
burgers,6,2,11,0.8674714836600643,True,True,True
burgers,6,2,12,0.36594146603063504,True,True,True
burgers,6,2,13,0.7819598739738891,True,True,True
burgers,6,2,14,0.7870388034229884,True,True,True
burgers,6,2,15,0.4568932288116086,True,True,True
burgers,6,2,16,0.6301378630730519,True,True,True
burgers,6,2,17,0.4691723461047634,True,True,True
burgers,6,2,18,0.506408289997144,True,True,True
burgers,6,2,19,0.48993156723237385,True,True,True
burgers,6,2,20,0.31154766226723496,True,True,True
burgers,6,2,21,0.5342288325355556,True,True,True
burgers,6,2,22,0.49114712086531537,True,True,True
burgers,6,2,23,0.3414394209377714,True,True,True
burgers,6,2,24,0.631831285955032,True,True,True
burgers,6,2,25,0.4601861259218525,True,True,True
burgers,6,2,26,0.7264553588571815,True,True,True
burgers,6,2,27,0.5123288161124578,True,True,True
burgers,6,2,28,0.31599751471684295,True,True,True
burgers,6,2,29,0.6257600977801704,True,True,True
burgers,6,4,0,0.2253159327351996,True,True,True
burgers,6,4,1,0.17159735111935753,True,True,True
burgers,6,4,2,0.30386299132949696,True,True,True
burgers,6,4,3,0.08434703679222508,True,True,True
burgers,6,4,4,0.21115172996905146,True,True,True
burgers,6,4,5,0.3115838297483484,True,True,True
burgers,6,4,6,0.5394368980840889,True,True,True
burgers,6,4,7,0.3343990521080232,True,True,True
burgers,6,4,8,0.512630715135241,True,True,True
burgers,6,4,9,0.23140770298477745,True,True,True
burgers,6,4,10,0.5974574951203097,True,True,True
burgers,6,4,11,0.3588705396789616,True,True,True
burgers,6,4,12,0.2868130323309931,True,True,True
burgers,6,4,13,0.7153418097621261,True,True,True
burgers,6,4,14,0.5597287448341771,True,True,True
burgers,6,4,15,0.3587591526345958,True,True,True
burgers,6,4,16,0.23599477309030625,True,True,True
burgers,6,4,17,0.3666566364996223,True,True,True
burgers,6,4,18,0.49629157616500685,True,True,True
burgers,6,4,19,0.4577752533484488,True,True,True
burgers,6,4,20,0.23605034031516992,True,True,True
burgers,6,4,21,0.2814284108522319,True,True,True
burgers,6,4,22,0.5104812928080327,True,True,True
burgers,6,4,23,0.1907903765853946,True,True,True
burgers,6,4,24,0.7699614733527945,True,True,True
burgers,6,4,25,0.1496982760856354,True,True,True
burgers,6,4,26,0.7899920629575227,True,True,True
burgers,6,4,27,0.1723124466757818,True,True,True
burgers,6,4,28,0.15948592149099922,True,True,True
burgers,6,4,29,0.44194703247402956,True,True,True
burgers,6,8,0,0.08679620554965765,True,True,True
burgers,6,8,1,0.1211717701125859,True,True,True
burgers,6,8,2,0.12471753825217047,True,True,True
burgers,6,8,3,0.03782153299306082,True,True,True
burgers,6,8,4,0.06419873486670641,True,True,True
burgers,6,8,5,0.020704391338927507,True,True,True
burgers,6,8,6,0.25978558380234407,True,True,True
burgers,6,8,7,0.09002440797387642,True,True,True
burgers,6,8,8,0.20040457805968856,True,True,True
burgers,6,8,9,0.05253395275145211,True,True,True
burgers,6,8,10,0.1384271932100509,True,True,True
burgers,6,8,11,0.00890668943661417,True,True,True
burgers,6,8,12,0.19721195681950512,True,True,True
burgers,6,8,13,0.24332034869329033,True,True,True
burgers,6,8,14,0.08887731579207199,True,True,True
burgers,6,8,15,0.13125255547161066,True,True,True
burgers,6,8,16,0.04622176442575993,True,True,True
burgers,6,8,17,0.25668687295495524,True,True,True
burgers,6,8,18,0.1232441098233105,True,True,True
burgers,6,8,19,0.44438115951176577,True,True,True
burgers,6,8,20,0.10974815291711691,True,True,True
burgers,6,8,21,0.24840070469517408,True,True,True
burgers,6,8,22,0.010249393300475213,True,True,True
burgers,6,8,23,0.11319821106130769,True,True,True
burgers,6,8,24,0.020813233400932857,True,True,True
burgers,6,8,25,0.04890102853614419,True,True,True
burgers,6,8,26,0.2027256589405759,True,True,True
burgers,6,8,27,0.07399110391633833,True,True,True
burgers,6,8,28,0.11707551207962784,True,True,True
burgers,6,8,29,0.09347602625871897,True,True,True
burgers,6,16,0,0.11138576363842191,True,True,True
burgers,6,16,1,0.02312884873496284,True,True,True
burgers,6,16,2,0.12673265365989686,True,True,True
burgers,6,16,3,0.046878387415438406,True,True,True
burgers,6,16,4,0.08884500266177943,True,True,True
burgers,6,16,5,0.006767143380665207,True,True,True
burgers,6,16,6,0.014657204403481528,True,True,True
burgers,6,16,7,0.10061824977307449,True,True,True
burgers,6,16,8,0.12138459171228194,True,True,True
burgers,6,16,9,0.0833725451916779,True,True,True
burgers,6,16,10,0.0027550518481713137,True,True,True
burgers,6,16,11,0.0223154388116172,True,True,True
burgers,6,16,12,0.16451425536169437,True,True,True
burgers,6,16,13,0.033408568697276965,True,True,True
burgers,6,16,14,0.0776062136081342,True,True,True
burgers,6,16,15,0.07950411331903512,True,True,True
burgers,6,16,16,0.016195559767862844,True,True,True
burgers,6,16,17,0.003818014459405122,True,True,True
burgers,6,16,18,0.0029109622319177394,True,True,True
burgers,6,16,19,0.05197446697740144,True,True,True
burgers,6,16,20,0.06300451710203912,True,True,True
burgers,6,16,21,0.039793073771383226,True,True,True
burgers,6,16,22,0.013764682839185366,True,True,True
burgers,6,16,23,0.014240301746639301,True,True,True
burgers,6,16,24,0.051971763424861005,True,True,True
burgers,6,16,25,0.07001966382549667,True,True,True
burgers,6,16,26,0.03615198581139226,True,True,True
burgers,6,16,27,0.03531147059845895,True,True,True
burgers,6,16,28,0.10477646065019897,True,True,True
burgers,6,16,29,0.020289293861840762,True,True,True
burgers,6,32,0,0.0367261183174144,True,True,True
burgers,6,32,1,0.005049781212829177,True,True,True
burgers,6,32,2,0.014595732238789603,True,True,True
burgers,6,32,3,0.013412546268859472,True,True,True
burgers,6,32,4,0.02693980721693635,True,True,True
burgers,6,32,5,0.0008449018558943636,True,True,True
burgers,6,32,6,0.008478462496040621,True,True,True
burgers,6,32,7,0.03149160929037478,True,True,True
burgers,6,32,8,0.013428652988980992,True,True,True
burgers,6,32,9,0.015565870315564704,True,True,True
burgers,6,32,10,0.00433820360210203,True,True,True
burgers,6,32,11,0.004583491487395814,True,True,True
burgers,6,32,12,0.0035422131522574196,True,True,True
burgers,6,32,13,0.004678978358450805,True,True,True
burgers,6,32,14,0.026808336113590944,True,True,True
burgers,6,32,15,0.008291183613143967,True,True,True
burgers,6,32,16,0.043786044039402526,True,True,True
burgers,6,32,17,0.010723077005490557,True,True,True
burgers,6,32,18,0.013640760786665892,True,True,True
burgers,6,32,19,0.06365385005314295,True,True,True
burgers,6,32,20,0.015777158731889045,True,True,True
burgers,6,32,21,0.008107396608682772,True,True,True
burgers,6,32,22,0.03771735597308592,True,True,True
burgers,6,32,23,0.0126011678319711,True,True,True
burgers,6,32,24,0.03814394208570468,True,True,True
burgers,6,32,25,0.03734701333516601,True,True,True
burgers,6,32,26,0.008769781121766435,True,True,True
burgers,6,32,27,0.023107141071778175,True,True,True
burgers,6,32,28,0.04269202888318674,True,True,True
burgers,6,32,29,0.004613867144778817,True,True,True
burgers,6,64,0,3.3429886518809076e-15,True,True,True
burgers,6,64,1,3.825524555737531e-15,True,True,True
burgers,6,64,2,1.472922872636529e-14,True,True,True
burgers,6,64,3,1.504296160437787e-14,True,True,True
burgers,6,64,4,4.730786607592319e-15,True,True,True
burgers,6,64,5,6.34475349690611e-15,True,True,True
burgers,6,64,6,1.0443607893182943e-14,True,True,True
burgers,6,64,7,1.815209394123147e-15,True,True,True
burgers,6,64,8,4.340381493111939e-15,True,True,True
burgers,6,64,9,1.6536265314130362e-14,True,True,True
burgers,6,64,10,1.4694768286153694e-15,True,True,True
burgers,6,64,11,4.019615217831287e-15,True,True,True
burgers,6,64,12,1.2012912007137812e-14,True,True,True
burgers,6,64,13,3.615957495140724e-15,True,True,True
burgers,6,64,14,1.753878057816879e-14,True,True,True
burgers,6,64,15,1.0577478882927864e-14,True,True,True
burgers,6,64,16,6.945632262761744e-15,True,True,True
burgers,6,64,17,4.417751965938523e-15,True,True,True
burgers,6,64,18,1.4631056321495752e-15,True,True,True
burgers,6,64,19,1.346615409517183e-14,True,True,True
burgers,6,64,20,1.952222214109737e-14,True,True,True
burgers,6,64,21,6.944746690079475e-15,True,True,True
burgers,6,64,22,5.587543930344968e-16,True,True,True
burgers,6,64,23,1.2000182155699816e-14,True,True,True
burgers,6,64,24,4.166924751129118e-15,True,True,True
burgers,6,64,25,1.1407008665279427e-14,True,True,True
burgers,6,64,26,7.842144006784199e-15,True,True,True
burgers,6,64,27,3.0774443660269724e-15,True,True,True
burgers,6,64,28,1.022782268971727e-14,True,True,True
burgers,6,64,29,2.2512855130819285e-15,True,True,True
burgers,7,2,0,0.4019685007040157,False,False,False
burgers,7,2,1,0.4550883874976933,False,False,False
burgers,7,2,2,0.2790581834938167,False,False,False
burgers,7,2,3,0.29222917157254735,False,False,False
burgers,7,2,4,0.3160552247324526,False,False,False
burgers,7,2,5,0.3151891902722654,False,False,False
burgers,7,2,6,0.4095618859534357,False,False,False
burgers,7,2,7,0.45435380447747603,False,False,False
burgers,7,2,8,0.2817028191767916,False,False,False
burgers,7,2,9,0.4502174022579433,False,False,False
burgers,7,2,10,0.5779264058804621,False,False,False
burgers,7,2,11,0.48027093404678,False,False,False
burgers,7,2,12,0.4602597607539294,False,False,False
burgers,7,2,13,0.27598187940197744,False,False,False
burgers,7,2,14,0.7604092224228667,False,False,False
burgers,7,2,15,0.557915118378707,True,False,False
burgers,7,2,16,0.5923886482061748,True,False,False
burgers,7,2,17,0.22344655771301059,False,False,False
burgers,7,2,18,0.23277604452859627,False,False,False
burgers,7,2,19,0.40665656875444,True,False,False
burgers,7,2,20,0.247914044940085,False,False,False
burgers,7,2,21,0.47671737512124557,False,False,False
burgers,7,2,22,0.27598047986786606,False,False,False
burgers,7,2,23,0.2757286108789311,False,False,False
burgers,7,2,24,0.2631841247813355,False,False,False
burgers,7,2,25,0.6871378420021695,True,False,False
burgers,7,2,26,0.41279551502105394,False,False,False
burgers,7,2,27,0.39974418739877304,False,False,False
burgers,7,2,28,0.3364564052848847,False,False,False
burgers,7,2,29,0.4439733074239745,False,False,False
burgers,7,4,0,0.4076216933452617,False,False,False
burgers,7,4,1,0.3495429136834446,False,False,False
burgers,7,4,2,0.2759539150486618,False,False,False
burgers,7,4,3,0.32438529088622053,False,False,False
burgers,7,4,4,0.256654584328351,False,False,False
burgers,7,4,5,0.2679683329289523,False,False,False
burgers,7,4,6,0.328547984435595,False,False,False
burgers,7,4,7,0.28475559828339214,False,False,False
burgers,7,4,8,0.3081539080755498,False,False,False
burgers,7,4,9,0.3295258804127851,False,False,False
burgers,7,4,10,0.585856028357362,False,False,False
burgers,7,4,11,0.23117227926266123,False,False,False
burgers,7,4,12,0.24805253272612043,False,False,False
burgers,7,4,13,0.2570030410647963,False,False,False
burgers,7,4,14,0.6445849564800863,False,False,False
burgers,7,4,15,0.6092058285070391,True,False,False
burgers,7,4,16,0.5584789117168913,True,False,False
burgers,7,4,17,0.22114521271931006,False,False,False
burgers,7,4,18,0.2270157943723032,False,False,False
burgers,7,4,19,0.4206232856853175,True,False,False
burgers,7,4,20,0.2681926306091675,False,False,False
burgers,7,4,21,0.6374467551077476,False,False,False
burgers,7,4,22,0.36150891671010865,False,False,False
burgers,7,4,23,0.29349539041033373,False,False,False
burgers,7,4,24,0.2479106750019014,False,False,False
burgers,7,4,25,0.6234193289666058,True,False,False
burgers,7,4,26,0.2600099133629055,False,False,False
burgers,7,4,27,0.3351823819893399,False,False,False
burgers,7,4,28,0.3000181380841332,False,False,False
burgers,7,4,29,0.39100237636049456,False,False,False
burgers,7,8,0,0.42189910002253145,False,False,False
burgers,7,8,1,0.2631262550943435,False,False,False
burgers,7,8,2,0.2813657509110552,False,False,False
burgers,7,8,3,0.5127294646460825,False,False,False
burgers,7,8,4,0.11235036814819621,False,False,False
burgers,7,8,5,0.27761676639244315,False,False,False
burgers,7,8,6,0.40096168042048497,False,False,False
burgers,7,8,7,0.11798739344009447,False,False,False
burgers,7,8,8,0.36084394173044454,False,False,False
burgers,7,8,9,0.10549717462990253,False,False,False
burgers,7,8,10,0.3713521054608947,False,False,False
burgers,7,8,11,0.0883449212508924,False,False,False
burgers,7,8,12,0.10608356414892653,False,False,False
burgers,7,8,13,0.2093069347410771,False,False,False
burgers,7,8,14,0.37981324047633885,False,False,False
burgers,7,8,15,0.43310711583651185,True,False,False
burgers,7,8,16,0.26843461209788355,True,False,False
burgers,7,8,17,0.2211781001842021,False,False,False
burgers,7,8,18,0.22487064923722713,False,False,False
burgers,7,8,19,0.3959185004537008,True,False,False
burgers,7,8,20,0.1811166173883992,False,False,False
burgers,7,8,21,0.6162922030905099,False,False,False
burgers,7,8,22,0.16312991113986952,False,False,False
burgers,7,8,23,0.35845788871749823,False,False,False
burgers,7,8,24,0.22435356415515,False,False,False
burgers,7,8,25,0.3905408105937903,True,False,False
burgers,7,8,26,0.2555421838830252,False,False,False
burgers,7,8,27,0.2616203483829421,False,False,False
burgers,7,8,28,0.3036330875634865,False,False,False
burgers,7,8,29,0.23907157761567258,False,False,False
burgers,7,16,0,0.014421746781865568,False,False,False
burgers,7,16,1,0.22444053286570542,False,True,False
burgers,7,16,2,0.09583626331424239,False,False,False
burgers,7,16,3,0.08856055770333927,False,False,False
burgers,7,16,4,0.010351973064989767,False,False,False
burgers,7,16,5,0.044639549729928694,False,False,False
burgers,7,16,6,0.07384901912798092,False,False,False
burgers,7,16,7,0.14604138496541985,False,False,False
burgers,7,16,8,0.08371710888215333,False,False,False
burgers,7,16,9,0.015367508788605848,False,False,False
burgers,7,16,10,0.041403530980595515,False,False,False
burgers,7,16,11,0.12252641694033871,False,False,False
burgers,7,16,12,0.05710818640547624,False,False,False
burgers,7,16,13,0.022859329125325952,False,False,False
burgers,7,16,14,0.045410983297514806,False,False,False
burgers,7,16,15,0.02527786343638856,True,True,False
burgers,7,16,16,0.053507740153879886,True,True,False
burgers,7,16,17,0.03847185967822311,False,False,False
burgers,7,16,18,0.0719622081103967,False,False,False
burgers,7,16,19,0.11649064398099354,True,False,False
burgers,7,16,20,0.013439069652472947,False,False,False
burgers,7,16,21,0.03610712772082286,False,False,False
burgers,7,16,22,0.0626848195359917,False,False,False
burgers,7,16,23,0.1157792589829261,False,False,False
burgers,7,16,24,0.0841941335570336,False,False,False
burgers,7,16,25,0.05616880880431816,True,True,False
burgers,7,16,26,0.04361669316449986,False,False,False
burgers,7,16,27,0.16335502871582222,False,False,False
burgers,7,16,28,0.010407014469750986,False,False,False
burgers,7,16,29,0.0919873885723817,False,False,False
burgers,7,32,0,0.00835604054661085,False,False,False
burgers,7,32,1,0.0011700264313479816,False,False,False
burgers,7,32,2,0.018989621781977033,False,False,False
burgers,7,32,3,0.0028447687493501636,False,False,False
burgers,7,32,4,0.005512926820683521,False,False,False
burgers,7,32,5,0.016121821161999464,False,False,False
burgers,7,32,6,0.012733943934727602,False,False,False
burgers,7,32,7,0.0008710736054479515,False,False,False
burgers,7,32,8,0.004341806900895303,False,False,False
burgers,7,32,9,0.013848689039270726,False,False,False
burgers,7,32,10,0.0007005714733794677,False,False,False
burgers,7,32,11,0.0049897016240161305,False,False,False
burgers,7,32,12,0.007455607746712109,False,False,False
burgers,7,32,13,0.012795857325784681,False,False,False
burgers,7,32,14,0.0005069721077769143,False,False,False
burgers,7,32,15,0.004103318912074994,True,True,False
burgers,7,32,16,0.00450987635350279,True,True,False
burgers,7,32,17,0.007393557125835856,False,False,False
burgers,7,32,18,0.00918811722962437,False,False,False
burgers,7,32,19,0.0031999742080641115,True,True,False
burgers,7,32,20,0.002182507342252041,False,False,False
burgers,7,32,21,0.0061031567898657615,False,False,False
burgers,7,32,22,0.0012049833509968806,False,False,False
burgers,7,32,23,0.009086400467104674,False,False,False
burgers,7,32,24,0.004772812492273885,False,False,False
burgers,7,32,25,0.005772945979728944,True,True,False
burgers,7,32,26,0.005072467427739037,False,False,False
burgers,7,32,27,0.008627015422189042,False,False,False
burgers,7,32,28,0.011893798789474566,False,False,False
burgers,7,32,29,0.004191428124157112,False,False,False
burgers,7,64,0,6.132898008881504e-15,False,False,False
burgers,7,64,1,4.23272189325162e-15,False,False,False
burgers,7,64,2,5.752343046339092e-15,False,False,False
burgers,7,64,3,1.6099101218802758e-14,False,False,False
burgers,7,64,4,1.3491601770238698e-14,False,False,False
burgers,7,64,5,9.065664885454794e-15,False,False,False
burgers,7,64,6,1.0893250277504984e-14,False,False,False
burgers,7,64,7,9.486579273867979e-15,False,False,False
burgers,7,64,8,1.1553258350005535e-14,False,False,False
burgers,7,64,9,1.2575742313822302e-14,False,False,False
burgers,7,64,10,2.603935133922014e-15,False,False,False
burgers,7,64,11,1.5822243417795007e-14,False,False,False
burgers,7,64,12,2.0499196822431828e-14,False,False,False
burgers,7,64,13,1.7277845820729e-14,False,False,False
burgers,7,64,14,1.2637484239413563e-14,False,False,False
burgers,7,64,15,7.6872060247356e-15,True,True,False
burgers,7,64,16,1.2005075147312517e-14,True,True,False
burgers,7,64,17,9.574372544784993e-15,False,False,False
burgers,7,64,18,1.1652137588136213e-14,False,False,False
burgers,7,64,19,9.840325643629792e-15,True,True,False
burgers,7,64,20,8.452548556914241e-15,False,False,False
burgers,7,64,21,1.540622826794874e-14,False,False,False
burgers,7,64,22,1.5140558078108324e-14,False,False,False
burgers,7,64,23,1.0408340855860843e-14,False,False,False
burgers,7,64,24,9.286842128641837e-15,False,False,False
burgers,7,64,25,3.250252645983318e-15,True,True,False
burgers,7,64,26,1.3708706479015342e-14,False,False,False
burgers,7,64,27,1.348042771159852e-14,False,False,False
burgers,7,64,28,1.1115620143081761e-14,False,False,False
burgers,7,64,29,7.947201924318748e-15,False,False,False
burgers,8,2,0,0.36774381221575003,True,True,True
burgers,8,2,1,0.34397250739186047,True,True,True
burgers,8,2,2,0.32366418774774497,True,True,True
burgers,8,2,3,0.4419348278959557,True,True,True
burgers,8,2,4,0.3537549001532288,True,True,True
burgers,8,2,5,0.5868867583011289,True,True,True
burgers,8,2,6,0.42234164210640385,True,True,True
burgers,8,2,7,0.38722550625461205,True,True,True
burgers,8,2,8,0.21214951797105763,True,True,True
burgers,8,2,9,0.3895686139442149,True,True,True
burgers,8,2,10,0.44681170523952385,True,True,True
burgers,8,2,11,0.4569894267626272,True,True,True
burgers,8,2,12,0.73470085710409,True,True,True
burgers,8,2,13,0.4900614179665166,True,True,True
burgers,8,2,14,0.5256978731339216,True,True,True
burgers,8,2,15,0.33923859843085197,True,True,True
burgers,8,2,16,0.3874356805907422,True,True,True
burgers,8,2,17,0.2899110725776038,True,True,True
burgers,8,2,18,0.37522812187088833,True,True,True
burgers,8,2,19,0.31530701420160373,True,True,True
burgers,8,2,20,0.34580292675053276,True,True,True
burgers,8,2,21,0.32816019068576585,True,True,True
burgers,8,2,22,0.5904361975120964,True,True,True
burgers,8,2,23,0.10399031263355386,True,True,True
burgers,8,2,24,0.3018221901007324,True,True,True
burgers,8,2,25,0.45435108928909884,True,True,True
burgers,8,2,26,0.505533553902375,True,True,True
burgers,8,2,27,0.2466697741129809,True,True,True
burgers,8,2,28,0.6650128815654873,True,True,True
burgers,8,2,29,0.4808355292049097,True,True,True
burgers,8,4,0,0.333876639567528,True,True,True
burgers,8,4,1,0.32482485717268783,True,True,True
burgers,8,4,2,0.32945219201521386,True,True,True
burgers,8,4,3,0.4265569993826424,True,True,True
burgers,8,4,4,0.3759477797953699,True,True,True
burgers,8,4,5,0.6209159046536485,True,True,True
burgers,8,4,6,0.4026465942590729,True,True,True
burgers,8,4,7,0.45242850483981106,True,True,True
burgers,8,4,8,0.21106596258480706,True,True,True
burgers,8,4,9,0.3438983755455214,True,True,True
burgers,8,4,10,0.42502072787939404,True,True,True
burgers,8,4,11,0.4480995490663562,True,True,True
burgers,8,4,12,0.7730547556542431,True,True,True
burgers,8,4,13,0.4067509546688539,True,True,True
burgers,8,4,14,0.49188404397653596,True,True,True
burgers,8,4,15,0.3357431056706134,True,True,True
burgers,8,4,16,0.4242966361437151,True,True,True
burgers,8,4,17,0.29710864087441635,True,True,True
burgers,8,4,18,0.3828213913864469,True,True,True
burgers,8,4,19,0.36161318899142547,True,True,True
burgers,8,4,20,0.3328730634110154,True,True,True
burgers,8,4,21,0.30701687163950075,True,True,True
burgers,8,4,22,0.5756142694606596,True,True,True
burgers,8,4,23,0.1215387675622981,True,True,True
burgers,8,4,24,0.30078891382486356,True,True,True
burgers,8,4,25,0.3566148629670835,True,True,True
burgers,8,4,26,0.4628960370979419,True,True,True
burgers,8,4,27,0.2580927936434743,True,True,True
burgers,8,4,28,0.688092330777562,True,True,True
burgers,8,4,29,0.4802717399509606,True,True,True
burgers,8,8,0,0.178766423535353,True,True,True
burgers,8,8,1,0.10231830219184607,True,True,True
burgers,8,8,2,0.26981701522416063,True,True,True
burgers,8,8,3,0.5110905219087533,True,True,True
burgers,8,8,4,0.3598219894130101,True,True,True
burgers,8,8,5,0.38050176238709044,True,True,True
burgers,8,8,6,0.2683056474436643,True,True,True
burgers,8,8,7,0.15585108884891227,True,True,True
burgers,8,8,8,0.08153668467912706,True,True,True
burgers,8,8,9,0.34740916389123094,True,True,True
burgers,8,8,10,0.14749878247936649,True,True,True
burgers,8,8,11,0.10561878976579718,True,True,True
burgers,8,8,12,0.12473935352375487,True,True,True
burgers,8,8,13,0.4732433539861305,True,True,True
burgers,8,8,14,0.1433410076980643,True,True,True
burgers,8,8,15,0.13415842102449585,True,True,True
burgers,8,8,16,0.24248056922785136,True,True,True
burgers,8,8,17,0.1728707678136321,True,True,True
burgers,8,8,18,0.21436767479838217,True,True,True
burgers,8,8,19,0.13287318521477223,True,True,True
burgers,8,8,20,0.4459003378322824,True,True,True
burgers,8,8,21,0.42265840612581224,True,True,True
burgers,8,8,22,0.30612499790944103,True,True,True
burgers,8,8,23,0.22588075728616958,True,True,True
burgers,8,8,24,0.13330778069556104,True,True,True
burgers,8,8,25,0.15612361420245588,True,True,True
burgers,8,8,26,0.040187658716670516,True,True,True
burgers,8,8,27,0.06615725506907431,True,True,True
burgers,8,8,28,0.3364538032492683,True,True,True
burgers,8,8,29,0.11189369046678135,True,True,True
burgers,8,16,0,0.05639386151911929,True,True,True
burgers,8,16,1,0.02658382904542022,True,True,True
burgers,8,16,2,0.04776767532585725,True,True,True
burgers,8,16,3,0.16987972557039274,True,True,True
burgers,8,16,4,0.15788108368885406,True,True,True
burgers,8,16,5,0.2443451081731544,True,True,True
burgers,8,16,6,0.2611278517799701,True,True,True
burgers,8,16,7,0.15378201552879572,True,True,True
burgers,8,16,8,0.04500271302119883,True,True,True
burgers,8,16,9,0.1616098795885689,True,True,True
burgers,8,16,10,0.029138818217634605,True,True,True
burgers,8,16,11,0.09199174328448728,True,True,True
burgers,8,16,12,0.06341044981847083,True,True,True
burgers,8,16,13,0.09034620201587858,True,True,True
burgers,8,16,14,0.07055701737442147,True,True,True
burgers,8,16,15,0.16226658119083273,True,True,True
burgers,8,16,16,0.08844552300952946,True,True,True
burgers,8,16,17,0.08544984010175469,True,True,True
burgers,8,16,18,0.07771261049658125,True,True,True
burgers,8,16,19,0.09994555105165488,True,True,True
burgers,8,16,20,0.02058091029625892,True,True,True
burgers,8,16,21,0.12879459473113652,True,True,True
burgers,8,16,22,0.27652482728947975,True,True,True
burgers,8,16,23,0.05075594321730923,True,True,True
burgers,8,16,24,0.09440358201396735,True,True,True
burgers,8,16,25,0.13293763771122136,True,True,True
burgers,8,16,26,0.045134301218345683,True,True,True
burgers,8,16,27,0.09159851091249045,True,True,True
burgers,8,16,28,0.3754151586490414,True,True,True
burgers,8,16,29,0.18305504713041354,True,True,True
burgers,8,32,0,0.003589564136766072,True,True,True
burgers,8,32,1,0.0004095016317463031,True,True,True
burgers,8,32,2,0.0031433333345668455,True,True,True
burgers,8,32,3,0.011863011355895656,True,True,True
burgers,8,32,4,0.004094204474382933,True,True,True
burgers,8,32,5,0.012399159535435019,True,True,True
burgers,8,32,6,0.001956081190655473,True,True,True
burgers,8,32,7,0.0034007808096086635,True,True,True
burgers,8,32,8,0.003340185467857304,True,True,True
burgers,8,32,9,0.0010007477207829572,True,True,True
burgers,8,32,10,0.0015515750582376514,True,True,True
burgers,8,32,11,0.0037220954056122863,True,True,True
burgers,8,32,12,0.004253921010377283,True,True,True
burgers,8,32,13,0.01234082075410652,True,True,True
burgers,8,32,14,0.0004883971820986023,True,True,True
burgers,8,32,15,0.0029749443786161707,True,True,True
burgers,8,32,16,0.004687765248206556,True,True,True
burgers,8,32,17,0.008961218858169256,True,True,True
burgers,8,32,18,0.005084833860743603,True,True,True
burgers,8,32,19,0.0019895576111735908,True,True,True
burgers,8,32,20,0.003113885344417726,True,True,True
burgers,8,32,21,0.007272713765687336,True,True,True
burgers,8,32,22,0.005234537514332838,True,True,True
burgers,8,32,23,0.0026293019618186296,True,True,True
burgers,8,32,24,0.008845645028354469,True,True,True
burgers,8,32,25,0.003898341674136143,True,True,True
burgers,8,32,26,0.008524658390019278,True,True,True
burgers,8,32,27,0.0015492444617186342,True,True,True
burgers,8,32,28,0.005590413175177251,True,True,True
burgers,8,32,29,0.002891350679578257,True,True,True
burgers,8,64,0,6.621673288896915e-15,True,True,True
burgers,8,64,1,6.444551923362463e-15,True,True,True
burgers,8,64,2,2.6752947004068294e-14,True,True,True
burgers,8,64,3,8.26652656917004e-15,True,True,True
burgers,8,64,4,7.375827379418887e-15,True,True,True
burgers,8,64,5,7.122939128510774e-15,True,True,True
burgers,8,64,6,1.2197511609687156e-14,True,True,True
burgers,8,64,7,4.132572105700061e-15,True,True,True
burgers,8,64,8,1.101486567988498e-14,True,True,True
burgers,8,64,9,5.2859463767901405e-15,True,True,True
burgers,8,64,10,1.7713369833416426e-14,True,True,True
burgers,8,64,11,4.9355307614341545e-15,True,True,True
burgers,8,64,12,7.186220748241906e-15,True,True,True
burgers,8,64,13,4.305095776396817e-15,True,True,True
burgers,8,64,14,1.3570037021154446e-14,True,True,True
burgers,8,64,15,1.0593143116160997e-14,True,True,True
burgers,8,64,16,7.110272386059296e-15,True,True,True
burgers,8,64,17,4.025835789950652e-15,True,True,True
burgers,8,64,18,3.761693647547082e-15,True,True,True
burgers,8,64,19,1.1442249600070176e-14,True,True,True
burgers,8,64,20,1.6165671232193368e-14,True,True,True
burgers,8,64,21,1.1218443166614855e-14,True,True,True
burgers,8,64,22,9.685828528116502e-15,True,True,True
burgers,8,64,23,1.4681880115405235e-14,True,True,True
burgers,8,64,24,2.6700037038078495e-15,True,True,True
burgers,8,64,25,1.3499726510268761e-14,True,True,True
burgers,8,64,26,1.4921121345352823e-14,True,True,True
burgers,8,64,27,1.700520333543154e-14,True,True,True
burgers,8,64,28,7.891148672001247e-15,True,True,True
burgers,8,64,29,6.672966216050846e-15,True,True,True
burgers,9,2,0,0.29228120547552805,True,True,True
burgers,9,2,1,0.2185106353816091,True,True,True
burgers,9,2,2,0.22104959883115724,True,True,True
burgers,9,2,3,0.20847176685788574,True,True,True
burgers,9,2,4,0.4170019933067914,True,True,True
burgers,9,2,5,0.18964717065913422,True,True,True
burgers,9,2,6,0.28441618555794723,True,True,True
burgers,9,2,7,0.2224712927164869,True,True,True
burgers,9,2,8,0.44296691059313725,True,True,True
burgers,9,2,9,0.6657525621125968,True,True,True
burgers,9,2,10,0.2375207454749958,True,True,True
burgers,9,2,11,0.2547550523022991,True,True,True
burgers,9,2,12,0.21955247339288003,True,True,True
burgers,9,2,13,0.22430288569678417,True,True,True
burgers,9,2,14,0.23158001061137568,True,True,True
burgers,9,2,15,0.23593363817415747,True,True,True
burgers,9,2,16,0.1747524180588196,True,True,True
burgers,9,2,17,0.2351756867202282,True,True,True
burgers,9,2,18,0.3982396174017009,True,True,True
burgers,9,2,19,0.27161020063655444,True,True,True
burgers,9,2,20,0.44154353853586664,True,True,True
burgers,9,2,21,0.21424982184450264,True,True,True
burgers,9,2,22,0.3346087686563165,True,True,True
burgers,9,2,23,0.41776654895438564,True,True,True
burgers,9,2,24,0.3439538813949741,True,True,True
burgers,9,2,25,0.23695801096584546,True,True,True
burgers,9,2,26,0.22443993535045,True,True,True
burgers,9,2,27,0.49247145380705826,True,True,True
burgers,9,2,28,0.3515520895133912,True,True,True
burgers,9,2,29,0.3141819498168195,True,True,True
burgers,9,4,0,0.19302323534212026,True,True,True
burgers,9,4,1,0.20722508872841702,True,True,True
burgers,9,4,2,0.2175065186478355,True,True,True
burgers,9,4,3,0.14048319442604262,True,True,True
burgers,9,4,4,0.3521017373434323,True,True,True
burgers,9,4,5,0.18697111119973697,True,True,True
burgers,9,4,6,0.16708534944741418,True,True,True
burgers,9,4,7,0.19024931654585328,True,True,True
burgers,9,4,8,0.3530146976493963,True,True,True
burgers,9,4,9,0.5542409333887113,True,True,True
burgers,9,4,10,0.1938621636008589,True,True,True
burgers,9,4,11,0.33495293084400385,True,True,True
burgers,9,4,12,0.2457196221943561,True,True,True
burgers,9,4,13,0.19398618713040325,True,True,True
burgers,9,4,14,0.21332258562555034,True,True,True
burgers,9,4,15,0.20244531917927694,True,True,True
burgers,9,4,16,0.15027634244740698,True,True,True
burgers,9,4,17,0.30441267909565317,True,True,True
burgers,9,4,18,0.20843147088827998,True,True,True
burgers,9,4,19,0.22377279131761774,True,True,True
burgers,9,4,20,0.30877175041444876,True,True,True
burgers,9,4,21,0.18092970869547323,True,True,True
burgers,9,4,22,0.3987529240611677,True,True,True
burgers,9,4,23,0.32086716179286245,True,True,True
burgers,9,4,24,0.2576890149029589,True,True,True
burgers,9,4,25,0.26942566268582063,True,True,True
burgers,9,4,26,0.16433135865782705,True,True,True
burgers,9,4,27,0.4096494442035967,True,True,True
burgers,9,4,28,0.38954882925129913,True,True,True
burgers,9,4,29,0.5789102742256396,True,True,True
burgers,9,8,0,0.1849730245458541,True,True,True
burgers,9,8,1,0.07514107157550996,True,True,True
burgers,9,8,2,0.29187806185636894,True,True,True
burgers,9,8,3,0.09737995670772764,True,True,True
burgers,9,8,4,0.07923693729256578,True,True,True
burgers,9,8,5,0.09966193549749768,True,True,True
burgers,9,8,6,0.08500311905293823,True,True,True
burgers,9,8,7,0.1525172617671209,True,True,True
burgers,9,8,8,0.06789205350573974,True,True,True
burgers,9,8,9,0.11188191400735195,True,True,True
burgers,9,8,10,0.29504448208048406,True,True,True
burgers,9,8,11,0.4797116692093292,True,True,True
burgers,9,8,12,0.203571563761575,True,True,True
burgers,9,8,13,0.25256051611136915,True,True,True
burgers,9,8,14,0.1255585496962791,True,True,True
burgers,9,8,15,0.2756547970524586,True,True,True
burgers,9,8,16,0.07161380093605602,True,True,True
burgers,9,8,17,0.3012880206933622,True,True,True
burgers,9,8,18,0.05972640570185915,True,True,True
burgers,9,8,19,0.08288567447256451,True,True,True
burgers,9,8,20,0.3143510280333995,True,True,True
burgers,9,8,21,0.07367500439678407,True,True,True
burgers,9,8,22,0.17336455998425976,True,True,True
burgers,9,8,23,0.1578334800174503,True,True,True
burgers,9,8,24,0.1127865257205452,True,True,True
burgers,9,8,25,0.09397885393314281,True,True,True
burgers,9,8,26,0.3090400857118862,True,True,True
burgers,9,8,27,0.08652446449907772,True,True,True
burgers,9,8,28,0.04550947369672333,True,True,True
burgers,9,8,29,0.11347849118901723,True,True,True
burgers,9,16,0,0.04633574809316633,True,True,True
burgers,9,16,1,0.024593780949598652,True,True,True
burgers,9,16,2,0.013062188274826563,True,True,True
burgers,9,16,3,0.09593833980472584,True,True,True
burgers,9,16,4,0.09779482553242778,True,True,True
burgers,9,16,5,0.02302513024045721,True,True,True
burgers,9,16,6,0.03818341052615222,True,True,True
burgers,9,16,7,0.06093309782754632,True,True,True
burgers,9,16,8,0.03911016717973899,True,True,True
burgers,9,16,9,0.02991488727862983,True,True,True
burgers,9,16,10,0.08074505719556434,True,True,True
burgers,9,16,11,0.05712709024453379,True,True,True
burgers,9,16,12,0.088240057109709,True,True,True
burgers,9,16,13,0.12144164091583229,True,True,True
burgers,9,16,14,0.008864442912276293,True,True,True
burgers,9,16,15,0.06979120497481595,True,True,True
burgers,9,16,16,0.011044597902484228,True,True,True
burgers,9,16,17,0.008017667934175323,True,True,True
burgers,9,16,18,0.08391352467689789,True,True,True
burgers,9,16,19,0.017313178953262266,True,True,True
burgers,9,16,20,0.06590909826350029,True,True,True
burgers,9,16,21,0.0192614678990776,True,True,True
burgers,9,16,22,0.043731842539709825,True,True,True
burgers,9,16,23,0.022965689830479818,True,True,True
burgers,9,16,24,0.02938123976636805,True,True,True
burgers,9,16,25,0.0456158220737976,True,True,True
burgers,9,16,26,0.014029594503334374,True,True,True
burgers,9,16,27,0.005570870541607885,True,True,True
burgers,9,16,28,0.05900125677000137,True,True,True
burgers,9,16,29,0.06908544361187714,True,True,True
burgers,9,32,0,0.00258809823716496,True,True,True
burgers,9,32,1,0.0051158179444270035,True,True,True
burgers,9,32,2,0.0025314059648340256,True,True,True
burgers,9,32,3,0.0014970335000020034,True,True,True
burgers,9,32,4,0.0011518095243638225,True,True,True
burgers,9,32,5,0.0037831315039581594,True,True,True
burgers,9,32,6,0.004402524151207372,True,True,True
burgers,9,32,7,0.0031376111687931377,True,True,True
burgers,9,32,8,0.0034199029100313535,True,True,True
burgers,9,32,9,0.0024223527966603896,True,True,True
burgers,9,32,10,0.002285420332245606,True,True,True
burgers,9,32,11,0.006580648710358811,True,True,True
burgers,9,32,12,0.004678325388672756,True,True,True
burgers,9,32,13,0.001642316459565217,True,True,True
burgers,9,32,14,0.0005401115105758691,True,True,True
burgers,9,32,15,0.0002631266751683247,True,True,True
burgers,9,32,16,0.004388293459945069,True,True,True
burgers,9,32,17,0.0013266446585913291,True,True,True
burgers,9,32,18,0.0008001696328987173,True,True,True
burgers,9,32,19,0.003086451606305932,True,True,True
burgers,9,32,20,0.008960258615606419,True,True,True
burgers,9,32,21,0.00377520142281337,True,True,True
burgers,9,32,22,0.0028403864868696872,True,True,True
burgers,9,32,23,0.004425250791572025,True,True,True
burgers,9,32,24,0.003633388132732703,True,True,True
burgers,9,32,25,0.003935762654883827,True,True,True
burgers,9,32,26,0.002995862055101788,True,True,True
burgers,9,32,27,0.0006634335928058883,True,True,True
burgers,9,32,28,0.0018741696602589206,True,True,True
burgers,9,32,29,0.003342016749671992,True,True,True
burgers,9,64,0,1.6720999584940444e-14,True,True,True
burgers,9,64,1,2.261732467978561e-14,True,True,True
burgers,9,64,2,3.0503377601576176e-14,True,True,True
burgers,9,64,3,5.591881124811238e-15,True,True,True
burgers,9,64,4,1.83100062889352e-14,True,True,True
burgers,9,64,5,2.0935510269826096e-14,True,True,True
burgers,9,64,6,2.43759006035571e-14,True,True,True
burgers,9,64,7,2.892998340886521e-14,True,True,True
burgers,9,64,8,1.971166285752446e-14,True,True,True
burgers,9,64,9,3.6308033402737694e-14,True,True,True
burgers,9,64,10,2.022687572988957e-14,True,True,True
burgers,9,64,11,1.2339413345274775e-14,True,True,True
burgers,9,64,12,1.4079015731027766e-14,True,True,True
burgers,9,64,13,6.8469535596804576e-15,True,True,True
burgers,9,64,14,1.4013096238940648e-14,True,True,True
burgers,9,64,15,2.3276519600656798e-14,True,True,True
burgers,9,64,16,3.521835600928114e-14,True,True,True
burgers,9,64,17,2.358530037938067e-14,True,True,True
burgers,9,64,18,1.586101042172494e-14,True,True,True
burgers,9,64,19,1.547286604397513e-14,True,True,True
burgers,9,64,20,3.606360002295084e-14,True,True,True
burgers,9,64,21,2.7510979605516184e-14,True,True,True
burgers,9,64,22,3.2244606290587896e-14,True,True,True
burgers,9,64,23,9.103693276654723e-15,True,True,True
burgers,9,64,24,2.288967626551397e-14,True,True,True
burgers,9,64,25,1.7590448412110882e-14,True,True,True
burgers,9,64,26,2.770353391134961e-14,True,True,True
burgers,9,64,27,4.507700636369183e-14,True,True,True
burgers,9,64,28,2.7769670243871225e-14,True,True,True
burgers,9,64,29,2.0527850252971547e-14,True,True,True
damped_wave,0,2,0,0.36630294182608253,False,False,False
damped_wave,0,2,1,0.3798730595564535,False,False,False
damped_wave,0,2,2,0.3936073922310158,False,False,False
damped_wave,0,2,3,0.6323275540182228,False,False,False
damped_wave,0,2,4,0.3277711779908973,False,False,False
damped_wave,0,2,5,0.3498812199932088,False,False,False
damped_wave,0,2,6,0.5026346427868662,False,False,False
damped_wave,0,2,7,0.45320973007524074,False,False,False
damped_wave,0,2,8,0.555395676075124,False,False,False
damped_wave,0,2,9,0.24427596272592345,False,False,False
damped_wave,0,2,10,0.16596211018965096,False,False,False
damped_wave,0,2,11,0.4624479029812719,False,False,False
damped_wave,0,2,12,0.5901004206214211,False,False,False
damped_wave,0,2,13,0.3285676271075408,False,False,False
damped_wave,0,2,14,0.3644106858897078,False,False,False
damped_wave,0,2,15,0.5325808587457159,False,False,False
damped_wave,0,2,16,0.3563448047036966,False,False,False
damped_wave,0,2,17,0.22733911406523513,False,False,False
damped_wave,0,2,18,0.3491573265773372,False,False,False
damped_wave,0,2,19,0.3995313814366837,False,False,False
damped_wave,0,2,20,0.3663270954272511,False,False,False
damped_wave,0,2,21,0.4292754391717288,False,False,False
damped_wave,0,2,22,0.8046344055316454,False,False,False
damped_wave,0,2,23,0.2670545219529885,False,False,False
damped_wave,0,2,24,0.33742582047899966,False,False,False
damped_wave,0,2,25,0.6944868626463685,False,False,False
damped_wave,0,2,26,0.5806114079114401,False,False,False
damped_wave,0,2,27,0.48434518111832064,False,False,False
damped_wave,0,2,28,0.3819372160336877,False,False,False
damped_wave,0,2,29,0.5345390304925329,False,False,False
damped_wave,0,4,0,0.46197177042374526,False,False,False
damped_wave,0,4,1,0.4035775740221525,False,False,False
damped_wave,0,4,2,0.2107135370316227,False,False,False
damped_wave,0,4,3,0.6498980505785653,False,False,False
damped_wave,0,4,4,0.3865451356408541,False,False,False
damped_wave,0,4,5,0.32797043865520514,False,False,False
damped_wave,0,4,6,0.5871537528805278,False,False,False
damped_wave,0,4,7,0.3768711918875899,False,False,False
damped_wave,0,4,8,0.5042716342915639,False,False,False
damped_wave,0,4,9,0.24454629736154265,False,False,False
damped_wave,0,4,10,0.24663681956253639,False,False,False
damped_wave,0,4,11,0.47070567951980025,False,False,False
damped_wave,0,4,12,0.5515947705635905,False,False,False
damped_wave,0,4,13,0.3435306480599698,False,False,False
damped_wave,0,4,14,0.4219208927031182,False,False,False
damped_wave,0,4,15,0.6154516516435344,False,False,False
damped_wave,0,4,16,0.19293444233059492,False,False,False
damped_wave,0,4,17,0.21599067907796093,False,False,False
damped_wave,0,4,18,0.3121586940162624,False,False,False
damped_wave,0,4,19,0.3531143618992689,False,False,False
damped_wave,0,4,20,0.36395482867557344,False,False,False
damped_wave,0,4,21,0.3233244496349498,False,False,False
damped_wave,0,4,22,0.7698737576286395,False,False,False
damped_wave,0,4,23,0.1815708085488221,False,False,False
damped_wave,0,4,24,0.27714207615564485,False,False,False
damped_wave,0,4,25,0.6246934077425211,False,False,False
damped_wave,0,4,26,0.5848179132400531,False,False,False
damped_wave,0,4,27,0.5584884657587134,False,False,False
damped_wave,0,4,28,0.2997535419794756,False,False,False
damped_wave,0,4,29,0.3985491187736904,False,False,False
damped_wave,0,8,0,0.20925281888041367,False,False,False
damped_wave,0,8,1,0.6343442829362095,False,False,False
damped_wave,0,8,2,0.13396066695742104,False,False,False
damped_wave,0,8,3,0.17938914778167236,False,False,False
damped_wave,0,8,4,0.26432094054878236,False,False,False
damped_wave,0,8,5,0.18800219203099638,False,False,False
damped_wave,0,8,6,0.29979532476900844,False,False,False
damped_wave,0,8,7,0.2119360598929277,False,False,False
damped_wave,0,8,8,0.17000232881983976,False,False,False
damped_wave,0,8,9,0.14921107122944927,False,False,False
damped_wave,0,8,10,0.2308755085059548,False,False,False
damped_wave,0,8,11,0.4423748859495313,False,False,False
damped_wave,0,8,12,0.0920020967997423,False,False,False
damped_wave,0,8,13,0.314398348583893,False,False,False
damped_wave,0,8,14,0.20229290155252574,False,False,False
damped_wave,0,8,15,0.24016399275215838,False,False,False
damped_wave,0,8,16,0.17198384705512432,False,False,False
damped_wave,0,8,17,0.1595898040356612,False,False,False
damped_wave,0,8,18,0.5765805305842305,False,False,False
damped_wave,0,8,19,0.49099222121732367,False,False,False
damped_wave,0,8,20,0.306310890791347,False,False,False
damped_wave,0,8,21,0.19939936297937053,False,False,False
damped_wave,0,8,22,0.5954481355050543,False,False,False
damped_wave,0,8,23,0.09456068853147831,False,False,False
damped_wave,0,8,24,0.22117572486267933,False,False,False
damped_wave,0,8,25,0.44913430098002216,False,False,False
damped_wave,0,8,26,0.23949408650243625,False,False,False
damped_wave,0,8,27,0.5510004418014963,False,False,False
damped_wave,0,8,28,0.19656293960961313,False,False,False
damped_wave,0,8,29,0.3237931383886436,False,False,False
damped_wave,0,16,0,0.14418756008907452,False,False,False
damped_wave,0,16,1,0.18015828388992125,False,False,False
damped_wave,0,16,2,0.01806748219341941,False,False,False
damped_wave,0,16,3,0.05729455021880918,False,False,False
damped_wave,0,16,4,0.1269872365698496,False,False,False
damped_wave,0,16,5,0.08107261401281922,False,False,False
damped_wave,0,16,6,0.09089095232072293,False,False,False
damped_wave,0,16,7,0.15122907986305537,False,False,False
damped_wave,0,16,8,0.35986485122463324,False,False,False
damped_wave,0,16,9,0.06960253637850503,False,False,False
damped_wave,0,16,10,0.03280134437771458,False,False,False
damped_wave,0,16,11,0.12255677550874063,False,False,False
damped_wave,0,16,12,0.001601535611398311,False,False,False
damped_wave,0,16,13,0.15951459312051286,False,False,False
damped_wave,0,16,14,0.059029796432557034,False,False,False
damped_wave,0,16,15,0.2506553123581514,False,False,False
damped_wave,0,16,16,0.01571237132146563,False,False,False
damped_wave,0,16,17,0.04472590696174553,False,False,False
damped_wave,0,16,18,0.14800136051473126,False,False,False
damped_wave,0,16,19,0.4376207509107713,False,False,False
damped_wave,0,16,20,0.0802500157962673,False,False,False
damped_wave,0,16,21,0.020816198882884666,False,False,False
damped_wave,0,16,22,0.05099569134494041,False,False,False
damped_wave,0,16,23,0.10654644220888272,False,False,False
damped_wave,0,16,24,0.1147835282423994,False,False,False
damped_wave,0,16,25,0.1496234868299804,False,False,False
damped_wave,0,16,26,0.21289440721166158,False,False,False
damped_wave,0,16,27,0.06745226781580516,False,False,False
damped_wave,0,16,28,0.10837909339961299,False,False,False
damped_wave,0,16,29,0.18988027112308242,False,False,False
damped_wave,0,32,0,4.28225299371057e-15,False,False,False
damped_wave,0,32,1,1.319787456315854e-16,False,False,False
damped_wave,0,32,2,7.973235058730172e-15,False,False,False
damped_wave,0,32,3,9.502014755318099e-15,False,False,False
damped_wave,0,32,4,2.2737345922318306e-15,False,False,False
damped_wave,0,32,5,3.313559009678639e-15,False,False,False
damped_wave,0,32,6,1.3350882492667156e-15,False,False,False
damped_wave,0,32,7,1.053241741836325e-14,False,False,False
damped_wave,0,32,8,3.523452079551388e-15,False,False,False
damped_wave,0,32,9,6.943339149358059e-15,False,False,False
damped_wave,0,32,10,4.3470815601203014e-15,False,False,False
damped_wave,0,32,11,1.748618363265324e-15,False,False,False
damped_wave,0,32,12,1.2509568738322302e-15,False,False,False
damped_wave,0,32,13,3.4192486126383504e-15,False,False,False
damped_wave,0,32,14,2.191221718891886e-15,False,False,False
damped_wave,0,32,15,6.4062863714676024e-15,False,False,False
damped_wave,0,32,16,4.084538562464537e-15,False,False,False
damped_wave,0,32,17,1.800215931110129e-15,False,False,False
damped_wave,0,32,18,8.547145200082517e-15,False,False,False
damped_wave,0,32,19,6.154045033588058e-15,False,False,False
damped_wave,0,32,20,7.717405531940799e-15,False,False,False
damped_wave,0,32,21,8.583615086331662e-15,False,False,False
damped_wave,0,32,22,2.8386581652246753e-15,False,False,False
damped_wave,0,32,23,5.0478836707659386e-15,False,False,False
damped_wave,0,32,24,8.041530266185927e-15,False,False,False
damped_wave,0,32,25,1.7308677886700492e-15,False,False,False
damped_wave,0,32,26,8.267260629098353e-15,False,False,False
damped_wave,0,32,27,6.10450377073707e-15,False,False,False
damped_wave,0,32,28,2.9746179804037538e-15,False,False,False
damped_wave,0,32,29,3.5618211888076286e-15,False,False,False
damped_wave,0,64,0,1.7178488858096945e-14,False,False,False
damped_wave,0,64,1,2.408738932545822e-15,False,False,False
damped_wave,0,64,2,9.056187433992142e-15,False,False,False
damped_wave,0,64,3,3.099168404933592e-15,False,False,False
damped_wave,0,64,4,2.0366738339535797e-15,False,False,False
damped_wave,0,64,5,5.451022935268665e-15,False,False,False
damped_wave,0,64,6,7.297128860076937e-15,False,False,False
damped_wave,0,64,7,8.804163368279738e-15,False,False,False
damped_wave,0,64,8,6.767265548132704e-15,False,False,False
damped_wave,0,64,9,2.0651887977674985e-15,False,False,False
damped_wave,0,64,10,4.77477225347055e-15,False,False,False
damped_wave,0,64,11,3.4570971057118585e-15,False,False,False
damped_wave,0,64,12,1.3003974855182927e-15,False,False,False
damped_wave,0,64,13,4.026347706802754e-15,False,False,False
damped_wave,0,64,14,6.416984389264688e-15,False,False,False
damped_wave,0,64,15,1.2775154199017084e-14,False,False,False
damped_wave,0,64,16,2.196288958073861e-16,False,False,False
damped_wave,0,64,17,2.9466550405372448e-15,False,False,False
damped_wave,0,64,18,1.4193988596758939e-14,False,False,False
damped_wave,0,64,19,1.3799942091973785e-14,False,False,False
damped_wave,0,64,20,3.4193571623093644e-15,False,False,False
damped_wave,0,64,21,1.3464381589342497e-14,False,False,False
damped_wave,0,64,22,2.6828583312364818e-15,False,False,False
damped_wave,0,64,23,6.254112344469724e-15,False,False,False
damped_wave,0,64,24,8.091190960849869e-15,False,False,False
damped_wave,0,64,25,1.955595791852332e-15,False,False,False
damped_wave,0,64,26,3.574403386783368e-15,False,False,False
damped_wave,0,64,27,6.6249826471259006e-15,False,False,False
damped_wave,0,64,28,3.3837954964879714e-15,False,False,False
damped_wave,0,64,29,3.30378096587773e-15,False,False,False
damped_wave,1,2,0,0.5075101266087055,False,False,False
damped_wave,1,2,1,0.38972627118551456,False,False,False
damped_wave,1,2,2,0.6961324367344244,False,False,False
damped_wave,1,2,3,0.6079127817139633,False,False,False
damped_wave,1,2,4,0.40352507431401274,False,False,False
damped_wave,1,2,5,0.6686586384873818,False,False,False
damped_wave,1,2,6,0.4134834264657331,False,False,False
damped_wave,1,2,7,0.4551805553141617,False,False,False
damped_wave,1,2,8,0.5808438754467405,False,False,False
damped_wave,1,2,9,0.5226003918798788,False,False,False
damped_wave,1,2,10,0.5590448129088722,False,False,False
damped_wave,1,2,11,0.48131210209950737,False,False,False
damped_wave,1,2,12,0.39470566375135874,False,False,False
damped_wave,1,2,13,0.4618069821777825,False,False,False
damped_wave,1,2,14,0.37409313250834947,False,False,False
damped_wave,1,2,15,0.42749757839432134,False,False,False
damped_wave,1,2,16,0.6574643747137477,False,False,False
damped_wave,1,2,17,0.5576973608444351,False,False,False
damped_wave,1,2,18,0.6213901504101673,False,False,False
damped_wave,1,2,19,0.5020459467159643,False,False,False
damped_wave,1,2,20,0.357862652728375,False,False,False
damped_wave,1,2,21,0.375194746725814,False,False,False
damped_wave,1,2,22,0.3894410399711731,False,False,False
damped_wave,1,2,23,0.5447065569000438,False,False,False
damped_wave,1,2,24,0.35089226590991646,False,False,False
damped_wave,1,2,25,0.3674136098787194,False,False,False
damped_wave,1,2,26,0.48357937600003315,False,False,False
damped_wave,1,2,27,0.8089779751138071,False,False,False
damped_wave,1,2,28,0.5825739514497763,False,False,False
damped_wave,1,2,29,0.5706835254558933,False,False,False
damped_wave,1,4,0,0.37564699071887947,False,False,False
damped_wave,1,4,1,0.2725458534600692,False,False,False
damped_wave,1,4,2,0.39130762380355666,False,False,False
damped_wave,1,4,3,0.32663981013272314,False,False,False
damped_wave,1,4,4,0.3446924251072302,False,False,False
damped_wave,1,4,5,0.5290611617358849,False,False,False
damped_wave,1,4,6,0.30659507202298647,False,False,False
damped_wave,1,4,7,0.5922438807135083,False,False,False
damped_wave,1,4,8,0.32814142148461267,False,False,False
damped_wave,1,4,9,0.3748477180222843,False,False,False
damped_wave,1,4,10,0.45698398678157387,False,False,False
damped_wave,1,4,11,0.5869035928067605,False,False,False
damped_wave,1,4,12,0.2934381066390754,False,False,False
damped_wave,1,4,13,0.37552454115330247,False,False,False
damped_wave,1,4,14,0.5250311578683727,False,False,False
damped_wave,1,4,15,0.3808775397441643,False,False,False
damped_wave,1,4,16,0.601420803650018,False,False,False
damped_wave,1,4,17,0.4268066589586502,False,False,False
damped_wave,1,4,18,0.348620495692078,False,False,False
damped_wave,1,4,19,0.36925515400194836,False,False,False
damped_wave,1,4,20,0.25856153624485867,False,False,False
damped_wave,1,4,21,0.24969883365922108,False,False,False
damped_wave,1,4,22,0.43488479532182495,False,False,False
damped_wave,1,4,23,0.42273702413110215,False,False,False
damped_wave,1,4,24,0.3077338268051785,False,False,False
damped_wave,1,4,25,0.36452353739048676,False,False,False
damped_wave,1,4,26,0.48732488446393696,False,False,False
damped_wave,1,4,27,0.7491109971425249,False,False,False
damped_wave,1,4,28,0.39175099920744394,False,False,False
damped_wave,1,4,29,0.3634477553322126,False,False,False
damped_wave,1,8,0,0.3928729986473869,False,False,False
damped_wave,1,8,1,0.16446955585582398,False,False,False
damped_wave,1,8,2,0.2862066459855261,False,False,False
damped_wave,1,8,3,0.24486237552770243,False,False,False
damped_wave,1,8,4,0.27239662647230445,False,False,False
damped_wave,1,8,5,0.36073179488017715,False,False,False
damped_wave,1,8,6,0.12547484827482225,False,False,False
damped_wave,1,8,7,0.27830136415765705,False,False,False
damped_wave,1,8,8,0.32955696295796794,False,False,False
damped_wave,1,8,9,0.6792462887395586,False,False,False
damped_wave,1,8,10,0.2843317271825273,False,False,False
damped_wave,1,8,11,0.6882925958589925,False,False,False
damped_wave,1,8,12,0.20635273440173696,False,False,False
damped_wave,1,8,13,0.1655751094894015,False,False,False
damped_wave,1,8,14,0.6944349405947726,False,False,False
damped_wave,1,8,15,0.4032615159798938,False,False,False
damped_wave,1,8,16,0.7683320612012482,False,False,False
damped_wave,1,8,17,0.4947955986968298,False,False,False
damped_wave,1,8,18,0.3509699355908766,False,False,False
damped_wave,1,8,19,0.5998370890983789,False,False,False
damped_wave,1,8,20,0.39289215259991817,False,False,False
damped_wave,1,8,21,0.1325281136543058,False,False,False
damped_wave,1,8,22,0.21048196273644273,False,False,False
damped_wave,1,8,23,0.3313856951749629,False,False,False
damped_wave,1,8,24,0.18303545845734875,False,False,False
damped_wave,1,8,25,0.23371921619637814,False,False,False
damped_wave,1,8,26,0.19461387015544698,False,False,False
damped_wave,1,8,27,0.1988486637479519,False,False,False
damped_wave,1,8,28,0.19004818550379576,False,False,False
damped_wave,1,8,29,0.2503949355245148,False,False,False
damped_wave,1,16,0,0.1274537426404391,False,False,False
damped_wave,1,16,1,0.060234572063932124,False,False,False
damped_wave,1,16,2,0.04351088562834497,False,False,False
damped_wave,1,16,3,0.25914931497050736,False,False,False
damped_wave,1,16,4,0.09514864637645085,False,False,False
damped_wave,1,16,5,0.28827248532613375,False,False,False
damped_wave,1,16,6,0.266166007647697,False,False,False
damped_wave,1,16,7,0.07515157492627773,False,False,False
damped_wave,1,16,8,0.27443252669904494,False,False,False
damped_wave,1,16,9,0.29847562638444264,False,False,False
damped_wave,1,16,10,0.2935308525777426,False,False,False
damped_wave,1,16,11,0.08923489226013379,False,False,False
damped_wave,1,16,12,0.12332993344764104,False,False,False
damped_wave,1,16,13,0.02992680014171755,False,False,False
damped_wave,1,16,14,0.1712604546035874,False,False,False
damped_wave,1,16,15,0.11850154833117857,False,False,False
damped_wave,1,16,16,0.2774957646958597,False,False,False
damped_wave,1,16,17,0.08403699830959385,False,False,False
damped_wave,1,16,18,0.2853033625745462,False,False,False
damped_wave,1,16,19,0.1357287229738534,False,False,False
damped_wave,1,16,20,0.05946230236849753,False,False,False
damped_wave,1,16,21,0.06840592818549529,False,False,False
damped_wave,1,16,22,0.12329362362456694,False,False,False
damped_wave,1,16,23,0.07481613163124662,False,False,False
damped_wave,1,16,24,0.11512243572279932,False,False,False
damped_wave,1,16,25,0.3405782540278902,False,False,False
damped_wave,1,16,26,0.07907986121288305,False,False,False
damped_wave,1,16,27,0.42524518595318866,False,False,False
damped_wave,1,16,28,0.09270712965202818,False,False,False
damped_wave,1,16,29,0.10044697324300754,False,False,False
damped_wave,1,32,0,1.0549304925976103e-14,False,False,False
damped_wave,1,32,1,4.016757290821993e-15,False,False,False
damped_wave,1,32,2,3.605659484872009e-15,False,False,False
damped_wave,1,32,3,1.897103083871257e-15,False,False,False
damped_wave,1,32,4,8.925164142361947e-15,False,False,False
damped_wave,1,32,5,5.141659400300463e-15,False,False,False
damped_wave,1,32,6,1.2434904452650411e-14,False,False,False
damped_wave,1,32,7,5.9496542892374176e-15,False,False,False
damped_wave,1,32,8,3.3380810387823457e-15,False,False,False
damped_wave,1,32,9,4.318517860491782e-15,False,False,False
damped_wave,1,32,10,5.329505019632913e-15,False,False,False
damped_wave,1,32,11,2.8764967839602323e-15,False,False,False
damped_wave,1,32,12,2.4513133493797946e-15,False,False,False
damped_wave,1,32,13,1.158362342237342e-15,False,False,False
damped_wave,1,32,14,9.148934021051639e-15,False,False,False
damped_wave,1,32,15,6.538599685574119e-15,False,False,False
damped_wave,1,32,16,5.721378062887049e-15,False,False,False
damped_wave,1,32,17,2.3501920150126424e-15,False,False,False
damped_wave,1,32,18,8.452865770762076e-16,False,False,False
damped_wave,1,32,19,2.26189137136117e-15,False,False,False
damped_wave,1,32,20,7.397729047470315e-15,False,False,False
damped_wave,1,32,21,5.201819065296024e-15,False,False,False
damped_wave,1,32,22,8.429915836835025e-15,False,False,False
damped_wave,1,32,23,8.100308211734665e-15,False,False,False
damped_wave,1,32,24,1.1092038991502844e-14,False,False,False
damped_wave,1,32,25,2.5390117533240365e-15,False,False,False
damped_wave,1,32,26,1.5755888790655377e-15,False,False,False
damped_wave,1,32,27,4.718109041736508e-16,False,False,False
damped_wave,1,32,28,4.8152535565915415e-15,False,False,False
damped_wave,1,32,29,3.4693588605636524e-15,False,False,False
damped_wave,1,64,0,4.456056529357806e-15,False,False,False
damped_wave,1,64,1,1.2581968429501142e-14,False,False,False
damped_wave,1,64,2,9.255193483721509e-15,False,False,False
damped_wave,1,64,3,3.5145497647588542e-15,False,False,False
damped_wave,1,64,4,3.210165296359977e-15,False,False,False
damped_wave,1,64,5,1.9040453658423298e-15,False,False,False
damped_wave,1,64,6,1.057400525561189e-14,False,False,False
damped_wave,1,64,7,5.213663973226068e-15,False,False,False
damped_wave,1,64,8,1.6816285220031537e-15,False,False,False
damped_wave,1,64,9,4.534397759619123e-15,False,False,False
damped_wave,1,64,10,9.872312147162595e-15,False,False,False
damped_wave,1,64,11,3.105534493249993e-15,False,False,False
damped_wave,1,64,12,3.160191834999e-15,False,False,False
damped_wave,1,64,13,1.8214603115201387e-15,False,False,False
damped_wave,1,64,14,3.760018348726327e-15,False,False,False
damped_wave,1,64,15,5.4517886517007364e-15,False,False,False
damped_wave,1,64,16,4.458573911275191e-15,False,False,False
damped_wave,1,64,17,1.0825047184612768e-15,False,False,False
damped_wave,1,64,18,2.7656004775103918e-15,False,False,False
damped_wave,1,64,19,1.3843186511928332e-15,False,False,False
damped_wave,1,64,20,7.220570127936052e-15,False,False,False
damped_wave,1,64,21,8.308444544452556e-16,False,False,False
damped_wave,1,64,22,1.3284241328955788e-14,False,False,False
damped_wave,1,64,23,6.0534801997500335e-15,False,False,False
damped_wave,1,64,24,4.4411092309298795e-15,False,False,False
damped_wave,1,64,25,1.0140509039405986e-14,False,False,False
damped_wave,1,64,26,1.452830911130576e-16,False,False,False
damped_wave,1,64,27,9.991600645928049e-15,False,False,False
damped_wave,1,64,28,3.277963295933539e-15,False,False,False
damped_wave,1,64,29,2.845217551172954e-15,False,False,False
damped_wave,2,2,0,0.6053650879128699,False,False,False
damped_wave,2,2,1,0.7397925930433156,False,False,False
damped_wave,2,2,2,0.6361116412767381,False,False,False
damped_wave,2,2,3,0.5772909305428368,False,False,False
damped_wave,2,2,4,0.6005136309162613,False,False,False
damped_wave,2,2,5,0.5350071195394098,False,False,False
damped_wave,2,2,6,0.74948938188592,False,False,False
damped_wave,2,2,7,0.6987880898130282,False,False,False
damped_wave,2,2,8,0.8606499251942591,False,False,False
damped_wave,2,2,9,0.6572348263909171,False,False,False
damped_wave,2,2,10,0.7460896725453441,False,False,False
damped_wave,2,2,11,0.5317985296594298,False,False,False
damped_wave,2,2,12,0.5708870292371162,False,False,False
damped_wave,2,2,13,0.5191744738465396,False,False,False
damped_wave,2,2,14,0.7883904251304511,False,False,False
damped_wave,2,2,15,0.8277633612652839,False,False,False
damped_wave,2,2,16,0.5486053367283497,False,False,False
damped_wave,2,2,17,0.6710848285602046,False,False,False
damped_wave,2,2,18,0.5624001314300594,False,False,False
damped_wave,2,2,19,0.8265743712900488,False,False,False
damped_wave,2,2,20,0.4988036899112669,False,False,False
damped_wave,2,2,21,0.5089967419204597,False,False,False
damped_wave,2,2,22,0.6875392721573488,False,False,False
damped_wave,2,2,23,0.6319145820413943,False,False,False
damped_wave,2,2,24,0.6377804578005632,False,False,False
damped_wave,2,2,25,0.7974994812907805,False,False,False
damped_wave,2,2,26,0.5462724853545916,False,False,False
damped_wave,2,2,27,0.5551694913888562,False,False,False
damped_wave,2,2,28,0.8864645436616616,False,False,False
damped_wave,2,2,29,0.6879188164629139,False,False,False
damped_wave,2,4,0,0.38462091836387485,False,False,False
damped_wave,2,4,1,0.49069555911867935,False,False,False
damped_wave,2,4,2,0.7383355597432499,False,False,False
damped_wave,2,4,3,0.6884348351426163,False,False,False
damped_wave,2,4,4,0.696430351322813,False,False,False
damped_wave,2,4,5,0.6890709907670403,False,False,False
damped_wave,2,4,6,0.4084768518414563,False,False,False
damped_wave,2,4,7,0.5015690190368828,False,False,False
damped_wave,2,4,8,0.890324459955747,False,False,False
damped_wave,2,4,9,0.45152370399383335,False,False,False
damped_wave,2,4,10,0.7592302179171811,False,False,False
damped_wave,2,4,11,0.38272534252781815,False,False,False
damped_wave,2,4,12,0.5322913997394214,False,False,False
damped_wave,2,4,13,0.35861838113600614,False,False,False
damped_wave,2,4,14,0.8157898235349742,False,False,False
damped_wave,2,4,15,0.48760632079581673,False,False,False
damped_wave,2,4,16,0.5338702772438427,False,False,False
damped_wave,2,4,17,0.4038624696170924,False,False,False
damped_wave,2,4,18,0.425735998712577,False,False,False
damped_wave,2,4,19,0.7558802229298951,False,False,False
damped_wave,2,4,20,0.5164096675758976,False,False,False
damped_wave,2,4,21,0.5306129770528748,False,False,False
damped_wave,2,4,22,0.48975904825825173,False,False,False
damped_wave,2,4,23,0.5962533478669096,False,False,False
damped_wave,2,4,24,0.4983062276693079,False,False,False
damped_wave,2,4,25,0.7758509390670216,False,False,False
damped_wave,2,4,26,0.44568627735640626,False,False,False
damped_wave,2,4,27,0.3021882909208197,False,False,False
damped_wave,2,4,28,0.3438112870269589,False,False,False
damped_wave,2,4,29,0.47820690517293424,False,False,False
damped_wave,2,8,0,0.47808169509938364,False,False,False
damped_wave,2,8,1,0.3538927854323545,False,False,False
damped_wave,2,8,2,0.36480051571191136,False,False,False
damped_wave,2,8,3,0.605044328990876,False,False,False
damped_wave,2,8,4,0.36559532562834457,False,False,False
damped_wave,2,8,5,0.23413610166993096,False,False,False
damped_wave,2,8,6,0.20973078480931218,False,False,False
damped_wave,2,8,7,0.30895838134787046,False,False,False
damped_wave,2,8,8,0.40420995932118203,False,False,False
damped_wave,2,8,9,0.36808917933181234,False,False,False
damped_wave,2,8,10,0.5027779147976887,False,False,False
damped_wave,2,8,11,0.23734441033884005,False,False,False
damped_wave,2,8,12,0.26946136533190823,False,False,False
damped_wave,2,8,13,0.3321809630115642,False,False,False
damped_wave,2,8,14,0.8810168600117929,False,False,False
damped_wave,2,8,15,0.4609642615023334,False,False,False
damped_wave,2,8,16,0.07280909638045503,False,False,False
damped_wave,2,8,17,0.34270800209370184,False,False,False
damped_wave,2,8,18,0.5182928960028048,False,False,False
damped_wave,2,8,19,0.24019086934074285,False,False,False
damped_wave,2,8,20,0.31076610313957764,False,False,False
damped_wave,2,8,21,0.5483008437419847,False,False,False
damped_wave,2,8,22,0.4076849904068481,False,False,False
damped_wave,2,8,23,0.2774558953257312,False,False,False
damped_wave,2,8,24,0.4349511558932522,False,False,False
damped_wave,2,8,25,0.7508029713559786,False,False,False
damped_wave,2,8,26,0.42025832283699244,False,False,False
damped_wave,2,8,27,0.1598970600998423,False,False,False
damped_wave,2,8,28,0.2778054264011192,False,False,False
damped_wave,2,8,29,0.3566739265166337,False,False,False
damped_wave,2,16,0,0.057336936875718524,False,False,False
damped_wave,2,16,1,0.03958968910260724,False,False,False
damped_wave,2,16,2,0.019856953466431775,False,False,False
damped_wave,2,16,3,0.03922513360265415,False,False,False
damped_wave,2,16,4,0.013433838415583581,False,False,False
damped_wave,2,16,5,0.018863273824156125,False,False,False
damped_wave,2,16,6,0.06385650955789765,False,False,False
damped_wave,2,16,7,0.013918360819024941,False,False,False
damped_wave,2,16,8,0.04637885925537903,False,False,False
damped_wave,2,16,9,0.027715639772219632,False,False,False
damped_wave,2,16,10,0.022806271364308243,False,False,False
damped_wave,2,16,11,0.10034083658718139,False,False,False
damped_wave,2,16,12,0.11100161745303505,False,False,False
damped_wave,2,16,13,0.09082876128547926,False,False,False
damped_wave,2,16,14,0.008921554076046067,False,False,False
damped_wave,2,16,15,0.011982320788783743,False,False,False
damped_wave,2,16,16,0.014801411273787876,False,False,False
damped_wave,2,16,17,0.06803422727542974,False,False,False
damped_wave,2,16,18,0.06059057585183079,False,False,False
damped_wave,2,16,19,0.06556278737785333,False,False,False
damped_wave,2,16,20,0.01236134514047372,False,False,False
damped_wave,2,16,21,0.07826632577409362,False,False,False
damped_wave,2,16,22,0.04257160948300882,False,False,False
damped_wave,2,16,23,0.01323865444116374,False,False,False
damped_wave,2,16,24,0.011762710666154249,False,False,False
damped_wave,2,16,25,0.03647395304217519,False,False,False
damped_wave,2,16,26,0.04867886514948504,False,False,False
damped_wave,2,16,27,0.14252552674575386,False,False,False
damped_wave,2,16,28,0.014499079932449114,False,False,False
damped_wave,2,16,29,0.036958177227799684,False,False,False
damped_wave,2,32,0,4.3775082285584466e-15,False,False,False
damped_wave,2,32,1,1.1780507770559375e-14,False,False,False
damped_wave,2,32,2,2.361180384839437e-15,False,False,False
damped_wave,2,32,3,1.6776535212446027e-14,False,False,False
damped_wave,2,32,4,2.4993706140873346e-15,False,False,False
damped_wave,2,32,5,1.8597596014755455e-14,False,False,False
damped_wave,2,32,6,4.43644623488206e-15,False,False,False
damped_wave,2,32,7,5.718680408533104e-16,False,False,False
damped_wave,2,32,8,1.5596627722752758e-14,False,False,False
damped_wave,2,32,9,2.0477522010318022e-15,False,False,False
damped_wave,2,32,10,6.635452876717539e-16,False,False,False
damped_wave,2,32,11,3.5037619509672354e-15,False,False,False
damped_wave,2,32,12,4.44492062359383e-15,False,False,False
damped_wave,2,32,13,7.209609029503665e-15,False,False,False
damped_wave,2,32,14,8.241718771815544e-16,False,False,False
damped_wave,2,32,15,4.691457318537502e-15,False,False,False
damped_wave,2,32,16,8.603705930303683e-16,False,False,False
damped_wave,2,32,17,5.2357029597504065e-15,False,False,False
damped_wave,2,32,18,1.0953939661261705e-14,False,False,False
damped_wave,2,32,19,9.440178617111486e-15,False,False,False
damped_wave,2,32,20,1.2181833118771235e-15,False,False,False
damped_wave,2,32,21,4.648720102445404e-15,False,False,False
damped_wave,2,32,22,1.6328691851657746e-15,False,False,False
damped_wave,2,32,23,3.740783459684568e-15,False,False,False
damped_wave,2,32,24,6.863006064875679e-15,False,False,False
damped_wave,2,32,25,8.537173995746056e-16,False,False,False
damped_wave,2,32,26,1.5862961995393562e-15,False,False,False
damped_wave,2,32,27,1.542097034760959e-14,False,False,False
damped_wave,2,32,28,5.1840160019063606e-15,False,False,False
damped_wave,2,32,29,1.7366767786209497e-15,False,False,False
damped_wave,2,64,0,2.779922239912181e-15,False,False,False
damped_wave,2,64,1,1.7080624189234683e-14,False,False,False
damped_wave,2,64,2,3.554181451240472e-15,False,False,False
damped_wave,2,64,3,1.0763098647481765e-14,False,False,False
damped_wave,2,64,4,1.97653511949906e-14,False,False,False
damped_wave,2,64,5,1.3421441207345734e-14,False,False,False
damped_wave,2,64,6,1.82420911885047e-15,False,False,False
damped_wave,2,64,7,1.2100043329923257e-15,False,False,False
damped_wave,2,64,8,1.1336390811068045e-14,False,False,False
damped_wave,2,64,9,1.4940536246957664e-20,False,False,False
damped_wave,2,64,10,1.5698976430699178e-15,False,False,False
damped_wave,2,64,11,3.0864796398484366e-15,False,False,False
damped_wave,2,64,12,2.1522514899462442e-15,False,False,False
damped_wave,2,64,13,3.514271944466202e-15,False,False,False
damped_wave,2,64,14,8.310912297706603e-16,False,False,False
damped_wave,2,64,15,1.1957008998788599e-14,False,False,False
damped_wave,2,64,16,9.437660606935646e-15,False,False,False
damped_wave,2,64,17,3.779134938946352e-15,False,False,False
damped_wave,2,64,18,5.573712918256594e-15,False,False,False
damped_wave,2,64,19,8.617374498065468e-15,False,False,False
damped_wave,2,64,20,5.70785943152608e-15,False,False,False
damped_wave,2,64,21,8.917657736890661e-15,False,False,False
damped_wave,2,64,22,2.952304035608852e-15,False,False,False
damped_wave,2,64,23,5.740620882935793e-15,False,False,False
damped_wave,2,64,24,3.5466489162807152e-15,False,False,False
damped_wave,2,64,25,3.3174571627384476e-15,False,False,False
damped_wave,2,64,26,3.341307809218098e-15,False,False,False
damped_wave,2,64,27,2.2253285325054707e-14,False,False,False
damped_wave,2,64,28,1.0293014901416058e-14,False,False,False
damped_wave,2,64,29,2.335020182545091e-15,False,False,False
damped_wave,3,2,0,0.7368350542256922,False,False,False
damped_wave,3,2,1,0.46753680973745976,False,False,False
damped_wave,3,2,2,0.43603891507913195,False,False,False
damped_wave,3,2,3,0.5177202130603852,False,False,False
damped_wave,3,2,4,0.6480044829008066,False,False,False
damped_wave,3,2,5,0.30832964117822015,False,False,False
damped_wave,3,2,6,0.589779027426206,False,False,False
damped_wave,3,2,7,0.5794769392313278,False,False,False
damped_wave,3,2,8,0.36590693906477667,False,False,False
damped_wave,3,2,9,0.5536364605496197,False,True,False
damped_wave,3,2,10,0.40223237295273234,False,False,False
damped_wave,3,2,11,0.431120018015289,False,False,False
damped_wave,3,2,12,0.41479727665022015,False,False,False
damped_wave,3,2,13,0.41200139183474027,False,False,False
damped_wave,3,2,14,0.3920498479915033,False,False,False
damped_wave,3,2,15,0.4937245736326633,False,False,False
damped_wave,3,2,16,0.36393113948419753,False,False,False
damped_wave,3,2,17,0.8301205309671604,False,False,False
damped_wave,3,2,18,0.3848803975938492,False,False,False
damped_wave,3,2,19,0.43657461268168873,False,False,False
damped_wave,3,2,20,0.4728393418909231,False,False,False
damped_wave,3,2,21,0.40880535909201454,False,False,False
damped_wave,3,2,22,0.3534598965238132,False,False,False
damped_wave,3,2,23,0.4363193736031218,False,False,False
damped_wave,3,2,24,0.5390337852618632,False,False,False
damped_wave,3,2,25,0.6149933831475032,False,False,False
damped_wave,3,2,26,0.5470261481282033,False,False,False
damped_wave,3,2,27,0.718878323611106,False,False,False
damped_wave,3,2,28,0.7557038501788076,False,True,False
damped_wave,3,2,29,0.3777839924409213,False,False,False
damped_wave,3,4,0,0.5081378665003586,False,False,False
damped_wave,3,4,1,0.5343257675197521,False,False,False
damped_wave,3,4,2,0.27080791021050377,False,False,False
damped_wave,3,4,3,0.2710430554674495,False,False,False
damped_wave,3,4,4,0.285947316314271,False,False,False
damped_wave,3,4,5,0.45722802647528255,False,False,False
damped_wave,3,4,6,0.3026924505305097,False,False,False
damped_wave,3,4,7,0.33944707895323595,False,False,False
damped_wave,3,4,8,0.31582825065321085,False,False,False
damped_wave,3,4,9,0.25838987297501564,False,False,False
damped_wave,3,4,10,0.540274146009655,False,False,False
damped_wave,3,4,11,0.3548165579593129,False,False,False
damped_wave,3,4,12,0.2876717762046794,False,False,False
damped_wave,3,4,13,0.2084537251483179,False,False,False
damped_wave,3,4,14,0.36489867821689365,False,False,False
damped_wave,3,4,15,0.39960791843659965,False,False,False
damped_wave,3,4,16,0.37777956455915646,False,False,False
damped_wave,3,4,17,0.4224100657169677,False,False,False
damped_wave,3,4,18,0.260360365358819,False,False,False
damped_wave,3,4,19,0.27904502038282397,False,False,False
damped_wave,3,4,20,0.4378130780855364,False,False,False
damped_wave,3,4,21,0.23030288572486068,False,False,False
damped_wave,3,4,22,0.2278368184209037,False,False,False
damped_wave,3,4,23,0.2612760159043468,False,False,False
damped_wave,3,4,24,0.5628287952112414,False,False,False
damped_wave,3,4,25,0.6321370513337938,False,False,False
damped_wave,3,4,26,0.7364483187665098,False,False,False
damped_wave,3,4,27,0.6463801207221819,False,False,False
damped_wave,3,4,28,0.30466436859601187,False,False,False
damped_wave,3,4,29,0.45097506428132195,False,False,False
damped_wave,3,8,0,0.2921997719201489,False,False,False
damped_wave,3,8,1,0.22033743851572668,False,False,False
damped_wave,3,8,2,0.16450682613523543,False,False,False
damped_wave,3,8,3,0.11050800848033406,False,False,False
damped_wave,3,8,4,0.28571425885926577,False,False,False
damped_wave,3,8,5,0.13368338400774799,False,False,False
damped_wave,3,8,6,0.3716557651835897,False,False,False
damped_wave,3,8,7,0.20696272436551894,False,False,False
damped_wave,3,8,8,0.18875994278164845,False,False,False
damped_wave,3,8,9,0.3583220718628057,False,False,False
damped_wave,3,8,10,0.31089161066228144,False,False,False
damped_wave,3,8,11,0.12424868080258254,False,False,False
damped_wave,3,8,12,0.12155903226007157,False,False,False
damped_wave,3,8,13,0.207526866790585,False,False,False
damped_wave,3,8,14,0.2620041770879679,False,False,False
damped_wave,3,8,15,0.3092913356297618,False,False,False
damped_wave,3,8,16,0.1404338639773355,False,False,False
damped_wave,3,8,17,0.3858248785108215,False,False,False
damped_wave,3,8,18,0.15063936103529962,False,False,False
damped_wave,3,8,19,0.19537569661697052,False,False,False
damped_wave,3,8,20,0.41859492324861386,False,False,False
damped_wave,3,8,21,0.38607979103071954,False,False,False
damped_wave,3,8,22,0.14109805836051367,False,False,False
damped_wave,3,8,23,0.17328848826315613,False,False,False
damped_wave,3,8,24,0.5434573464838491,False,False,False
damped_wave,3,8,25,0.15542396051038396,False,False,False
damped_wave,3,8,26,0.3894534878427044,False,False,False
damped_wave,3,8,27,0.32040506545669956,False,False,False
damped_wave,3,8,28,0.13824081639898134,False,False,False
damped_wave,3,8,29,0.1547675894094341,False,False,False
damped_wave,3,16,0,0.18752270440255567,False,False,False
damped_wave,3,16,1,0.06232436929970092,False,False,False
damped_wave,3,16,2,0.09850236688794495,False,False,False
damped_wave,3,16,3,0.08222990393599107,False,False,False
damped_wave,3,16,4,0.09458716698108392,False,False,False
damped_wave,3,16,5,0.21625054546290332,False,False,False
damped_wave,3,16,6,0.26983524588967817,False,False,False
damped_wave,3,16,7,0.1693646645572837,False,False,False
damped_wave,3,16,8,0.3216666844036838,False,False,False
damped_wave,3,16,9,0.08283794637225522,False,False,False
damped_wave,3,16,10,0.10051718238561284,False,False,False
damped_wave,3,16,11,0.19201703416403187,False,False,False
damped_wave,3,16,12,0.06189740499611691,False,False,False
damped_wave,3,16,13,0.15694039547177296,False,False,False
damped_wave,3,16,14,0.1897224223671019,False,False,False
damped_wave,3,16,15,0.2982283705006679,False,False,False
damped_wave,3,16,16,0.08396631793918158,False,False,False
damped_wave,3,16,17,0.19461521989678024,False,False,False
damped_wave,3,16,18,0.06023618245548319,False,False,False
damped_wave,3,16,19,0.3603825268852463,False,False,False
damped_wave,3,16,20,0.27521959935332085,False,False,False
damped_wave,3,16,21,0.40989759872925874,False,False,False
damped_wave,3,16,22,0.08645264956113054,False,False,False
damped_wave,3,16,23,0.13291881212326992,False,False,False
damped_wave,3,16,24,0.2427655282641399,False,False,False
damped_wave,3,16,25,0.08051721555763851,False,False,False
damped_wave,3,16,26,0.13061078388277844,False,False,False
damped_wave,3,16,27,0.06636349892095332,False,False,False
damped_wave,3,16,28,0.08099834461849484,False,False,False
damped_wave,3,16,29,0.31031403444965766,False,False,False
damped_wave,3,32,0,2.655789458631518e-15,False,False,False
damped_wave,3,32,1,7.414409780624337e-15,False,False,False
damped_wave,3,32,2,3.525076317220573e-15,False,False,False
damped_wave,3,32,3,3.820288014215982e-15,False,False,False
damped_wave,3,32,4,6.29794936667582e-15,False,False,False
damped_wave,3,32,5,1.2355974557499427e-14,False,False,False
damped_wave,3,32,6,4.765051183898373e-15,False,False,False
damped_wave,3,32,7,2.635478640877764e-15,False,False,False
damped_wave,3,32,8,4.432632164071247e-15,False,False,False
damped_wave,3,32,9,2.9899606322844884e-15,False,False,False
damped_wave,3,32,10,3.5547694654103024e-15,False,False,False
damped_wave,3,32,11,6.241059034048195e-15,False,False,False
damped_wave,3,32,12,1.8656662992928494e-15,False,False,False
damped_wave,3,32,13,3.062561624484306e-15,False,False,False
damped_wave,3,32,14,1.0387472081622865e-16,False,False,False
damped_wave,3,32,15,1.1088418527013637e-14,False,False,False
damped_wave,3,32,16,7.457152865569344e-15,False,False,False
damped_wave,3,32,17,1.9214046836558204e-15,False,False,False
damped_wave,3,32,18,1.3218278628775948e-14,False,False,False
damped_wave,3,32,19,6.217971033488411e-15,False,False,False
damped_wave,3,32,20,3.406998521475005e-15,False,False,False
damped_wave,3,32,21,4.21075409376458e-15,False,False,False
damped_wave,3,32,22,1.3373959322958239e-14,False,False,False
damped_wave,3,32,23,1.4183220582935187e-14,False,False,False
damped_wave,3,32,24,9.019541400377955e-15,False,False,False
damped_wave,3,32,25,2.797652521871138e-15,False,False,False
damped_wave,3,32,26,7.95383080416396e-15,False,False,False
damped_wave,3,32,27,8.962445069999303e-15,False,False,False
damped_wave,3,32,28,6.916195114986708e-15,False,False,False
damped_wave,3,32,29,2.3009162438822805e-15,False,False,False
damped_wave,3,64,0,7.248109104653923e-16,False,False,False
damped_wave,3,64,1,1.211739147747683e-14,False,False,False
damped_wave,3,64,2,1.2315478417646855e-15,False,False,False
damped_wave,3,64,3,1.020668607912052e-14,False,False,False
damped_wave,3,64,4,1.4101902137746104e-15,False,False,False
damped_wave,3,64,5,1.7040971384366737e-14,False,False,False
damped_wave,3,64,6,1.2267652290466917e-14,False,False,False
damped_wave,3,64,7,3.1925518814961834e-15,False,False,False
damped_wave,3,64,8,7.73440875220997e-15,False,False,False
damped_wave,3,64,9,3.570834810506484e-15,False,False,False
damped_wave,3,64,10,3.1052130797765024e-15,False,False,False
damped_wave,3,64,11,7.078434111637902e-15,False,False,False
damped_wave,3,64,12,8.194093393718536e-15,False,False,False
damped_wave,3,64,13,1.7461039155180733e-14,False,False,False
damped_wave,3,64,14,2.5862563916425143e-15,False,False,False
damped_wave,3,64,15,1.1477577650234258e-14,False,False,False
damped_wave,3,64,16,8.096011954745054e-15,False,False,False
damped_wave,3,64,17,5.4311424253417e-15,False,False,False
damped_wave,3,64,18,5.513328451161442e-15,False,False,False
damped_wave,3,64,19,7.74147540912257e-15,False,False,False
damped_wave,3,64,20,3.3313209054330512e-15,False,False,False
damped_wave,3,64,21,1.2840781887633488e-14,False,False,False
damped_wave,3,64,22,1.0349470398430554e-14,False,False,False
damped_wave,3,64,23,1.793277656598547e-14,False,False,False
damped_wave,3,64,24,5.421056125750641e-15,False,False,False
damped_wave,3,64,25,2.7974248288270044e-15,False,False,False
damped_wave,3,64,26,1.053383386919425e-14,False,False,False
damped_wave,3,64,27,3.5279139135762317e-15,False,False,False
damped_wave,3,64,28,1.3252022736272556e-14,False,False,False
damped_wave,3,64,29,4.685821521957219e-15,False,False,False
damped_wave,4,2,0,0.6640712354564168,True,True,True
damped_wave,4,2,1,0.5353235994710616,True,True,True
damped_wave,4,2,2,0.49699608142724283,True,True,True
damped_wave,4,2,3,0.5792273526319147,True,True,True
damped_wave,4,2,4,0.3552506656088622,True,True,True
damped_wave,4,2,5,0.45881094497205993,True,True,True
damped_wave,4,2,6,0.3636780825659607,True,True,True
damped_wave,4,2,7,0.7275433177768174,True,True,True
damped_wave,4,2,8,0.3521018935490254,True,True,True
damped_wave,4,2,9,0.5404562050200272,True,True,True
damped_wave,4,2,10,0.45567798769278817,True,True,True
damped_wave,4,2,11,0.3909103790913457,True,True,True
damped_wave,4,2,12,0.5077789316651843,True,True,True
damped_wave,4,2,13,0.5903984165868392,True,True,True
damped_wave,4,2,14,0.5133560692777835,True,True,True
damped_wave,4,2,15,0.4862293266721523,True,True,True
damped_wave,4,2,16,0.6629155442854293,True,True,True
damped_wave,4,2,17,0.6237445701203879,True,True,True
damped_wave,4,2,18,0.7030948419892549,True,True,True
damped_wave,4,2,19,0.770318307250299,True,True,True
damped_wave,4,2,20,0.45885957631079183,True,True,True
damped_wave,4,2,21,0.8415243006406552,True,True,True
damped_wave,4,2,22,0.486256148410217,True,True,True
damped_wave,4,2,23,0.6994525162708105,True,True,True
damped_wave,4,2,24,0.6336458759784309,True,True,True
damped_wave,4,2,25,0.5631947386656279,True,True,True
damped_wave,4,2,26,0.48789330505680284,True,True,True
damped_wave,4,2,27,0.4198588886002944,True,True,True
damped_wave,4,2,28,0.3993034928881166,True,True,True
damped_wave,4,2,29,0.428710160599423,True,True,True
damped_wave,4,4,0,0.4895601894313323,True,True,True
damped_wave,4,4,1,0.4968021489401473,True,True,True
damped_wave,4,4,2,0.39468614583489814,True,True,True
damped_wave,4,4,3,0.5209287644991776,True,True,True
damped_wave,4,4,4,0.33496909843472367,True,True,True
damped_wave,4,4,5,0.4119848933795226,True,True,True
damped_wave,4,4,6,0.4063379032473001,True,True,True
damped_wave,4,4,7,0.6966686160731057,True,True,True
damped_wave,4,4,8,0.37728827507373563,True,True,True
damped_wave,4,4,9,0.5448473684475409,True,True,True
damped_wave,4,4,10,0.3977945700020203,True,True,True
damped_wave,4,4,11,0.34038411076484365,True,True,True
damped_wave,4,4,12,0.6127478177783456,True,True,True
damped_wave,4,4,13,0.508639175436972,True,True,True
damped_wave,4,4,14,0.30759359667160985,True,True,True
damped_wave,4,4,15,0.4002923766223702,True,True,True
damped_wave,4,4,16,0.6267431551567942,True,True,True
damped_wave,4,4,17,0.5337163276280081,True,True,True
damped_wave,4,4,18,0.7344600981584135,True,True,True
damped_wave,4,4,19,0.5274139730113871,True,True,True
damped_wave,4,4,20,0.5383691182719554,True,True,True
damped_wave,4,4,21,0.8045413299885456,True,True,True
damped_wave,4,4,22,0.4827565031530919,True,True,True
damped_wave,4,4,23,0.6153620704651285,True,True,True
damped_wave,4,4,24,0.5543106834943106,True,True,True
damped_wave,4,4,25,0.48960669756178526,True,True,True
damped_wave,4,4,26,0.4974827163858747,True,True,True
damped_wave,4,4,27,0.37957562994620203,True,True,True
damped_wave,4,4,28,0.39000396753591754,True,True,True
damped_wave,4,4,29,0.2995178802142556,True,True,True
damped_wave,4,8,0,0.6090018283040061,True,True,True
damped_wave,4,8,1,0.22017311837526224,True,True,True
damped_wave,4,8,2,0.2504425979581106,True,True,True
damped_wave,4,8,3,0.2518379425617312,True,True,True
damped_wave,4,8,4,0.18687320062789678,True,True,True
damped_wave,4,8,5,0.17549112978289597,True,True,True
damped_wave,4,8,6,0.08535955789897967,True,True,True
damped_wave,4,8,7,0.21391602017874997,True,True,True
damped_wave,4,8,8,0.2612051206537093,True,True,True
damped_wave,4,8,9,0.21089711308911332,True,True,True
damped_wave,4,8,10,0.49394255397867154,True,True,True
damped_wave,4,8,11,0.20643149949174527,True,True,True
damped_wave,4,8,12,0.653067983063025,True,True,True
damped_wave,4,8,13,0.1236218055145541,True,True,True
damped_wave,4,8,14,0.09084689594347325,True,True,True
damped_wave,4,8,15,0.2726452409029787,True,True,True
damped_wave,4,8,16,0.3151199154467377,True,True,True
damped_wave,4,8,17,0.8643946710060337,True,True,True
damped_wave,4,8,18,0.31218379096898297,True,True,True
damped_wave,4,8,19,0.1804893802395927,True,True,True
damped_wave,4,8,20,0.07176498829712485,True,True,True
damped_wave,4,8,21,0.12946666531395867,True,True,True
damped_wave,4,8,22,0.3473024581944072,True,True,True
damped_wave,4,8,23,0.5203567206349977,True,True,True
damped_wave,4,8,24,0.23972450122887803,True,True,True
damped_wave,4,8,25,0.2223225524627888,True,True,True
damped_wave,4,8,26,0.26393402454868803,True,True,True
damped_wave,4,8,27,0.2471791525008836,True,True,True
damped_wave,4,8,28,0.12140002201477958,True,True,True
damped_wave,4,8,29,0.15132219686241363,True,True,True
damped_wave,4,16,0,0.033374049524512825,True,True,True
damped_wave,4,16,1,0.1212034905536073,True,True,True
damped_wave,4,16,2,0.05629624633783019,True,True,True
damped_wave,4,16,3,0.020986711981489804,True,True,True
damped_wave,4,16,4,0.18777860084498663,True,True,True
damped_wave,4,16,5,0.10186575109262143,True,True,True
damped_wave,4,16,6,0.12512643560065506,True,True,True
damped_wave,4,16,7,0.021679202370865146,True,True,True
damped_wave,4,16,8,0.034885756747273955,True,True,True
damped_wave,4,16,9,0.032508506051955904,True,True,True
damped_wave,4,16,10,0.041302421681377946,True,True,True
damped_wave,4,16,11,0.005330707584772021,True,True,True
damped_wave,4,16,12,0.27976533840555967,True,True,True
damped_wave,4,16,13,0.10961430192203503,True,True,True
damped_wave,4,16,14,0.18132125467881532,True,True,True
damped_wave,4,16,15,0.041970163164457286,True,True,True
damped_wave,4,16,16,0.043085232567432394,True,True,True
damped_wave,4,16,17,0.03259367828461061,True,True,True
damped_wave,4,16,18,0.03656802390914396,True,True,True
damped_wave,4,16,19,0.04818789008152891,True,True,True
damped_wave,4,16,20,0.13387839830932924,True,True,True
damped_wave,4,16,21,0.14237249465121496,True,True,True
damped_wave,4,16,22,0.007466529092161006,True,True,True
damped_wave,4,16,23,0.11204246800140742,True,True,True
damped_wave,4,16,24,0.07564378390186872,True,True,True
damped_wave,4,16,25,0.05497454151091859,True,True,True
damped_wave,4,16,26,0.03571728379134338,True,True,True
damped_wave,4,16,27,0.1853419141439396,True,True,True
damped_wave,4,16,28,0.05739829647731474,True,True,True
damped_wave,4,16,29,0.14756580537922576,True,True,True
damped_wave,4,32,0,1.2712644391244877e-15,True,True,True
damped_wave,4,32,1,4.177336960269532e-15,True,True,True
damped_wave,4,32,2,3.378164699464867e-15,True,True,True
damped_wave,4,32,3,1.8258473627582553e-15,True,True,True
damped_wave,4,32,4,5.394392038126551e-15,True,True,True
damped_wave,4,32,5,2.050275654595652e-15,True,True,True
damped_wave,4,32,6,2.4421662951870696e-16,True,True,True
damped_wave,4,32,7,3.75639503979078e-15,True,True,True
damped_wave,4,32,8,7.345273207418931e-15,True,True,True
damped_wave,4,32,9,2.2946351311553127e-15,True,True,True
damped_wave,4,32,10,4.506017926247979e-15,True,True,True
damped_wave,4,32,11,1.16050295258998e-15,True,True,True
damped_wave,4,32,12,1.176584011646345e-14,True,True,True
damped_wave,4,32,13,4.079771039718452e-15,True,True,True
damped_wave,4,32,14,1.487051116386928e-14,True,True,True
damped_wave,4,32,15,7.486858352442503e-15,True,True,True
damped_wave,4,32,16,4.534997514366729e-15,True,True,True
damped_wave,4,32,17,1.5730352988990469e-15,True,True,True
damped_wave,4,32,18,1.2009979358895211e-15,True,True,True
damped_wave,4,32,19,3.524234201037909e-16,True,True,True
damped_wave,4,32,20,5.386350334616826e-15,True,True,True
damped_wave,4,32,21,7.536538331916117e-15,True,True,True
damped_wave,4,32,22,5.398064750755676e-16,True,True,True
damped_wave,4,32,23,4.356705390145902e-15,True,True,True
damped_wave,4,32,24,7.366164702208847e-15,True,True,True
damped_wave,4,32,25,2.007134388342675e-15,True,True,True
damped_wave,4,32,26,3.6425671324283624e-15,True,True,True
damped_wave,4,32,27,5.589388705412929e-15,True,True,True
damped_wave,4,32,28,1.4108324977034858e-14,True,True,True
damped_wave,4,32,29,3.5324824298254737e-15,True,True,True
damped_wave,4,64,0,1.3080190284303763e-15,True,True,True
damped_wave,4,64,1,3.4593189919283513e-15,True,True,True
damped_wave,4,64,2,2.660416510949475e-15,True,True,True
damped_wave,4,64,3,2.2807142113454306e-15,True,True,True
damped_wave,4,64,4,7.117678929015311e-15,True,True,True
damped_wave,4,64,5,2.711244223109149e-15,True,True,True
damped_wave,4,64,6,3.568788837165138e-15,True,True,True
damped_wave,4,64,7,5.9553472705082044e-15,True,True,True
damped_wave,4,64,8,1.472002522567188e-14,True,True,True
damped_wave,4,64,9,1.910882943357722e-15,True,True,True
damped_wave,4,64,10,3.2786879382164415e-15,True,True,True
damped_wave,4,64,11,3.60901766900042e-15,True,True,True
damped_wave,4,64,12,1.0087456400780766e-14,True,True,True
damped_wave,4,64,13,5.4761174058621035e-15,True,True,True
damped_wave,4,64,14,1.322772972641293e-14,True,True,True
damped_wave,4,64,15,3.5198064637872713e-15,True,True,True
damped_wave,4,64,16,1.1171856999749565e-15,True,True,True
damped_wave,4,64,17,3.089515728267889e-15,True,True,True
damped_wave,4,64,18,4.8934381754597975e-15,True,True,True
damped_wave,4,64,19,1.8414547426247437e-15,True,True,True
damped_wave,4,64,20,1.3806637383557361e-19,True,True,True
damped_wave,4,64,21,5.408919894925959e-15,True,True,True
damped_wave,4,64,22,2.4410634163788678e-15,True,True,True
damped_wave,4,64,23,8.683114898021384e-15,True,True,True
damped_wave,4,64,24,2.362870174319633e-15,True,True,True
damped_wave,4,64,25,1.904921252935944e-15,True,True,True
damped_wave,4,64,26,3.645440744906438e-15,True,True,True
damped_wave,4,64,27,4.4455039568547795e-15,True,True,True
damped_wave,4,64,28,1.4809798280227445e-14,True,True,True
damped_wave,4,64,29,1.0575427958705675e-14,True,True,True
damped_wave,5,2,0,0.26530660362154457,True,True,True
damped_wave,5,2,1,0.3154896818868181,True,True,True
damped_wave,5,2,2,0.1426599513589485,True,True,True
damped_wave,5,2,3,0.5426701877311848,True,True,True
damped_wave,5,2,4,0.1359212745161732,True,True,True
damped_wave,5,2,5,0.16674446125724784,True,True,True
damped_wave,5,2,6,0.12732462260601088,True,True,True
damped_wave,5,2,7,0.33832316239087556,True,True,True
damped_wave,5,2,8,0.5550130679838368,True,True,True
damped_wave,5,2,9,0.13743692104400163,True,True,True
damped_wave,5,2,10,0.09413781815639574,True,True,True
damped_wave,5,2,11,0.2858695624325376,True,True,True
damped_wave,5,2,12,0.07129473770974247,True,True,True
damped_wave,5,2,13,0.5049482339531817,True,True,True
damped_wave,5,2,14,0.7310429129001605,True,True,True
damped_wave,5,2,15,0.8110101767376419,True,True,True
damped_wave,5,2,16,0.14123498285578742,True,True,True
damped_wave,5,2,17,0.2501300611216304,True,True,True
damped_wave,5,2,18,0.46425264734292204,True,True,True
damped_wave,5,2,19,0.34622373970390186,True,True,True
damped_wave,5,2,20,0.3265496825132098,True,True,True
damped_wave,5,2,21,0.17677039616266363,True,True,True
damped_wave,5,2,22,0.004602256804974888,True,True,True
damped_wave,5,2,23,0.16475316584678767,True,True,True
damped_wave,5,2,24,0.2965256368057517,True,True,True
damped_wave,5,2,25,0.14716376360731184,True,True,True
damped_wave,5,2,26,0.2918907566123847,True,True,True
damped_wave,5,2,27,0.09045193957704112,True,True,True
damped_wave,5,2,28,0.16075819870216795,True,True,True
damped_wave,5,2,29,0.3002259816003092,True,True,True
damped_wave,5,4,0,0.275909690259037,True,True,True
damped_wave,5,4,1,0.0812420006176866,True,True,True
damped_wave,5,4,2,0.20304878731036805,True,True,True
damped_wave,5,4,3,0.21684886039242143,True,True,True
damped_wave,5,4,4,0.15461005438304934,True,True,True
damped_wave,5,4,5,0.16492357515208028,True,True,True
damped_wave,5,4,6,0.0948575721187089,True,True,True
damped_wave,5,4,7,0.3534123512182735,True,True,True
damped_wave,5,4,8,0.4529141402779956,True,True,True
damped_wave,5,4,9,0.020873636178545624,True,True,True
damped_wave,5,4,10,0.018390275485981003,True,True,True
damped_wave,5,4,11,0.23363082503020066,True,True,True
damped_wave,5,4,12,0.0039799414926486075,True,True,True
damped_wave,5,4,13,0.10938845739343185,True,True,True
damped_wave,5,4,14,0.2991913323384122,True,True,True
damped_wave,5,4,15,0.15994203590361747,True,True,True
damped_wave,5,4,16,0.09083698230368159,True,True,True
damped_wave,5,4,17,0.1802320136955286,True,True,True
damped_wave,5,4,18,0.19235157714200368,True,True,True
damped_wave,5,4,19,0.023049818717380433,True,True,True
damped_wave,5,4,20,0.19067056681627695,True,True,True
damped_wave,5,4,21,0.19721700549942411,True,True,True
damped_wave,5,4,22,0.01715208140361607,True,True,True
damped_wave,5,4,23,0.04782895001520488,True,True,True
damped_wave,5,4,24,0.4167019283247366,True,True,True
damped_wave,5,4,25,0.087469956319499,True,True,True
damped_wave,5,4,26,0.3199422090028759,True,True,True
damped_wave,5,4,27,0.048613009342511684,True,True,True
damped_wave,5,4,28,0.16919867753879275,True,True,True
damped_wave,5,4,29,0.015462160396611111,True,True,True
damped_wave,5,8,0,0.028207355873047395,True,True,True
damped_wave,5,8,1,0.03618903228627651,True,True,True
damped_wave,5,8,2,0.05687571867360039,True,True,True
damped_wave,5,8,3,0.07536994690527271,True,True,True
damped_wave,5,8,4,0.265857500519982,True,True,True
damped_wave,5,8,5,0.1690043365439584,True,True,True
damped_wave,5,8,6,0.05803876132465165,True,True,True
damped_wave,5,8,7,0.21190633064349806,True,True,True
damped_wave,5,8,8,0.18722692246722272,True,True,True
damped_wave,5,8,9,0.00887827352650951,True,True,True
damped_wave,5,8,10,0.008475325854420424,True,True,True
damped_wave,5,8,11,0.2006894641012333,True,True,True
damped_wave,5,8,12,0.002582968038260079,True,True,True
damped_wave,5,8,13,0.13992033383214036,True,True,True
damped_wave,5,8,14,0.04220017818740153,True,True,True
damped_wave,5,8,15,0.19921045384842528,True,True,True
damped_wave,5,8,16,0.10715275296457755,True,True,True
damped_wave,5,8,17,0.061509998496268814,True,True,True
damped_wave,5,8,18,0.12456846290783011,True,True,True
damped_wave,5,8,19,0.007207039230061915,True,True,True
damped_wave,5,8,20,0.41834489120635754,True,True,True
damped_wave,5,8,21,0.12140136685372944,True,True,True
damped_wave,5,8,22,0.0041600776334825545,True,True,True
damped_wave,5,8,23,0.26514369862343823,True,True,True
damped_wave,5,8,24,0.6010424637646103,True,True,True
damped_wave,5,8,25,0.09041385889185909,True,True,True
damped_wave,5,8,26,0.42261443682909505,True,True,True
damped_wave,5,8,27,0.04235564527861778,True,True,True
damped_wave,5,8,28,0.06600156783994657,True,True,True
damped_wave,5,8,29,0.047430409956782806,True,True,True
damped_wave,5,16,0,0.014539164670995664,True,True,True
damped_wave,5,16,1,0.029104071279080594,True,True,True
damped_wave,5,16,2,0.0036385423905792914,True,True,True
damped_wave,5,16,3,0.0039123439071974886,True,True,True
damped_wave,5,16,4,0.13318376561263817,True,True,True
damped_wave,5,16,5,0.06483627902492473,True,True,True
damped_wave,5,16,6,0.029533985558081854,True,True,True
damped_wave,5,16,7,0.09685746126351795,True,True,True
damped_wave,5,16,8,0.0005148535302411979,True,True,True
damped_wave,5,16,9,0.0058278712074886045,True,True,True
damped_wave,5,16,10,0.0019044769572885024,True,True,True
damped_wave,5,16,11,0.022375581272807844,True,True,True
damped_wave,5,16,12,0.0014972636008448183,True,True,True
damped_wave,5,16,13,0.1938694837415614,True,True,True
damped_wave,5,16,14,0.02036279068304666,True,True,True
damped_wave,5,16,15,0.008186302839475655,True,True,True
damped_wave,5,16,16,0.07078759289099824,True,True,True
damped_wave,5,16,17,0.00720519484925254,True,True,True
damped_wave,5,16,18,0.035735496329139096,True,True,True
damped_wave,5,16,19,0.001590519053908536,True,True,True
damped_wave,5,16,20,0.09350799934148701,True,True,True
damped_wave,5,16,21,0.010437117279364048,True,True,True
damped_wave,5,16,22,0.0018347385845864767,True,True,True
damped_wave,5,16,23,0.10141379865111469,True,True,True
damped_wave,5,16,24,0.040628263879298576,True,True,True
damped_wave,5,16,25,0.13229001353154632,True,True,True
damped_wave,5,16,26,0.10697227998515815,True,True,True
damped_wave,5,16,27,0.0008737480414670771,True,True,True
damped_wave,5,16,28,0.09309880238281862,True,True,True
damped_wave,5,16,29,0.006314591378950152,True,True,True
damped_wave,5,32,0,4.289998390243698e-15,True,True,True
damped_wave,5,32,1,2.237797555751712e-16,True,True,True
damped_wave,5,32,2,3.6084196556234404e-16,True,True,True
damped_wave,5,32,3,8.364874036051172e-16,True,True,True
damped_wave,5,32,4,3.5518662266861103e-15,True,True,True
damped_wave,5,32,5,1.0367035215114737e-14,True,True,True
damped_wave,5,32,6,3.004436293831415e-15,True,True,True
damped_wave,5,32,7,9.551448709810421e-15,True,True,True
damped_wave,5,32,8,1.3430639312191777e-15,True,True,True
damped_wave,5,32,9,2.359239015805617e-16,True,True,True
damped_wave,5,32,10,6.9395292904975e-18,True,True,True
damped_wave,5,32,11,2.238962237042285e-15,True,True,True
damped_wave,5,32,12,3.469627278286408e-18,True,True,True
damped_wave,5,32,13,1.887535846065288e-15,True,True,True
damped_wave,5,32,14,6.902438731083554e-16,True,True,True
damped_wave,5,32,15,4.219051261277277e-15,True,True,True
damped_wave,5,32,16,1.468709658133337e-14,True,True,True
damped_wave,5,32,17,7.519452907935003e-15,True,True,True
damped_wave,5,32,18,1.353537516928561e-16,True,True,True
damped_wave,5,32,19,4.764589106065373e-22,True,True,True
damped_wave,5,32,20,1.5092269655172691e-15,True,True,True
damped_wave,5,32,21,9.208163569141275e-15,True,True,True
damped_wave,5,32,22,5.57354561948979e-17,True,True,True
damped_wave,5,32,23,9.211684486201121e-16,True,True,True
damped_wave,5,32,24,2.3672470862927956e-15,True,True,True
damped_wave,5,32,25,1.3719549087147425e-15,True,True,True
damped_wave,5,32,26,6.153770336762932e-15,True,True,True
damped_wave,5,32,27,4.987371354874711e-18,True,True,True
damped_wave,5,32,28,3.421983040572362e-15,True,True,True
damped_wave,5,32,29,3.988263235439195e-16,True,True,True
damped_wave,5,64,0,5.485764999341153e-15,True,True,True
damped_wave,5,64,1,2.238161767769988e-16,True,True,True
damped_wave,5,64,2,1.3891624683157585e-19,True,True,True
damped_wave,5,64,3,4.01184364195387e-23,True,True,True
damped_wave,5,64,4,1.0596575730004048e-14,True,True,True
damped_wave,5,64,5,2.5831158320866846e-15,True,True,True
damped_wave,5,64,6,2.9787386912736106e-15,True,True,True
damped_wave,5,64,7,8.648884153073409e-16,True,True,True
damped_wave,5,64,8,1.526878544407862e-15,True,True,True
damped_wave,5,64,9,2.0470052020838102e-16,True,True,True
damped_wave,5,64,10,1.058210974806296e-25,True,True,True
damped_wave,5,64,11,7.116262619606396e-16,True,True,True
damped_wave,5,64,12,1.38779681344628e-17,True,True,True
damped_wave,5,64,13,2.3256475434273323e-16,True,True,True
damped_wave,5,64,14,3.212200412224029e-18,True,True,True
damped_wave,5,64,15,4.795494671352645e-15,True,True,True
damped_wave,5,64,16,7.34363295417274e-15,True,True,True
damped_wave,5,64,17,6.682458099325769e-15,True,True,True
damped_wave,5,64,18,5.534847900869165e-16,True,True,True
damped_wave,5,64,19,1.8540492424212585e-17,True,True,True
damped_wave,5,64,20,2.792959200127262e-15,True,True,True
damped_wave,5,64,21,6.727740662470614e-15,True,True,True
damped_wave,5,64,22,1.938602983408929e-16,True,True,True
damped_wave,5,64,23,5.3256161114088266e-15,True,True,True
damped_wave,5,64,24,3.0155457951747593e-15,True,True,True
damped_wave,5,64,25,2.762985925249301e-15,True,True,True
damped_wave,5,64,26,2.5859870022186277e-15,True,True,True
damped_wave,5,64,27,1.3080916085806097e-16,True,True,True
damped_wave,5,64,28,1.7366945280818415e-15,True,True,True
damped_wave,5,64,29,8.270852684093287e-16,True,True,True
damped_wave,6,2,0,0.25734332090045897,True,True,True
damped_wave,6,2,1,0.1077717911240672,True,True,True
damped_wave,6,2,2,0.5866965292631241,True,True,True
damped_wave,6,2,3,0.3354613382362645,True,True,True
damped_wave,6,2,4,0.47134237635407333,True,True,True
damped_wave,6,2,5,0.42264341080963586,True,True,True
damped_wave,6,2,6,0.05551498364764478,True,True,True
damped_wave,6,2,7,0.1691894785426376,True,True,True
damped_wave,6,2,8,0.4209985324337978,True,True,True
damped_wave,6,2,9,0.38691934773863285,True,True,True
damped_wave,6,2,10,0.017642206045651726,True,True,True
damped_wave,6,2,11,0.17052062913032062,True,True,True
damped_wave,6,2,12,0.15108412678617575,True,True,True
damped_wave,6,2,13,0.14024174665103992,True,True,True
damped_wave,6,2,14,0.17234277442802934,True,True,True
damped_wave,6,2,15,0.5282221429298607,True,True,True
damped_wave,6,2,16,0.44272152560437195,True,True,True
damped_wave,6,2,17,0.29458429746967135,True,True,True
damped_wave,6,2,18,0.4185071643048531,True,True,True
damped_wave,6,2,19,0.13201817880613678,True,True,True
damped_wave,6,2,20,0.15149258299758234,True,True,True
damped_wave,6,2,21,0.5609751612421878,True,True,True
damped_wave,6,2,22,0.17389285241739363,True,True,True
damped_wave,6,2,23,0.278567939568425,True,True,True
damped_wave,6,2,24,0.4607713400815603,True,True,True
damped_wave,6,2,25,0.17790621261411024,True,True,True
damped_wave,6,2,26,0.18759013620017137,True,True,True
damped_wave,6,2,27,0.26973014399265055,True,True,True
damped_wave,6,2,28,0.14235834996757715,True,True,True
damped_wave,6,2,29,0.39844116036384003,True,True,True
damped_wave,6,4,0,0.28137315108127375,True,True,True
damped_wave,6,4,1,0.11202752781452865,True,True,True
damped_wave,6,4,2,0.4461601613710771,True,True,True
damped_wave,6,4,3,0.38863365658622434,True,True,True
damped_wave,6,4,4,0.49489280004437197,True,True,True
damped_wave,6,4,5,0.32482834519709725,True,True,True
damped_wave,6,4,6,0.04151894168063164,True,True,True
damped_wave,6,4,7,0.16533767492300705,True,True,True
damped_wave,6,4,8,0.40928497965291344,True,True,True
damped_wave,6,4,9,0.4671946468670027,True,True,True
damped_wave,6,4,10,0.009522024095092643,True,True,True
damped_wave,6,4,11,0.16301592247740077,True,True,True
damped_wave,6,4,12,0.16913965322378963,True,True,True
damped_wave,6,4,13,0.15440107462229435,True,True,True
damped_wave,6,4,14,0.22585363173939885,True,True,True
damped_wave,6,4,15,0.4360049646950411,True,True,True
damped_wave,6,4,16,0.4234087562571368,True,True,True
damped_wave,6,4,17,0.2716913708276647,True,True,True
damped_wave,6,4,18,0.33448544615982295,True,True,True
damped_wave,6,4,19,0.07430899454983432,True,True,True
damped_wave,6,4,20,0.14722312279771096,True,True,True
damped_wave,6,4,21,0.4990926810857686,True,True,True
damped_wave,6,4,22,0.2017224856234017,True,True,True
damped_wave,6,4,23,0.2774283706842208,True,True,True
damped_wave,6,4,24,0.4953017991083147,True,True,True
damped_wave,6,4,25,0.21932341927473933,True,True,True
damped_wave,6,4,26,0.1704456385823618,True,True,True
damped_wave,6,4,27,0.21046752084754733,True,True,True
damped_wave,6,4,28,0.1608919778310941,True,True,True
damped_wave,6,4,29,0.4820558499468332,True,True,True
damped_wave,6,8,0,0.2183888934720313,True,True,True
damped_wave,6,8,1,0.06054750123894355,True,True,True
damped_wave,6,8,2,0.05908521303081881,True,True,True
damped_wave,6,8,3,0.15552506169692662,True,True,True
damped_wave,6,8,4,0.264459945142423,True,True,True
damped_wave,6,8,5,0.016027020390659983,True,True,True
damped_wave,6,8,6,0.15797406631292332,True,True,True
damped_wave,6,8,7,0.2891326444216239,True,True,True
damped_wave,6,8,8,0.19796751170240398,True,True,True
damped_wave,6,8,9,0.5112586042223908,True,True,True
damped_wave,6,8,10,0.012680917387016691,True,True,True
damped_wave,6,8,11,0.21436404494524122,True,True,True
damped_wave,6,8,12,0.08501272254967977,True,True,True
damped_wave,6,8,13,0.08952160905290289,True,True,True
damped_wave,6,8,14,0.25515342441268785,True,True,True
damped_wave,6,8,15,0.3412801808491687,True,True,True
damped_wave,6,8,16,0.4170003015885207,True,True,True
damped_wave,6,8,17,0.2291921155500452,True,True,True
damped_wave,6,8,18,0.29454736862088976,True,True,True
damped_wave,6,8,19,0.05001052496026422,True,True,True
damped_wave,6,8,20,0.20728167486564972,True,True,True
damped_wave,6,8,21,0.2623161295056671,True,True,True
damped_wave,6,8,22,0.013480687764711953,True,True,True
damped_wave,6,8,23,0.2337198282250468,True,True,True
damped_wave,6,8,24,0.3176527179522786,True,True,True
damped_wave,6,8,25,0.11130791031899714,True,True,True
damped_wave,6,8,26,0.3640298832645436,True,True,True
damped_wave,6,8,27,0.193102168295609,True,True,True
damped_wave,6,8,28,0.09620058249565805,True,True,True
damped_wave,6,8,29,0.24035416885113414,True,True,True
damped_wave,6,16,0,0.02862492242976202,True,True,True
damped_wave,6,16,1,0.010934476364992465,True,True,True
damped_wave,6,16,2,0.08808961091856357,True,True,True
damped_wave,6,16,3,0.02890863931960677,True,True,True
damped_wave,6,16,4,0.10218639513974526,True,True,True
damped_wave,6,16,5,0.04831779128521432,True,True,True
damped_wave,6,16,6,0.028379364230054004,True,True,True
damped_wave,6,16,7,0.10425319237295777,True,True,True
damped_wave,6,16,8,0.022022561423238253,True,True,True
damped_wave,6,16,9,0.22847669982272956,True,True,True
damped_wave,6,16,10,0.0015374126049119419,True,True,True
damped_wave,6,16,11,0.05015655036131378,True,True,True
damped_wave,6,16,12,0.11726017814022313,True,True,True
damped_wave,6,16,13,0.05959469346100899,True,True,True
damped_wave,6,16,14,0.2799325243375558,True,True,True
damped_wave,6,16,15,0.025587057070272274,True,True,True
damped_wave,6,16,16,0.10996116901199877,True,True,True
damped_wave,6,16,17,0.12279720205184695,True,True,True
damped_wave,6,16,18,0.027481938812892875,True,True,True
damped_wave,6,16,19,0.10313463429195413,True,True,True
damped_wave,6,16,20,0.04074073047117217,True,True,True
damped_wave,6,16,21,0.04298081426299454,True,True,True
damped_wave,6,16,22,0.035551414356245245,True,True,True
damped_wave,6,16,23,0.17628508917022523,True,True,True
damped_wave,6,16,24,0.04036184827814701,True,True,True
damped_wave,6,16,25,0.10475444097027438,True,True,True
damped_wave,6,16,26,0.07999503129869197,True,True,True
damped_wave,6,16,27,0.23302898899551427,True,True,True
damped_wave,6,16,28,0.06771978582125349,True,True,True
damped_wave,6,16,29,0.036548378955222775,True,True,True
damped_wave,6,32,0,7.739782713039775e-16,True,True,True
damped_wave,6,32,1,4.0284900289038085e-16,True,True,True
damped_wave,6,32,2,5.426312088490016e-21,True,True,True
damped_wave,6,32,3,2.19849664626363e-16,True,True,True
damped_wave,6,32,4,3.136393597309712e-15,True,True,True
damped_wave,6,32,5,4.9843044057561e-15,True,True,True
damped_wave,6,32,6,7.930044445825475e-15,True,True,True
damped_wave,6,32,7,3.653058376574296e-15,True,True,True
damped_wave,6,32,8,2.2133301262746856e-15,True,True,True
damped_wave,6,32,9,6.2646286175062825e-15,True,True,True
damped_wave,6,32,10,3.1792111852783504e-17,True,True,True
damped_wave,6,32,11,5.035474128572656e-15,True,True,True
damped_wave,6,32,12,5.313149693645002e-16,True,True,True
damped_wave,6,32,13,4.983861380280554e-15,True,True,True
damped_wave,6,32,14,3.96059094637132e-15,True,True,True
damped_wave,6,32,15,1.6465026652039006e-15,True,True,True
damped_wave,6,32,16,1.981176183602388e-15,True,True,True
damped_wave,6,32,17,5.5222414651571515e-15,True,True,True
damped_wave,6,32,18,4.054279361460317e-15,True,True,True
damped_wave,6,32,19,6.210581603256208e-16,True,True,True
damped_wave,6,32,20,2.1470482885626847e-15,True,True,True
damped_wave,6,32,21,2.8059787499572336e-15,True,True,True
damped_wave,6,32,22,1.4702734375775473e-16,True,True,True
damped_wave,6,32,23,1.1688241876167715e-15,True,True,True
damped_wave,6,32,24,9.65590686427708e-16,True,True,True
damped_wave,6,32,25,8.470984758407448e-15,True,True,True
damped_wave,6,32,26,4.592256674417086e-15,True,True,True
damped_wave,6,32,27,2.447296719526809e-15,True,True,True
damped_wave,6,32,28,5.273941299419497e-15,True,True,True
damped_wave,6,32,29,8.014012918674132e-15,True,True,True
damped_wave,6,64,0,7.746761941924712e-16,True,True,True
damped_wave,6,64,1,2.0334911953367257e-16,True,True,True
damped_wave,6,64,2,1.0471280962562196e-15,True,True,True
damped_wave,6,64,3,1.4578149574798776e-27,True,True,True
damped_wave,6,64,4,3.1955139558904463e-15,True,True,True
damped_wave,6,64,5,1.3753850060192556e-15,True,True,True
damped_wave,6,64,6,1.6329982398169898e-15,True,True,True
damped_wave,6,64,7,4.5371708528391595e-15,True,True,True
damped_wave,6,64,8,6.7320603190529835e-15,True,True,True
damped_wave,6,64,9,5.136096116285572e-15,True,True,True
damped_wave,6,64,10,6.691676605584245e-20,True,True,True
damped_wave,6,64,11,7.78674640850078e-15,True,True,True
damped_wave,6,64,12,1.798071799601003e-15,True,True,True
damped_wave,6,64,13,5.447738146663814e-15,True,True,True
damped_wave,6,64,14,3.5476723272958194e-15,True,True,True
damped_wave,6,64,15,3.407437575760957e-15,True,True,True
damped_wave,6,64,16,8.044285453680459e-15,True,True,True
damped_wave,6,64,17,6.0910173131299325e-15,True,True,True
damped_wave,6,64,18,6.7543357503961675e-15,True,True,True
damped_wave,6,64,19,4.635181127810035e-15,True,True,True
damped_wave,6,64,20,2.5655548005359844e-15,True,True,True
damped_wave,6,64,21,9.27225791681004e-16,True,True,True
damped_wave,6,64,22,2.6964128148071774e-15,True,True,True
damped_wave,6,64,23,1.4270134138999085e-15,True,True,True
damped_wave,6,64,24,1.5578907303032646e-15,True,True,True
damped_wave,6,64,25,1.116197251234541e-14,True,True,True
damped_wave,6,64,26,2.030286305562259e-15,True,True,True
damped_wave,6,64,27,7.926159514078073e-16,True,True,True
damped_wave,6,64,28,3.573260845216562e-15,True,True,True
damped_wave,6,64,29,5.8534030767511626e-15,True,True,True
damped_wave,7,2,0,0.6286467349039601,True,True,True
damped_wave,7,2,1,0.2291219873243426,True,True,True
damped_wave,7,2,2,0.31754564556588083,True,True,True
damped_wave,7,2,3,0.9549326388962931,True,True,True
damped_wave,7,2,4,0.518593571560763,True,True,True
damped_wave,7,2,5,0.32909468663920055,True,True,True
damped_wave,7,2,6,0.3513163565006639,True,True,True
damped_wave,7,2,7,0.6499908387531406,True,True,True
damped_wave,7,2,8,0.35717449399079215,True,True,True
damped_wave,7,2,9,0.6192075951848615,True,True,True
damped_wave,7,2,10,0.3258512919422396,True,True,True
damped_wave,7,2,11,0.09169360449928361,True,True,True
damped_wave,7,2,12,0.708010225839831,True,True,True
damped_wave,7,2,13,0.37554180916718666,True,True,True
damped_wave,7,2,14,0.7736258975786625,True,True,True
damped_wave,7,2,15,0.8363370217829525,True,True,True
damped_wave,7,2,16,0.43796591641841853,True,True,True
damped_wave,7,2,17,0.5551071039052292,True,True,True
damped_wave,7,2,18,0.727590301945118,True,True,True
damped_wave,7,2,19,0.49642665080087733,True,True,True
damped_wave,7,2,20,0.41282231427714106,True,True,True
damped_wave,7,2,21,0.29384481656680483,True,True,True
damped_wave,7,2,22,0.412661968740751,True,True,True
damped_wave,7,2,23,0.38290103019705124,True,True,True
damped_wave,7,2,24,0.1578638039754051,True,True,True
damped_wave,7,2,25,0.4196728747502035,True,True,True
damped_wave,7,2,26,0.3293758476761604,True,True,True
damped_wave,7,2,27,0.36986505741060904,True,True,True
damped_wave,7,2,28,0.3878649608059783,True,True,True
damped_wave,7,2,29,0.5878292507416825,True,True,True
damped_wave,7,4,0,0.5434398317207186,True,True,True
damped_wave,7,4,1,0.09608998253165847,True,True,True
damped_wave,7,4,2,0.4713656285660072,True,True,True
damped_wave,7,4,3,0.6302213129313449,True,True,True
damped_wave,7,4,4,0.31227218502049225,True,True,True
damped_wave,7,4,5,0.34370423870592615,True,True,True
damped_wave,7,4,6,0.34885216985476175,True,True,True
damped_wave,7,4,7,0.35400408833441155,True,True,True
damped_wave,7,4,8,0.3078772688522109,True,True,True
damped_wave,7,4,9,0.5667764374107689,True,True,True
damped_wave,7,4,10,0.39069311628549325,True,True,True
damped_wave,7,4,11,0.07065974105139768,True,True,True
damped_wave,7,4,12,0.49703645477812414,True,True,True
damped_wave,7,4,13,0.5922738634612894,True,True,True
damped_wave,7,4,14,0.8428947566209938,True,True,True
damped_wave,7,4,15,0.40676887807254597,True,True,True
damped_wave,7,4,16,0.3354793890787031,True,True,True
damped_wave,7,4,17,0.5903608396584259,True,True,True
damped_wave,7,4,18,0.6639134164637358,True,True,True
damped_wave,7,4,19,0.34626060934060365,True,True,True
damped_wave,7,4,20,0.3286771337211655,True,True,True
damped_wave,7,4,21,0.3909218641268463,True,True,True
damped_wave,7,4,22,0.4401573405131831,True,True,True
damped_wave,7,4,23,0.4619615361568491,True,True,True
damped_wave,7,4,24,0.1851342559134069,True,True,True
damped_wave,7,4,25,0.39689727249655093,True,True,True
damped_wave,7,4,26,0.3587736926619264,True,True,True
damped_wave,7,4,27,0.50894352170418,True,True,True
damped_wave,7,4,28,0.3081781063063251,True,True,True
damped_wave,7,4,29,0.43973378885570663,True,True,True
damped_wave,7,8,0,0.23648450781799177,True,True,True
damped_wave,7,8,1,0.06949708505859674,True,True,True
damped_wave,7,8,2,0.05081924353141053,True,True,True
damped_wave,7,8,3,0.33041647034851546,True,True,True
damped_wave,7,8,4,0.1446750539866919,True,True,True
damped_wave,7,8,5,0.14692594711989995,True,True,True
damped_wave,7,8,6,0.4345675006009655,True,True,True
damped_wave,7,8,7,0.12117259161944646,True,True,True
damped_wave,7,8,8,0.29178539349612104,True,True,True
damped_wave,7,8,9,0.3395698037026333,True,True,True
damped_wave,7,8,10,0.19902769404399498,True,True,True
damped_wave,7,8,11,0.07514878223170504,True,True,True
damped_wave,7,8,12,0.21544738175110445,True,True,True
damped_wave,7,8,13,0.4935036566095777,True,True,True
damped_wave,7,8,14,0.5707406113598714,True,True,True
damped_wave,7,8,15,0.36946103763876437,True,True,True
damped_wave,7,8,16,0.08794443959881772,True,True,True
damped_wave,7,8,17,0.15985568697916974,True,True,True
damped_wave,7,8,18,0.36515799928178294,True,True,True
damped_wave,7,8,19,0.13795288902515898,True,True,True
damped_wave,7,8,20,0.34711609014718997,True,True,True
damped_wave,7,8,21,0.4830347320708819,True,True,True
damped_wave,7,8,22,0.7059629619468235,True,True,True
damped_wave,7,8,23,0.15969112700799398,True,True,True
damped_wave,7,8,24,0.2845471593082576,True,True,True
damped_wave,7,8,25,0.22442737541590177,True,True,True
damped_wave,7,8,26,0.13288889807822976,True,True,True
damped_wave,7,8,27,0.3129774067349574,True,True,True
damped_wave,7,8,28,0.30461648469638375,True,True,True
damped_wave,7,8,29,0.12766229391754774,True,True,True
damped_wave,7,16,0,0.0916520262977116,True,True,True
damped_wave,7,16,1,0.044817308019639714,True,True,True
damped_wave,7,16,2,0.1792207653466105,True,True,True
damped_wave,7,16,3,0.16279218321117633,True,True,True
damped_wave,7,16,4,0.08177313295314802,True,True,True
damped_wave,7,16,5,0.11022054590351323,True,True,True
damped_wave,7,16,6,0.3180072975819203,True,True,True
damped_wave,7,16,7,0.07373030940095247,True,True,True
damped_wave,7,16,8,0.11231528365753025,True,True,True
damped_wave,7,16,9,0.09568266520390199,True,True,True
damped_wave,7,16,10,0.08971718636347961,True,True,True
damped_wave,7,16,11,0.06300698443182748,True,True,True
damped_wave,7,16,12,0.32487550289046974,True,True,True
damped_wave,7,16,13,0.18561393862894893,True,True,True
damped_wave,7,16,14,0.19618790228233352,True,True,True
damped_wave,7,16,15,0.23116050542117983,True,True,True
damped_wave,7,16,16,0.0991190850223242,True,True,True
damped_wave,7,16,17,0.1714985930710911,True,True,True
damped_wave,7,16,18,0.0887044452845638,True,True,True
damped_wave,7,16,19,0.11807293091554953,True,True,True
damped_wave,7,16,20,0.5126832502187172,True,True,True
damped_wave,7,16,21,0.06723414569439681,True,True,True
damped_wave,7,16,22,0.22192824183306722,True,True,True
damped_wave,7,16,23,0.5338700450405497,True,True,True
damped_wave,7,16,24,0.14478271286033517,True,True,True
damped_wave,7,16,25,0.10844739130836933,True,True,True
damped_wave,7,16,26,0.3164706599844673,True,True,True
damped_wave,7,16,27,0.23203278063627072,True,True,True
damped_wave,7,16,28,0.09745483468966697,True,True,True
damped_wave,7,16,29,0.06939089271401115,True,True,True
damped_wave,7,32,0,1.3576162795482238e-14,True,True,True
damped_wave,7,32,1,8.691025601017571e-15,True,True,True
damped_wave,7,32,2,1.9933717627291163e-15,True,True,True
damped_wave,7,32,3,3.040975070887516e-15,True,True,True
damped_wave,7,32,4,7.689601258548164e-15,True,True,True
damped_wave,7,32,5,6.304730501740201e-15,True,True,True
damped_wave,7,32,6,7.405724257401252e-15,True,True,True
damped_wave,7,32,7,1.5345148037216686e-14,True,True,True
damped_wave,7,32,8,8.688145720841795e-15,True,True,True
damped_wave,7,32,9,4.123440230260823e-15,True,True,True
damped_wave,7,32,10,5.2342030861886856e-15,True,True,True
damped_wave,7,32,11,1.3196481303615857e-14,True,True,True
damped_wave,7,32,12,9.423030494651366e-15,True,True,True
damped_wave,7,32,13,5.6022759155697855e-15,True,True,True
damped_wave,7,32,14,2.1362257432993206e-14,True,True,True
damped_wave,7,32,15,2.267362357175576e-15,True,True,True
damped_wave,7,32,16,9.470727264018474e-15,True,True,True
damped_wave,7,32,17,2.3466370177332685e-15,True,True,True
damped_wave,7,32,18,8.26270561678022e-16,True,True,True
damped_wave,7,32,19,1.1655827799667491e-14,True,True,True
damped_wave,7,32,20,1.002757026387635e-14,True,True,True
damped_wave,7,32,21,3.4852356464911e-15,True,True,True
damped_wave,7,32,22,7.748142418530202e-15,True,True,True
damped_wave,7,32,23,2.6661617414437066e-15,True,True,True
damped_wave,7,32,24,7.204479390453728e-15,True,True,True
damped_wave,7,32,25,1.1111988200220784e-15,True,True,True
damped_wave,7,32,26,1.917641939435439e-15,True,True,True
damped_wave,7,32,27,1.5248221388700445e-15,True,True,True
damped_wave,7,32,28,1.2171687358526773e-14,True,True,True
damped_wave,7,32,29,1.7654361283180993e-14,True,True,True
damped_wave,7,64,0,2.1077432476893105e-15,True,True,True
damped_wave,7,64,1,8.14713431064168e-15,True,True,True
damped_wave,7,64,2,5.440349895224151e-15,True,True,True
damped_wave,7,64,3,2.570863103073706e-15,True,True,True
damped_wave,7,64,4,3.89662750482216e-15,True,True,True
damped_wave,7,64,5,1.0115470750312523e-14,True,True,True
damped_wave,7,64,6,3.1783657760478633e-15,True,True,True
damped_wave,7,64,7,6.776915343417536e-15,True,True,True
damped_wave,7,64,8,1.5348508710331679e-15,True,True,True
damped_wave,7,64,9,1.0420484462823164e-14,True,True,True
damped_wave,7,64,10,3.3920359425421687e-15,True,True,True
damped_wave,7,64,11,4.974549325111022e-16,True,True,True
damped_wave,7,64,12,7.839227299340045e-15,True,True,True
damped_wave,7,64,13,1.6789046830563606e-14,True,True,True
damped_wave,7,64,14,1.1719799532874956e-14,True,True,True
damped_wave,7,64,15,2.2361373346188987e-15,True,True,True
damped_wave,7,64,16,3.4607754521586897e-16,True,True,True
damped_wave,7,64,17,6.778911403028883e-15,True,True,True
damped_wave,7,64,18,2.4875940270335772e-15,True,True,True
damped_wave,7,64,19,1.6636001873473952e-14,True,True,True
damped_wave,7,64,20,2.2666765658735883e-14,True,True,True
damped_wave,7,64,21,3.367016953226698e-15,True,True,True
damped_wave,7,64,22,3.0536012122123166e-15,True,True,True
damped_wave,7,64,23,2.689743072107227e-15,True,True,True
damped_wave,7,64,24,1.2327137296794452e-14,True,True,True
damped_wave,7,64,25,3.5843723864246795e-15,True,True,True
damped_wave,7,64,26,3.955291498902103e-15,True,True,True
damped_wave,7,64,27,8.772930750524322e-15,True,True,True
damped_wave,7,64,28,4.155530093319886e-15,True,True,True
damped_wave,7,64,29,7.584255929717209e-15,True,True,True
damped_wave,8,2,0,0.31407094091340015,False,False,False
damped_wave,8,2,1,0.2916518989461128,False,False,False
damped_wave,8,2,2,0.3822054017151213,False,False,False
damped_wave,8,2,3,0.3689375583186131,False,False,False
damped_wave,8,2,4,0.32136972000170544,False,False,False
damped_wave,8,2,5,0.7573888386775699,False,False,False
damped_wave,8,2,6,0.32494742604964794,False,False,False
damped_wave,8,2,7,0.48357963617875693,False,False,False
damped_wave,8,2,8,0.42576393995584444,False,False,False
damped_wave,8,2,9,0.336544677565727,False,False,False
damped_wave,8,2,10,0.6378941126152448,False,False,False
damped_wave,8,2,11,0.2629869797221575,False,False,False
damped_wave,8,2,12,0.4108893480768111,False,False,False
damped_wave,8,2,13,0.6786189694264937,False,False,False
damped_wave,8,2,14,0.3926545622613176,False,False,False
damped_wave,8,2,15,0.7993581767368441,False,False,False
damped_wave,8,2,16,0.5025949022081295,False,False,False
damped_wave,8,2,17,0.7734003763012909,False,False,False
damped_wave,8,2,18,0.4618310430578332,False,False,False
damped_wave,8,2,19,0.6697465732356024,False,False,False
damped_wave,8,2,20,0.5135163362733358,False,False,False
damped_wave,8,2,21,0.5005010702627143,False,False,False
damped_wave,8,2,22,0.15004783245738337,False,False,False
damped_wave,8,2,23,0.6590333134685671,False,False,False
damped_wave,8,2,24,0.3881376047664199,False,False,False
damped_wave,8,2,25,0.46139030027039357,False,False,False
damped_wave,8,2,26,0.7581386385175372,False,False,False
damped_wave,8,2,27,0.4527233970908398,False,False,False
damped_wave,8,2,28,0.7291000943032828,False,False,False
damped_wave,8,2,29,0.4627525655577945,False,False,False
damped_wave,8,4,0,0.36467872121973866,False,False,False
damped_wave,8,4,1,0.16966386642705458,False,False,False
damped_wave,8,4,2,0.24837312434173492,False,False,False
damped_wave,8,4,3,0.2793345652575051,False,False,False
damped_wave,8,4,4,0.4097859219647836,False,False,False
damped_wave,8,4,5,0.5127780764401613,False,False,False
damped_wave,8,4,6,0.2536778454126748,False,False,False
damped_wave,8,4,7,0.27967765649848003,False,False,False
damped_wave,8,4,8,0.30308550029948045,False,False,False
damped_wave,8,4,9,0.2638756903567293,False,False,False
damped_wave,8,4,10,0.2507266969833803,False,False,False
damped_wave,8,4,11,0.3532692443836384,False,False,False
damped_wave,8,4,12,0.6971745667488167,False,False,False
damped_wave,8,4,13,0.26598350607225246,False,False,False
damped_wave,8,4,14,0.23861800930362778,False,False,False
damped_wave,8,4,15,0.19851662509247237,False,False,False
damped_wave,8,4,16,0.4356566361085377,False,False,False
damped_wave,8,4,17,0.35091976803721103,False,False,False
damped_wave,8,4,18,0.27389334066692134,False,False,False
damped_wave,8,4,19,0.10304416683700349,False,False,False
damped_wave,8,4,20,0.18022817902394941,False,False,False
damped_wave,8,4,21,0.41916152057104306,False,False,False
damped_wave,8,4,22,0.13329412879848046,False,False,False
damped_wave,8,4,23,0.584310292771064,False,False,False
damped_wave,8,4,24,0.1516307649723074,False,False,False
damped_wave,8,4,25,0.330089889376804,False,False,False
damped_wave,8,4,26,0.839162846380183,False,False,False
damped_wave,8,4,27,0.4409809139032215,False,False,False
damped_wave,8,4,28,0.29254809349717864,False,False,False
damped_wave,8,4,29,0.5156436930485592,False,False,False
damped_wave,8,8,0,0.26854847883193705,False,False,False
damped_wave,8,8,1,0.2520092158122081,False,False,False
damped_wave,8,8,2,0.23609504534878242,False,False,False
damped_wave,8,8,3,0.33554620438455757,False,False,False
damped_wave,8,8,4,0.3268995450046888,False,False,False
damped_wave,8,8,5,0.5503235828287674,False,False,False
damped_wave,8,8,6,0.18090492575478384,False,False,False
damped_wave,8,8,7,0.3092998307261951,False,False,False
damped_wave,8,8,8,0.2763725658760441,False,False,False
damped_wave,8,8,9,0.35091780433699266,False,False,False
damped_wave,8,8,10,0.23653374333688318,False,False,False
damped_wave,8,8,11,0.33846491806977674,False,False,False
damped_wave,8,8,12,0.6437080874590426,False,False,False
damped_wave,8,8,13,0.11886327079582969,False,False,False
damped_wave,8,8,14,0.2111293595330642,False,False,False
damped_wave,8,8,15,0.3516639499388674,False,False,False
damped_wave,8,8,16,0.305961936070291,False,False,False
damped_wave,8,8,17,0.258557725179588,False,False,False
damped_wave,8,8,18,0.2555588931044981,False,False,False
damped_wave,8,8,19,0.18138873302088138,False,False,False
damped_wave,8,8,20,0.18375425645180304,False,False,False
damped_wave,8,8,21,0.3353590760626412,False,False,False
damped_wave,8,8,22,0.1382201743888879,False,False,False
damped_wave,8,8,23,0.4776903853709145,False,False,False
damped_wave,8,8,24,0.15244983635109302,False,False,False
damped_wave,8,8,25,0.2828076740135881,False,False,False
damped_wave,8,8,26,0.8189623577048936,False,False,False
damped_wave,8,8,27,0.3787198112286341,False,False,False
damped_wave,8,8,28,0.31116067026023225,False,False,False
damped_wave,8,8,29,0.4106516208100159,False,False,False
damped_wave,8,16,0,0.12170484519982572,False,False,False
damped_wave,8,16,1,0.0307274001925829,False,False,False
damped_wave,8,16,2,0.1257645193181157,False,False,False
damped_wave,8,16,3,0.14285669500703485,False,False,False
damped_wave,8,16,4,0.03216088815130069,False,False,False
damped_wave,8,16,5,0.14240511546902265,False,False,False
damped_wave,8,16,6,0.07081272102252976,False,False,False
damped_wave,8,16,7,0.0865248853919652,False,False,False
damped_wave,8,16,8,0.04701197085414479,False,False,False
damped_wave,8,16,9,0.0243777432386325,False,False,False
damped_wave,8,16,10,0.06965353870759468,False,False,False
damped_wave,8,16,11,0.03914233332933234,False,False,False
damped_wave,8,16,12,0.09837917283674047,False,False,False
damped_wave,8,16,13,0.08541841351078559,False,False,False
damped_wave,8,16,14,0.012778075331662357,False,False,False
damped_wave,8,16,15,0.019039542815379742,False,False,False
damped_wave,8,16,16,0.0498318822621753,False,False,False
damped_wave,8,16,17,0.033007272637633346,False,False,False
damped_wave,8,16,18,0.010554661555938687,False,False,False
damped_wave,8,16,19,0.06545809850070716,False,False,False
damped_wave,8,16,20,0.08066873311570116,False,False,False
damped_wave,8,16,21,0.025544063479235445,False,False,False
damped_wave,8,16,22,0.03270394882202774,False,False,False
damped_wave,8,16,23,0.01879577429316893,False,False,False
damped_wave,8,16,24,0.008060403748215421,False,False,False
damped_wave,8,16,25,0.06247413692652758,False,False,False
damped_wave,8,16,26,0.2743264036597784,False,False,False
damped_wave,8,16,27,0.046640264643154024,False,False,False
damped_wave,8,16,28,0.08734977983194736,False,False,False
damped_wave,8,16,29,0.019376444859334218,False,False,False
damped_wave,8,32,0,5.603169956476354e-15,False,False,False
damped_wave,8,32,1,5.998958525273201e-15,False,False,False
damped_wave,8,32,2,5.78450488935936e-15,False,False,False
damped_wave,8,32,3,9.075428846000676e-15,False,False,False
damped_wave,8,32,4,5.459663245596811e-15,False,False,False
damped_wave,8,32,5,6.661232864205142e-15,False,False,False
damped_wave,8,32,6,4.1335169724261385e-15,False,False,False
damped_wave,8,32,7,2.2047800491593917e-15,False,False,False
damped_wave,8,32,8,9.729860688878478e-15,False,False,False
damped_wave,8,32,9,6.37240327157557e-15,False,False,False
damped_wave,8,32,10,2.184843582951992e-15,False,False,False
damped_wave,8,32,11,1.1629599756775578e-14,False,False,False
damped_wave,8,32,12,2.6099456929506203e-15,False,False,False
damped_wave,8,32,13,6.297520603395575e-15,False,False,False
damped_wave,8,32,14,7.612454543268517e-15,False,False,False
damped_wave,8,32,15,1.415771573391992e-15,False,False,False
damped_wave,8,32,16,1.70083673803737e-14,False,False,False
damped_wave,8,32,17,2.6567570746597477e-15,False,False,False
damped_wave,8,32,18,3.3719907845954245e-15,False,False,False
damped_wave,8,32,19,9.927929227763492e-16,False,False,False
damped_wave,8,32,20,8.667574647671966e-15,False,False,False
damped_wave,8,32,21,2.276228251851873e-15,False,False,False
damped_wave,8,32,22,1.783953880282319e-15,False,False,False
damped_wave,8,32,23,4.745716902488575e-15,False,False,False
damped_wave,8,32,24,5.2886162329117994e-15,False,False,False
damped_wave,8,32,25,9.043872689794354e-15,False,False,False
damped_wave,8,32,26,8.33278148641393e-15,False,False,False
damped_wave,8,32,27,3.098202691372707e-15,False,False,False
damped_wave,8,32,28,6.3354135048927554e-15,False,False,False
damped_wave,8,32,29,1.2421863717648965e-14,False,False,False
damped_wave,8,64,0,1.8045568955880706e-15,False,False,False
damped_wave,8,64,1,8.363400503120306e-15,False,False,False
damped_wave,8,64,2,4.773147550118005e-15,False,False,False
damped_wave,8,64,3,6.206736491407446e-15,False,False,False
damped_wave,8,64,4,3.728085173529587e-15,False,False,False
damped_wave,8,64,5,9.06830230786763e-16,False,False,False
damped_wave,8,64,6,1.1262763744545005e-14,False,False,False
damped_wave,8,64,7,2.424277050294323e-15,False,False,False
damped_wave,8,64,8,4.136887791543645e-15,False,False,False
damped_wave,8,64,9,6.937379673698956e-15,False,False,False
damped_wave,8,64,10,2.4654079815253646e-15,False,False,False
damped_wave,8,64,11,1.2028769118365382e-14,False,False,False
damped_wave,8,64,12,6.892327873893952e-15,False,False,False
damped_wave,8,64,13,7.278926846648951e-15,False,False,False
damped_wave,8,64,14,8.19914583936979e-15,False,False,False
damped_wave,8,64,15,2.2031669410858319e-16,False,False,False
damped_wave,8,64,16,1.3879963001347703e-14,False,False,False
damped_wave,8,64,17,2.502366208841779e-15,False,False,False
damped_wave,8,64,18,4.40924698791626e-15,False,False,False
damped_wave,8,64,19,7.4830914046302e-15,False,False,False
damped_wave,8,64,20,7.031812571207465e-15,False,False,False
damped_wave,8,64,21,6.149865780739118e-15,False,False,False
damped_wave,8,64,22,6.315896093424254e-15,False,False,False
damped_wave,8,64,23,1.932103818201663e-15,False,False,False
damped_wave,8,64,24,6.115239221507163e-15,False,False,False
damped_wave,8,64,25,1.0352938432558021e-14,False,False,False
damped_wave,8,64,26,3.962988592321507e-15,False,False,False
damped_wave,8,64,27,1.6927514610882718e-15,False,False,False
damped_wave,8,64,28,4.801064159462022e-15,False,False,False
damped_wave,8,64,29,8.911353720143206e-15,False,False,False
damped_wave,9,2,0,0.3914922266051479,False,False,False
damped_wave,9,2,1,0.32069050890388273,False,False,False
damped_wave,9,2,2,0.4200999657434851,False,False,False
damped_wave,9,2,3,0.882761090392858,False,False,False
damped_wave,9,2,4,0.6916190067033431,False,False,False
damped_wave,9,2,5,0.43279847540157457,False,False,False
damped_wave,9,2,6,0.6991075166725568,False,False,False
damped_wave,9,2,7,0.2776806893715599,False,False,False
damped_wave,9,2,8,0.24059761513335445,False,False,False
damped_wave,9,2,9,0.5843366424607414,False,False,False
damped_wave,9,2,10,0.5076391961219322,False,False,False
damped_wave,9,2,11,0.3932682557738165,False,False,False
damped_wave,9,2,12,0.27452912041734107,False,False,False
damped_wave,9,2,13,0.42295509701348566,False,False,False
damped_wave,9,2,14,0.480553520117642,False,False,False
damped_wave,9,2,15,0.37696796450012626,False,False,False
damped_wave,9,2,16,0.39570127771813024,False,False,False
damped_wave,9,2,17,0.3466111661018196,False,False,False
damped_wave,9,2,18,0.5285050882936055,False,False,False
damped_wave,9,2,19,0.37636891224477137,False,False,False
damped_wave,9,2,20,0.38554040116062854,False,False,False
damped_wave,9,2,21,0.34038929830387943,False,False,False
damped_wave,9,2,22,0.45246304103729024,False,False,False
damped_wave,9,2,23,0.39015532332845754,False,False,False
damped_wave,9,2,24,0.39681070934955964,False,False,False
damped_wave,9,2,25,0.339760009027876,False,False,False
damped_wave,9,2,26,0.4410155556208542,False,False,False
damped_wave,9,2,27,0.5453615927041161,False,False,False
damped_wave,9,2,28,0.5333046529494406,False,False,False
damped_wave,9,2,29,0.5243011682379342,False,False,False
damped_wave,9,4,0,0.1971128234710691,False,False,False
damped_wave,9,4,1,0.4099362218315699,False,False,False
damped_wave,9,4,2,0.414455178864363,False,False,False
damped_wave,9,4,3,0.12210726677163196,False,False,False
damped_wave,9,4,4,0.4360125019421007,False,False,False
damped_wave,9,4,5,0.29571161998459167,False,False,False
damped_wave,9,4,6,0.22111542958678132,False,False,False
damped_wave,9,4,7,0.12085251304751828,False,False,False
damped_wave,9,4,8,0.14587594521913758,False,False,False
damped_wave,9,4,9,0.33816592306246296,False,False,False
damped_wave,9,4,10,0.2857276941075362,False,False,False
damped_wave,9,4,11,0.20359838457682009,False,False,False
damped_wave,9,4,12,0.31172747546724094,False,False,False
damped_wave,9,4,13,0.19062668191142632,False,False,False
damped_wave,9,4,14,0.12299787848661584,False,False,False
damped_wave,9,4,15,0.10702189623862254,False,False,False
damped_wave,9,4,16,0.20295268376089146,False,False,False
damped_wave,9,4,17,0.13661094737896712,False,False,False
damped_wave,9,4,18,0.3108812991091499,False,False,False
damped_wave,9,4,19,0.3602015221979729,False,False,False
damped_wave,9,4,20,0.1977448616393721,False,False,False
damped_wave,9,4,21,0.10853616784102837,False,False,False
damped_wave,9,4,22,0.23523188557257627,False,False,False
damped_wave,9,4,23,0.1351370288551341,False,False,False
damped_wave,9,4,24,0.38526605643640677,False,False,False
damped_wave,9,4,25,0.1949201627020948,False,False,False
damped_wave,9,4,26,0.11985064755637677,False,False,False
damped_wave,9,4,27,0.5515387042377438,False,False,False
damped_wave,9,4,28,0.23203191521059735,False,False,False
damped_wave,9,4,29,0.2200830352416493,False,False,False
damped_wave,9,8,0,0.18990427711993438,False,False,False
damped_wave,9,8,1,0.4181677791441237,False,False,False
damped_wave,9,8,2,0.20417122429095247,False,False,False
damped_wave,9,8,3,0.13799869890001443,False,False,False
damped_wave,9,8,4,0.39893275407983925,False,False,False
damped_wave,9,8,5,0.21964623327713298,False,False,False
damped_wave,9,8,6,0.2877808143444887,False,False,False
damped_wave,9,8,7,0.10042478128896305,False,False,False
damped_wave,9,8,8,0.09832877038123602,False,False,False
damped_wave,9,8,9,0.07730643096591022,False,False,False
damped_wave,9,8,10,0.07764223176161282,False,False,False
damped_wave,9,8,11,0.07696114431572718,False,False,False
damped_wave,9,8,12,0.10880693537449956,False,False,False
damped_wave,9,8,13,0.17480698148684592,False,False,False
damped_wave,9,8,14,0.07347647859118249,False,False,False
damped_wave,9,8,15,0.17376188807082807,False,False,False
damped_wave,9,8,16,0.18389524061427087,False,False,False
damped_wave,9,8,17,0.07406797155472777,False,False,False
damped_wave,9,8,18,0.0922999694168427,False,False,False
damped_wave,9,8,19,0.13679828286335874,False,False,False
damped_wave,9,8,20,0.1256192709739732,False,False,False
damped_wave,9,8,21,0.1997465902542607,False,False,False
damped_wave,9,8,22,0.26628412188299677,False,False,False
damped_wave,9,8,23,0.07800642126845507,False,False,False
damped_wave,9,8,24,0.19431869445553174,False,False,False
damped_wave,9,8,25,0.1932804065479813,False,False,False
damped_wave,9,8,26,0.1451021157230881,False,False,False
damped_wave,9,8,27,0.08118985940585749,False,False,False
damped_wave,9,8,28,0.17727191644345117,False,False,False
damped_wave,9,8,29,0.09721238661059767,False,False,False
damped_wave,9,16,0,0.0789206191655579,False,False,False
damped_wave,9,16,1,0.16725308444625908,False,False,False
damped_wave,9,16,2,0.011267304558394965,False,False,False
damped_wave,9,16,3,0.018921299823570138,False,False,False
damped_wave,9,16,4,0.20033437574342028,False,False,False
damped_wave,9,16,5,0.016566647709222948,False,False,False
damped_wave,9,16,6,0.03785291637939278,False,False,False
damped_wave,9,16,7,0.13964899411220782,False,False,False
damped_wave,9,16,8,0.04008757752459281,False,False,False
damped_wave,9,16,9,0.024526512624299102,False,False,False
damped_wave,9,16,10,0.05262348500598893,False,False,False
damped_wave,9,16,11,0.016716972681903055,False,False,False
damped_wave,9,16,12,0.1589404184889153,False,False,False
damped_wave,9,16,13,0.052019344086643445,False,False,False
damped_wave,9,16,14,0.11063964886662583,False,False,False
damped_wave,9,16,15,0.14613313691586585,False,False,False
damped_wave,9,16,16,0.02652763547028028,False,False,False
damped_wave,9,16,17,0.06851675198617983,False,False,False
damped_wave,9,16,18,0.04664621910052621,False,False,False
damped_wave,9,16,19,0.019898519398934233,False,False,False
damped_wave,9,16,20,0.02957655162429443,False,False,False
damped_wave,9,16,21,0.010656371062089758,False,False,False
damped_wave,9,16,22,0.0646924556672398,False,False,False
damped_wave,9,16,23,0.11759656103940677,False,False,False
damped_wave,9,16,24,0.179573963980451,False,False,False
damped_wave,9,16,25,0.018194978739126195,False,False,False
damped_wave,9,16,26,0.09710197614433731,False,False,False
damped_wave,9,16,27,0.016911385969345376,False,False,False
damped_wave,9,16,28,0.07852958654796738,False,False,False
damped_wave,9,16,29,0.052283419408048114,False,False,False
damped_wave,9,32,0,3.4272863634600642e-15,False,False,False
damped_wave,9,32,1,9.775802068043603e-16,False,False,False
damped_wave,9,32,2,7.534644362963173e-15,False,False,False
damped_wave,9,32,3,4.310123814429736e-15,False,False,False
damped_wave,9,32,4,5.741740396104452e-15,False,False,False
damped_wave,9,32,5,7.502144873447328e-16,False,False,False
damped_wave,9,32,6,6.210527572645736e-15,False,False,False
damped_wave,9,32,7,3.696713516122917e-15,False,False,False
damped_wave,9,32,8,4.007482501733997e-15,False,False,False
damped_wave,9,32,9,3.4570871729187325e-15,False,False,False
damped_wave,9,32,10,7.091247602547491e-15,False,False,False
damped_wave,9,32,11,3.7644837740753376e-15,False,False,False
damped_wave,9,32,12,4.360464837880253e-15,False,False,False
damped_wave,9,32,13,3.2699545992492286e-15,False,False,False
damped_wave,9,32,14,4.219782618136772e-15,False,False,False
damped_wave,9,32,15,3.664484768934942e-15,False,False,False
damped_wave,9,32,16,4.59338862807162e-15,False,False,False
damped_wave,9,32,17,7.833265862018492e-15,False,False,False
damped_wave,9,32,18,3.2128163928520657e-15,False,False,False
damped_wave,9,32,19,5.0012756712627295e-15,False,False,False
damped_wave,9,32,20,1.7306045003380972e-15,False,False,False
damped_wave,9,32,21,4.591220127980493e-15,False,False,False
damped_wave,9,32,22,5.576056047962355e-15,False,False,False
damped_wave,9,32,23,8.63125255222544e-15,False,False,False
damped_wave,9,32,24,4.588806497464329e-15,False,False,False
damped_wave,9,32,25,2.9999336776147993e-15,False,False,False
damped_wave,9,32,26,3.571843070881292e-15,False,False,False
damped_wave,9,32,27,9.900329669371524e-16,False,False,False
damped_wave,9,32,28,2.2258933181341055e-15,False,False,False
damped_wave,9,32,29,2.5733453860648722e-15,False,False,False
damped_wave,9,64,0,4.233940879541838e-15,False,False,False
damped_wave,9,64,1,5.24330673883282e-15,False,False,False
damped_wave,9,64,2,5.217880503214679e-15,False,False,False
damped_wave,9,64,3,5.1987494869647555e-15,False,False,False
damped_wave,9,64,4,2.0644805822706232e-16,False,False,False
damped_wave,9,64,5,8.288764413348577e-15,False,False,False
damped_wave,9,64,6,4.235761947438875e-15,False,False,False
damped_wave,9,64,7,1.749540624499274e-15,False,False,False
damped_wave,9,64,8,7.1003591094913735e-15,False,False,False
damped_wave,9,64,9,4.905798102558974e-15,False,False,False
damped_wave,9,64,10,7.598683865423861e-15,False,False,False
damped_wave,9,64,11,6.101005047895453e-15,False,False,False
damped_wave,9,64,12,6.206411680748467e-15,False,False,False
damped_wave,9,64,13,2.3264047887541425e-15,False,False,False
damped_wave,9,64,14,8.678215074876828e-15,False,False,False
damped_wave,9,64,15,3.4577206279352232e-15,False,False,False
damped_wave,9,64,16,9.488654186951397e-15,False,False,False
damped_wave,9,64,17,5.445324123339072e-15,False,False,False
damped_wave,9,64,18,1.4187328859819854e-15,False,False,False
damped_wave,9,64,19,9.498776650878837e-15,False,False,False
damped_wave,9,64,20,2.0059916470086235e-15,False,False,False
damped_wave,9,64,21,4.649113126760443e-15,False,False,False
damped_wave,9,64,22,7.300695821695226e-15,False,False,False
damped_wave,9,64,23,1.4636052173689456e-14,False,False,False
damped_wave,9,64,24,2.4031047338587627e-15,False,False,False
damped_wave,9,64,25,3.854991070904252e-15,False,False,False
damped_wave,9,64,26,1.169710148510826e-15,False,False,False
damped_wave,9,64,27,1.7986991333290956e-15,False,False,False
damped_wave,9,64,28,4.1338697601752544e-15,False,False,False
damped_wave,9,64,29,9.90114599737444e-15,False,False,False
